-- MySQL dump 10.13  Distrib 5.6.17, for Win64 (x86_64)
--
-- Host: localhost    Database: support
-- ------------------------------------------------------
-- Server version	5.6.17

/*!40101 SET @OLD_CHARACTER_SET_CLIENT=@@CHARACTER_SET_CLIENT */;
/*!40101 SET @OLD_CHARACTER_SET_RESULTS=@@CHARACTER_SET_RESULTS */;
/*!40101 SET @OLD_COLLATION_CONNECTION=@@COLLATION_CONNECTION */;
/*!40101 SET NAMES utf8 */;
/*!40103 SET @OLD_TIME_ZONE=@@TIME_ZONE */;
/*!40103 SET TIME_ZONE='+00:00' */;
/*!40014 SET @OLD_UNIQUE_CHECKS=@@UNIQUE_CHECKS, UNIQUE_CHECKS=0 */;
/*!40014 SET @OLD_FOREIGN_KEY_CHECKS=@@FOREIGN_KEY_CHECKS, FOREIGN_KEY_CHECKS=0 */;
/*!40101 SET @OLD_SQL_MODE=@@SQL_MODE, SQL_MODE='NO_AUTO_VALUE_ON_ZERO' */;
/*!40111 SET @OLD_SQL_NOTES=@@SQL_NOTES, SQL_NOTES=0 */;

--
-- Current Database: `support`
--

CREATE DATABASE /*!32312 IF NOT EXISTS*/ `support` /*!40100 DEFAULT CHARACTER SET utf8 */;

USE `support`;

--
-- Table structure for table `ost__search`
--

DROP TABLE IF EXISTS `ost__search`;
/*!40101 SET @saved_cs_client     = @@character_set_client */;
/*!40101 SET character_set_client = utf8 */;
CREATE TABLE `ost__search` (
  `object_type` varchar(8) NOT NULL,
  `object_id` int(11) unsigned NOT NULL,
  `title` text,
  `content` text,
  PRIMARY KEY (`object_type`,`object_id`),
  FULLTEXT KEY `search` (`title`,`content`)
) ENGINE=InnoDB DEFAULT CHARSET=utf8;
/*!40101 SET character_set_client = @saved_cs_client */;

--
-- Dumping data for table `ost__search`
--

LOCK TABLES `ost__search` WRITE;
/*!40000 ALTER TABLE `ost__search` DISABLE KEYS */;
INSERT INTO `ost__search` VALUES ('H',1,'osTicket a été installé!','Merci d\'avoir choisi osTicket. Veuillez rejoidre les forums d\'osTicket et notre liste de diffusion afin de rester à jour sur les dernières nouvelles, les alertes de sécurité et les mises à jour. Les forums d\'osTicket sont également un excellent endroit pour obtenir aide, conseils, astuces ou pour aider d\'autres utilisateurs d\'osTicket. Outre les forums, le wiki d\'osTicket fournit une collection utile du matériel pédagogique, documentation et notes de la communauté. Nous accueillons vos contributions à la communauté d\'osTicket. Si vous êtes à la recherche d\'un meilleur niveau de support, nous fournissons des services professionnels et un support professionnel avec temps de réponse garantis et l\'accès à l\'équipe de développement de base. Nous pouvons également vous aider à personnaliser osTicket ou encore ajouter de nouvelles fonctionnalités au système pour répondre à vos besoins uniques. Si l\'idée de la gestion et de la mise à niveau de cette installation d\'osTicket est intimidante, vous pouvez essayer osTicket comme un service hébergé à http://www.supportsystem.com/ - aucune installation requise et nous pouvons importer vos données ! Avec l\'infrastructure clé en main de SupportSystem, vous obtenez le meilleur d\'osTicket, vous laissant libre de vous concentrer sur vos clients sans la charge de veiller à ce que l\'application soit stable, maintenue et sûre. Cordialement, - L\'équipe osTicket http://osticket.com/ PS. Il ne faut pas juste faire des clients heureux, faites d\'heureux clients !'),('H',2,'','osTicket est un système de ticket de support largement utilisé et open-source. C\'est une alternative intéressante aux systèmes de support plus coûteux et complexes - ses qualités : simple, léger, fiable, open-source, basé sur le web, facile à installer et à utiliser.'),('H',3,'Statut modifié','Statut modifié de Ouvert vers Fermé par Tristan Besson'),('H',4,'','Ceci est un test de ticketing'),('H',5,'','Bien recu ! Ceci est un test de ticketing'),('H',6,'Statut modifié','Statut modifié de Ouvert vers Fermé par Tristan Besson Ticket de test terminé'),('H',7,'','Au secours SOS'),('H',8,'Il soûle avec ses question','Il est un peu bête'),('H',9,'','C\'est corrigé !'),('H',10,'Statut modifié','Statut modifié de Ouvert vers Fermé par Tristan Besson'),('H',11,'','testt t'),('H',12,'','testt t'),('H',13,'Statut modifié','Statut modifié de Ouvert vers Fermé par Tristan Besson'),('H',14,'','bkalblablalbla'),('H',15,'','test2'),('H',16,'','Veuillez downgradé votre version de windows !'),('K',1,'Test question','testestestest'),('O',1,'osTicket','420 Desoto Street\nAlexandria, LA 71301\n(318) 290-3674\nhttp://osticket.com\nNon seulement nous développons le logiciel, nous l\'utilisons également pour gérer le support d\'osTicket. Laissez nous vous aider à rapidement mettre en place et tirer parti au maximum des fonctionnalités d\'osTicket. Contactez nous pour un accompagnement professionnel ou visitez notre site web pour accéder à la documentation et à l\'entraide communautaire.'),('T',1,'716347 osTicket a été installé!',''),('T',2,'491384 Test ticketing','Test ticketing'),('T',3,'331975 CA MARCHE PAS !','CA MARCHE PAS !'),('T',4,'627426 Test','Test'),('T',5,'410067 J\'ai windows 10 T_T','J\'ai windows 10 T_T'),('T',6,'575215 hohé test2','hohé test2'),('U',1,'Support osTicket','support@osticket.com'),('U',2,'Tristan BESSON',''),('U',3,'Sylvain JUBEAU',''),('U',4,'Arnaud POUZOLS','');
/*!40000 ALTER TABLE `ost__search` ENABLE KEYS */;
UNLOCK TABLES;

--
-- Table structure for table `ost_api_key`
--

DROP TABLE IF EXISTS `ost_api_key`;
/*!40101 SET @saved_cs_client     = @@character_set_client */;
/*!40101 SET character_set_client = utf8 */;
CREATE TABLE `ost_api_key` (
  `id` int(10) unsigned NOT NULL AUTO_INCREMENT,
  `isactive` tinyint(1) NOT NULL DEFAULT '1',
  `ipaddr` varchar(64) NOT NULL,
  `apikey` varchar(255) NOT NULL,
  `can_create_tickets` tinyint(1) unsigned NOT NULL DEFAULT '1',
  `can_exec_cron` tinyint(1) unsigned NOT NULL DEFAULT '1',
  `notes` text,
  `updated` datetime NOT NULL,
  `created` datetime NOT NULL,
  PRIMARY KEY (`id`),
  UNIQUE KEY `apikey` (`apikey`),
  KEY `ipaddr` (`ipaddr`)
) ENGINE=InnoDB DEFAULT CHARSET=utf8;
/*!40101 SET character_set_client = @saved_cs_client */;

--
-- Dumping data for table `ost_api_key`
--

LOCK TABLES `ost_api_key` WRITE;
/*!40000 ALTER TABLE `ost_api_key` DISABLE KEYS */;
/*!40000 ALTER TABLE `ost_api_key` ENABLE KEYS */;
UNLOCK TABLES;

--
-- Table structure for table `ost_attachment`
--

DROP TABLE IF EXISTS `ost_attachment`;
/*!40101 SET @saved_cs_client     = @@character_set_client */;
/*!40101 SET character_set_client = utf8 */;
CREATE TABLE `ost_attachment` (
  `object_id` int(11) unsigned NOT NULL,
  `type` char(1) NOT NULL,
  `file_id` int(11) unsigned NOT NULL,
  `inline` tinyint(1) unsigned NOT NULL DEFAULT '0',
  PRIMARY KEY (`object_id`,`file_id`,`type`)
) ENGINE=InnoDB DEFAULT CHARSET=utf8;
/*!40101 SET character_set_client = @saved_cs_client */;

--
-- Dumping data for table `ost_attachment`
--

LOCK TABLES `ost_attachment` WRITE;
/*!40000 ALTER TABLE `ost_attachment` DISABLE KEYS */;
INSERT INTO `ost_attachment` VALUES (1,'C',2,0),(8,'T',1,1),(9,'T',1,1),(10,'T',1,1),(11,'T',1,1),(12,'T',1,1),(13,'T',1,1);
/*!40000 ALTER TABLE `ost_attachment` ENABLE KEYS */;
UNLOCK TABLES;

--
-- Table structure for table `ost_canned_response`
--

DROP TABLE IF EXISTS `ost_canned_response`;
/*!40101 SET @saved_cs_client     = @@character_set_client */;
/*!40101 SET character_set_client = utf8 */;
CREATE TABLE `ost_canned_response` (
  `canned_id` int(10) unsigned NOT NULL AUTO_INCREMENT,
  `dept_id` int(10) unsigned NOT NULL DEFAULT '0',
  `isenabled` tinyint(1) unsigned NOT NULL DEFAULT '1',
  `title` varchar(255) NOT NULL DEFAULT '',
  `response` text NOT NULL,
  `lang` varchar(16) NOT NULL DEFAULT 'en_US',
  `notes` text,
  `created` datetime NOT NULL,
  `updated` datetime NOT NULL,
  PRIMARY KEY (`canned_id`),
  UNIQUE KEY `title` (`title`),
  KEY `dept_id` (`dept_id`),
  KEY `active` (`isenabled`)
) ENGINE=InnoDB AUTO_INCREMENT=3 DEFAULT CHARSET=utf8;
/*!40101 SET character_set_client = @saved_cs_client */;

--
-- Dumping data for table `ost_canned_response`
--

LOCK TABLES `ost_canned_response` WRITE;
/*!40000 ALTER TABLE `ost_canned_response` DISABLE KEYS */;
INSERT INTO `ost_canned_response` VALUES (1,0,1,'Qu\'est-ce que osTicket (exemple) ?','osTicket est un système de ticket de support largement utilisé et open-source. C\'est une alternative intéressante aux systèmes de support plus coûteux et complexes - ses qualités : simple, léger, fiable, open-source, basé sur le web, facile à installer et à utiliser.','en_US','','2015-12-01 09:25:04','2015-12-01 09:25:04'),(2,0,1,'Exemple (avec des variables)','Bonjour % {ticket.name.first}, <br /><br />Votre ticket #% {ticket.number} créé le % {ticket.create_date} est dans le département nommé \"% {ticket.dept.name}\".','en_US','','2015-12-01 09:25:04','2015-12-01 09:25:04');
/*!40000 ALTER TABLE `ost_canned_response` ENABLE KEYS */;
UNLOCK TABLES;

--
-- Table structure for table `ost_config`
--

DROP TABLE IF EXISTS `ost_config`;
/*!40101 SET @saved_cs_client     = @@character_set_client */;
/*!40101 SET character_set_client = utf8 */;
CREATE TABLE `ost_config` (
  `id` int(11) unsigned NOT NULL AUTO_INCREMENT,
  `namespace` varchar(64) NOT NULL,
  `key` varchar(64) NOT NULL,
  `value` text NOT NULL,
  `updated` timestamp NOT NULL DEFAULT CURRENT_TIMESTAMP,
  PRIMARY KEY (`id`),
  UNIQUE KEY `namespace` (`namespace`,`key`)
) ENGINE=InnoDB AUTO_INCREMENT=126 DEFAULT CHARSET=utf8;
/*!40101 SET character_set_client = @saved_cs_client */;

--
-- Dumping data for table `ost_config`
--

LOCK TABLES `ost_config` WRITE;
/*!40000 ALTER TABLE `ost_config` DISABLE KEYS */;
INSERT INTO `ost_config` VALUES (1,'core','admin_email','helpdesk@groupe-nox.com','2016-01-08 13:29:12'),(2,'core','helpdesk_url','http://localhost/Symfony/web/support/','2015-12-01 08:25:04'),(3,'core','helpdesk_title','Support Groupe Nox','2015-12-01 08:25:04'),(4,'core','schema_signature','b26f29a6bb5dbb3510b057632182d138','2015-12-01 08:25:04'),(5,'dept.1','assign_members_only','','2015-12-01 08:25:03'),(6,'dept.2','assign_members_only','','2015-12-01 08:25:03'),(7,'dept.3','assign_members_only','','2015-12-01 08:25:03'),(8,'sla.1','transient','0','2015-12-01 08:25:03'),(9,'list.1','configuration','{\"handler\":\"TicketStatusList\"}','2015-12-01 08:25:03'),(10,'core','time_format',' H:i','2015-12-01 08:25:03'),(11,'core','date_format','d/m/Y','2015-12-01 08:25:03'),(12,'core','datetime_format','d/m/Y G:i','2015-12-01 08:25:03'),(13,'core','daydatetime_format','D, M j Y G:i','2015-12-01 08:25:03'),(14,'core','default_timezone_id','15','2015-12-01 08:25:03'),(15,'core','default_priority_id','2','2015-12-01 08:25:03'),(16,'core','enable_daylight_saving','0','2015-12-01 08:25:03'),(17,'core','reply_separator','--Répondre au-dessus de cette ligne--','2015-12-01 08:25:03'),(18,'core','allowed_filetypes','.doc, .pdf, .jpg, .jpeg, .gif, .png, .xls, .docx, .xlsx, .txt','2015-12-01 08:25:03'),(19,'core','isonline','1','2015-12-01 08:25:03'),(20,'core','staff_ip_binding','0','2015-12-01 08:25:03'),(21,'core','staff_max_logins','10','2015-12-01 09:04:48'),(22,'core','staff_login_timeout','2','2015-12-01 08:25:03'),(23,'core','staff_session_timeout','30','2015-12-01 08:25:03'),(24,'core','passwd_reset_period','0','2015-12-01 08:25:03'),(25,'core','client_max_logins','10','2015-12-01 09:04:48'),(26,'core','client_login_timeout','2','2015-12-01 08:25:03'),(27,'core','client_session_timeout','30','2015-12-01 08:25:03'),(28,'core','max_page_size','25','2015-12-01 08:25:03'),(29,'core','max_open_tickets','0','2015-12-01 08:25:03'),(30,'core','max_file_size','67108864','2015-12-01 08:55:57'),(31,'core','max_user_file_uploads','1','2015-12-01 08:25:03'),(32,'core','max_staff_file_uploads','1','2015-12-01 08:25:03'),(33,'core','autolock_minutes','3','2015-12-01 08:25:03'),(34,'core','default_smtp_id','0','2015-12-01 08:25:03'),(35,'core','use_email_priority','0','2015-12-01 08:25:03'),(36,'core','enable_kb','1','2015-12-01 09:05:23'),(37,'core','enable_premade','1','2015-12-01 08:25:03'),(38,'core','enable_captcha','0','2015-12-01 08:25:03'),(39,'core','enable_auto_cron','0','2015-12-01 08:25:03'),(40,'core','enable_mail_polling','1','2016-01-04 15:06:16'),(41,'core','send_sys_errors','0','2015-12-01 09:06:21'),(42,'core','send_sql_errors','1','2015-12-01 08:25:03'),(43,'core','send_login_errors','1','2015-12-01 08:25:03'),(44,'core','save_email_headers','1','2015-12-01 08:25:03'),(45,'core','strip_quoted_reply','1','2015-12-01 08:25:03'),(46,'core','ticket_autoresponder','0','2015-12-01 08:25:03'),(47,'core','message_autoresponder','0','2015-12-01 08:25:03'),(48,'core','ticket_notice_active','1','2015-12-01 08:25:03'),(49,'core','ticket_alert_active','1','2015-12-01 08:25:03'),(50,'core','ticket_alert_admin','0','2015-12-01 09:06:21'),(51,'core','ticket_alert_dept_manager','1','2015-12-01 08:25:03'),(52,'core','ticket_alert_dept_members','1','2015-12-01 09:06:21'),(53,'core','message_alert_active','1','2015-12-01 08:25:03'),(54,'core','message_alert_laststaff','1','2015-12-01 08:25:03'),(55,'core','message_alert_assigned','1','2015-12-01 08:25:03'),(56,'core','message_alert_dept_manager','0','2015-12-01 08:25:03'),(57,'core','note_alert_active','0','2015-12-01 08:25:03'),(58,'core','note_alert_laststaff','1','2015-12-01 08:25:03'),(59,'core','note_alert_assigned','1','2015-12-01 08:25:03'),(60,'core','note_alert_dept_manager','0','2015-12-01 08:25:03'),(61,'core','transfer_alert_active','0','2015-12-01 08:25:03'),(62,'core','transfer_alert_assigned','0','2015-12-01 08:25:03'),(63,'core','transfer_alert_dept_manager','1','2015-12-01 08:25:03'),(64,'core','transfer_alert_dept_members','0','2015-12-01 08:25:03'),(65,'core','overdue_alert_active','1','2015-12-01 08:25:03'),(66,'core','overdue_alert_assigned','1','2015-12-01 08:25:03'),(67,'core','overdue_alert_dept_manager','1','2015-12-01 08:25:03'),(68,'core','overdue_alert_dept_members','0','2015-12-01 08:25:03'),(69,'core','assigned_alert_active','1','2015-12-01 08:25:03'),(70,'core','assigned_alert_staff','1','2015-12-01 08:25:03'),(71,'core','assigned_alert_team_lead','0','2015-12-01 08:25:03'),(72,'core','assigned_alert_team_members','0','2015-12-01 08:25:03'),(73,'core','auto_claim_tickets','1','2015-12-01 08:25:04'),(74,'core','show_related_tickets','0','2015-12-01 08:55:57'),(75,'core','show_assigned_tickets','1','2015-12-01 08:25:04'),(76,'core','show_answered_tickets','0','2015-12-01 08:25:04'),(77,'core','hide_staff_name','0','2015-12-01 08:25:04'),(78,'core','overlimit_notice_active','0','2015-12-01 08:25:04'),(79,'core','email_attachments','1','2015-12-01 08:25:04'),(80,'core','number_format','######','2015-12-01 08:25:04'),(81,'core','sequence_id','0','2015-12-01 08:25:04'),(82,'core','log_level','2','2015-12-01 08:25:04'),(83,'core','log_graceperiod','12','2015-12-01 08:25:04'),(84,'core','client_registration','public','2015-12-01 08:25:04'),(85,'core','landing_page_id','1','2015-12-01 08:25:04'),(86,'core','thank-you_page_id','2','2015-12-01 08:25:04'),(87,'core','offline_page_id','3','2015-12-01 08:25:04'),(88,'core','system_language','fr','2015-12-01 08:25:04'),(89,'mysqlsearch','reindex','0','2015-12-01 08:25:57'),(90,'core','default_email_id','3','2016-01-04 15:06:16'),(91,'core','alert_email_id','0','2016-01-08 13:29:12'),(92,'core','default_dept_id','1','2015-12-01 08:25:04'),(93,'core','default_sla_id','1','2015-12-01 08:25:04'),(94,'core','default_template_id','1','2015-12-01 08:25:04'),(95,'plugin.1','msad','','2015-12-01 08:33:58'),(96,'plugin.1','domain','nox.local','2015-12-01 08:33:58'),(97,'plugin.1','dns','192.168.35.10','2015-12-01 08:33:58'),(98,'plugin.1','ldap','','2015-12-01 08:33:58'),(99,'plugin.1','servers','SRV-NOX.nox.local','2015-12-01 08:33:58'),(100,'plugin.1','tls','0','2015-12-01 08:33:58'),(101,'plugin.1','conn_info','','2015-12-01 08:33:58'),(102,'plugin.1','bind_dn','DC=nox,DC=local','2015-12-01 08:33:58'),(103,'plugin.1','bind_pw','','2015-12-01 08:33:58'),(104,'plugin.1','search_base','DC=nox,DC=local','2015-12-01 08:33:58'),(105,'plugin.1','schema','{\"msad\":\"Microsoft\\u00ae Active Directory\"}','2015-12-01 08:33:58'),(106,'plugin.1','auth','','2015-12-01 08:33:58'),(107,'plugin.1','auth-staff','1','2015-12-01 08:33:58'),(108,'plugin.1','auth-client','1','2015-12-01 08:33:58'),(109,'core','client_logo_id','4','2015-12-01 09:25:06'),(110,'core','staff_logo_id','4','2015-12-01 09:25:06'),(111,'core','default_help_topic','0','2015-12-01 08:55:57'),(112,'core','default_ticket_status_id','1','2015-12-01 08:55:57'),(113,'core','enable_html_thread','1','2015-12-01 08:55:57'),(114,'core','allow_client_updates','0','2015-12-01 08:55:57'),(115,'core','allow_pw_reset','1','2015-12-01 09:04:48'),(116,'core','pw_reset_window','30','2015-12-01 09:04:48'),(117,'core','clients_only','1','2015-12-01 09:04:48'),(118,'core','client_verify_email','1','2015-12-01 09:04:48'),(119,'core','restrict_kb','0','2015-12-01 09:05:23'),(120,'core','ticket_alert_acct_manager','1','2015-12-01 09:06:21'),(121,'core','message_alert_acct_manager','0','2015-12-01 09:06:21'),(122,'pwreset','5T7F_YA5qcZ8L63l3KA5YnJNQLvevFXUN3TzIYCN=8PIoH0f','2','2016-01-04 12:50:24'),(123,'core','verify_email_addrs','1','2016-01-04 15:06:16'),(124,'core','accept_unregistered_email','1','2016-01-04 15:06:16'),(125,'core','add_email_collabs','1','2016-01-04 15:06:16');
/*!40000 ALTER TABLE `ost_config` ENABLE KEYS */;
UNLOCK TABLES;

--
-- Table structure for table `ost_content`
--

DROP TABLE IF EXISTS `ost_content`;
/*!40101 SET @saved_cs_client     = @@character_set_client */;
/*!40101 SET character_set_client = utf8 */;
CREATE TABLE `ost_content` (
  `id` int(10) unsigned NOT NULL AUTO_INCREMENT,
  `content_id` int(10) unsigned NOT NULL DEFAULT '0',
  `isactive` tinyint(1) unsigned NOT NULL DEFAULT '0',
  `type` varchar(32) NOT NULL DEFAULT 'other',
  `name` varchar(255) NOT NULL,
  `body` text NOT NULL,
  `lang` varchar(16) NOT NULL DEFAULT 'en_US',
  `notes` text,
  `created` datetime NOT NULL,
  `updated` datetime NOT NULL,
  PRIMARY KEY (`id`),
  UNIQUE KEY `name` (`name`)
) ENGINE=InnoDB AUTO_INCREMENT=13 DEFAULT CHARSET=utf8;
/*!40101 SET character_set_client = @saved_cs_client */;

--
-- Dumping data for table `ost_content`
--

LOCK TABLES `ost_content` WRITE;
/*!40000 ALTER TABLE `ost_content` DISABLE KEYS */;
INSERT INTO `ost_content` VALUES (1,1,1,'landing','Page d’accueil','<h1>Bienvenue au centre de Support</h1>\n<p>\nAfin de simplifier les demandes de support et de mieux vous servir, nous\nutilisons un système de gestion de ticket. A chaque demande de support\nest attribué un numéro de ticket unique vous permettant de suivre en\nligne sa progression et les réponses apportées. Pour votre information,\nnous fournissons des archives et un historique complet de toutes vos\ndemandes de support. Une adresse e-mail valide est nécessaire pour\nsoumettre un ticket.\n</p>','fr','La page d’accueil se réfère au contenu de la vue initiale du Portail client. Le modèle modifie le contenu vu au dessus des deux liens <strong>Ouvrir un nouveau ticket</strong> et <strong> Verifier le status d\'un ticket</strong>.','2015-12-01 09:25:04','2015-12-01 09:25:04'),(2,2,1,'thank-you','Merci','<div>%{ticket.name},\n<br>\n<br>\nMerci de nous avoir contacté.\n<br>\n<br>\nUne demande de ticket de support a été créée. Un membre de l\'équipe support\nvous contactera sous peu si nécessaire.\n</p>\n<br><br>\nL\'équipe support </div>','fr','La page de remerciement est affichée sur le portail client quand un utilisateur crée un nouveau ticket via le portail client.','2015-12-01 09:25:04','2015-12-01 09:25:04'),(3,3,1,'offline','Hors-ligne','<div><h1> <span style=\"font-size: medium\">  Support hors Ligne</span></h1> <p>Merci d\'utiliser notre outil de support.</p> <p>Notre helpdesk est actuellement hors ligne . Veuillez réessayer ultérieurement.</p> </div>','fr','La page hors connexion s\'affiche dans le portail client lorsque le support d\'assistance est hors connexion.','2015-12-01 09:25:04','2015-12-01 09:25:04'),(4,4,1,'registration-staff','Bienvenue sur osTicket','<h3><strong>Bonjour %{recipient.name.first},</strong></h3> <div>Nous vous avons créé un compte sur notre support d\'assistance & l\'adresse %{url}.<br/><br/> Veuillez suivre le lien ci-dessous pour confirmer votre compte et accédez à vos billets. <br/><br/><a href=\"%{link}\">%{link}</a><br/><br/><em style=\"font-size: small\">Votre système d\'assistance<br/> %{company.name}</em></div>','fr','Ce modèle définit le courriel initial (facultatif) transmis aux Agents lorsqu\'un compte est créé en leur nom.','2015-12-01 09:25:04','2015-12-01 09:25:04'),(5,5,1,'pwreset-staff','Réinitialisation du mot de passe pour le personnel d\'osTicket','<h3><strong>Bonjour %{staff.name.first},</strong></h3> <div>Une demande de réinitialisation de mot de passe a été soumise à votre place pour le service d\'assistance à %{url}. <br /><br />Si vous pensez que cela a été fait par erreur, supprimez et ignorer ce mail. Votre compte est toujours sécurisé et personne n\'y a eu accès. Il n\'est pas verrouillé et votre mot de passe n\'a pas été réinitialisé. Quelqu\'un pourrait avoir par erreur entré votre courriel. <br /><br />Suivez le lien ci-dessous pour vous connecter au support d\'assistance et changer votre mot de passe. <br/><br/><a href=\"%{link}\">%{link}</a><br/><br/><em style=\"font-size: small\">amicalement, votre système de Support</em><br /><img src=\"cid:b56944cb4722cc5cda9d1e23a3ea7fbc\" alt=\"Powered by osTicket\" width=\"126\" height=\"19\" style=\"width: 126px\" /></div>','fr','Ce modèle définit le courriel envoyé aux employés qui choisissent le lien <strong>J\'ai oublié mon mot de passe</strong> sur la page de connexion du personnel.','2015-12-01 09:25:04','2015-12-01 09:25:04'),(6,6,1,'banner-staff','Authentification requise','','fr','Ceci est la bannière et le message initial montré sur la page de connexion de l’équipe. Le premier champ entré fait référence au texte en rouge qui apparaît en haut. Le composant texte est pour créer le contenu de la bannière qui servira d\'avertissement.','2015-12-01 09:25:04','2015-12-01 09:25:04'),(7,7,1,'registration-client','Bienvenue sur %{company.name}','<h3><strong>Bonjour %{recipient.name.first},</strong></h3> <div>Nous vous avons créé un compte sur notre support d\'assistance à l\'adresse %{url}.<br/><br/>Veuillez suivre le lien ci-dessous pour confirmer votre compte et accéder à vos billets. <br/><br/><a href=\"%{link}\">%{link}</a><br/><br/><em style=\"font-size: small\">Cordialement <br />%{company.name}</em></div>','fr','Ce modèle définit le courriel envoyé aux clients lorsque leur compte a été créé dans le portail client ou par un agent à leur place. Ce courriel permet la vérification de cette adresse. Merci d\'utiliser %{link} quelque part dans le corps de ce modèle.','2015-12-01 09:25:04','2015-12-01 09:25:04'),(8,8,1,'pwreset-client','%{company.name} Accès au support d\'assistance','<h3><strong>Bonjour %{user.name.first},</strong></h3><div> Une demande de réinitialisation de mot de passe a été faite à votre place pour le service d\'assistance à %{url}.<br/><br/>Si vous pensez que cela a été fait par erreur,  veuillez supprimer et ignorer ce message. Votre compte est toujours sécurisé et personne n\'y a eu accès. Il n\'est pas verrouillé et votre mot de passe n\'a pas été réinitialisé. Quelqu\'un pourrait avoir entré votre courriel par erreur. <br/><br/>Suivez le lien ci-dessous pour vous connecter au support d\'assistance et changer votre mot de passe. <br/><br/><a href=\"%{link}\">%{link}</a><br/><br/><em style=\"font-size: small\">Amicalement, votre système d\'assistance <br/>%{company.name}</em></div>','fr','Ce modèle définit le courriel envoyé aux Clients qui cliquent sur le lien <strong>J\'ai oublié mon mot de passe</strong> sur la page de connexion du Client.','2015-12-01 09:25:04','2015-12-01 09:25:04'),(9,9,1,'banner-client','Connectez-vous à %{company.name}','Afin de pouvoir mieux les servir, nous encourageons nos Clients à ouvrir un compte.','fr','Ceci compose l\'en-tête de la page de connexion du Client. Ceci peut être utile pour informer vos clients sur vos politiques d\'enregistrement et de connexions.','2015-12-01 09:25:04','2015-12-01 09:25:04'),(10,10,1,'registration-confirm','Enregistrement d\'un compte','<div><strong>Merci pour l\'ouverture d\'un compte.</strong><br/><br />Nous venons juste de vous envoyer un courriel à l\'adresse que vous avez entré. Veuillez suivre ce lien pour confirmer votre compte et accédez à vos billets.</div>','fr','Ces modèles définissent la page présentée aux Clients après avoir terminé le formulaire d\'inscription. Le modèle devrait mentionner que le système leur envoie un lien de confirmation par courriel et quelle est la prochaine étape dans le processus d\'inscription.','2015-12-01 09:25:04','2015-12-01 09:25:04'),(11,11,1,'registration-thanks','Compte confirmé!','<div><strong>Merci pour la création d\'un compte.</strong><br/><br/>Vous avez confirmé votre courriel et activé votre compte. Vous pouvez désormais ouvrir un nouveau billet ou gérer les billets existants. <br/><br/><em>Votre centre d\'assistance</em><br/> %{company.name}</div>','fr','Ce modèle définit le contenu affiché quand des clients s\'inscrivent avec succès en confirmant leur compte. Cette page doit informer l\'utilisateur que l\'inscription est terminée et que le client peut maintenant soumettre un ticket ou accéder des tickets existants.','2015-12-01 09:25:04','2015-12-01 09:25:04'),(12,12,1,'access-link','Lien d\'accès billet [#%{ticket.number}]','<h3><strong>Bonjour %{recipient.name.first},</strong></h3> <div>Une demande de lien  pour le billet #%{ticket.number} a été faite à votre place pour le service d\'assistance sur %{url}.<br/><br/> suivez le lien ci-dessous pour vérifier l\'état du billet #%{ticket.number}.<br/><br/><a href=\"%{recipient.ticket_link}\">%{recipient.ticket_link}</a><br/><br/>si vous <strong>n\'avez pas</strong> fait la demande, veuillez supprimer et ignorer ce courriel. Votre compte est toujours sécurisé et personne n\'a eu accès aux billets. Un tiers pourrait avoir entré par erreur votre courriel. <br/><br/>--<br/> %{company.name}</div>','fr','Ce modèle définit la notification qui est envoyée aux clients les prévenant qu\'un lien d\'accès a été envoyé à leur courriel. Le numéro de ticket et le courriel créent le lien d\'accès.','2015-12-01 09:25:04','2015-12-01 09:25:04');
/*!40000 ALTER TABLE `ost_content` ENABLE KEYS */;
UNLOCK TABLES;

--
-- Table structure for table `ost_department`
--

DROP TABLE IF EXISTS `ost_department`;
/*!40101 SET @saved_cs_client     = @@character_set_client */;
/*!40101 SET character_set_client = utf8 */;
CREATE TABLE `ost_department` (
  `dept_id` int(11) unsigned NOT NULL AUTO_INCREMENT,
  `tpl_id` int(10) unsigned NOT NULL DEFAULT '0',
  `sla_id` int(10) unsigned NOT NULL DEFAULT '0',
  `email_id` int(10) unsigned NOT NULL DEFAULT '0',
  `autoresp_email_id` int(10) unsigned NOT NULL DEFAULT '0',
  `manager_id` int(10) unsigned NOT NULL DEFAULT '0',
  `dept_name` varchar(128) NOT NULL DEFAULT '',
  `dept_signature` text NOT NULL,
  `ispublic` tinyint(1) unsigned NOT NULL DEFAULT '1',
  `group_membership` tinyint(1) NOT NULL DEFAULT '0',
  `ticket_auto_response` tinyint(1) NOT NULL DEFAULT '1',
  `message_auto_response` tinyint(1) NOT NULL DEFAULT '0',
  `updated` datetime NOT NULL,
  `created` datetime NOT NULL,
  PRIMARY KEY (`dept_id`),
  UNIQUE KEY `dept_name` (`dept_name`),
  KEY `manager_id` (`manager_id`),
  KEY `autoresp_email_id` (`autoresp_email_id`),
  KEY `tpl_id` (`tpl_id`)
) ENGINE=InnoDB AUTO_INCREMENT=4 DEFAULT CHARSET=utf8;
/*!40101 SET character_set_client = @saved_cs_client */;

--
-- Dumping data for table `ost_department`
--

LOCK TABLES `ost_department` WRITE;
/*!40000 ALTER TABLE `ost_department` DISABLE KEYS */;
INSERT INTO `ost_department` VALUES (1,0,0,0,0,0,'Support','Service support',1,1,1,1,'2015-12-01 09:25:03','2015-12-01 09:25:03'),(2,0,1,0,0,0,'Ventes','Vente et fidélisation du client',1,1,1,1,'2015-12-01 09:25:03','2015-12-01 09:25:03'),(3,0,0,0,0,0,'Maintenance','Service maintenance',0,0,1,1,'2015-12-01 09:25:03','2015-12-01 09:25:03');
/*!40000 ALTER TABLE `ost_department` ENABLE KEYS */;
UNLOCK TABLES;

--
-- Table structure for table `ost_draft`
--

DROP TABLE IF EXISTS `ost_draft`;
/*!40101 SET @saved_cs_client     = @@character_set_client */;
/*!40101 SET character_set_client = utf8 */;
CREATE TABLE `ost_draft` (
  `id` int(11) unsigned NOT NULL AUTO_INCREMENT,
  `staff_id` int(11) unsigned NOT NULL,
  `namespace` varchar(32) NOT NULL DEFAULT '',
  `body` text NOT NULL,
  `extra` text,
  `created` timestamp NOT NULL DEFAULT CURRENT_TIMESTAMP,
  `updated` timestamp NULL DEFAULT NULL,
  PRIMARY KEY (`id`)
) ENGINE=InnoDB AUTO_INCREMENT=35 DEFAULT CHARSET=utf8;
/*!40101 SET character_set_client = @saved_cs_client */;

--
-- Dumping data for table `ost_draft`
--

LOCK TABLES `ost_draft` WRITE;
/*!40000 ALTER TABLE `ost_draft` DISABLE KEYS */;
INSERT INTO `ost_draft` VALUES (2,1,'page.1',' <h1>Bienvenue au centre de Support</h1> Afin de simplifier les demandes de support et de mieux vous servir, nous utilisons un système de gestion de ticket. A chaque demande de support est attribué un numéro de ticket unique vous permettant de suivre en ligne sa progression et les réponses apportées. Pour votre information, nous fournissons des archives et un historique complet de toutes vos demandes de support. Une adresse e-mail valide est nécessaire pour soumettre un ticket. <br /> ',NULL,'2015-12-01 09:06:38','2015-12-01 09:06:48'),(3,3,'ticket.client.ildfo7s86b92','',NULL,'2015-12-22 12:08:25',NULL),(4,3,'ticket.client.sb7a1ksrlgs0','',NULL,'2015-12-22 12:32:36',NULL),(5,2,'tpl.note.alert.1',' <h3><strong>Bonjour %{recipient.name},</strong></h3> Un agent à posté une note interne sur le ticket <a href=\"%%7Bticket.staff_link%7D\">#%{ticket.number}</a> <br /><br /><table><tbody> <tr> <td> <strong>De</strong>: </td> <td> %{note.poster} </td> </tr> <tr> <td> <strong>Titre</strong>: </td> <td> %{note.title} </td> </tr> </tbody></table> <br /> %{note.message} <br /><br /><hr /> Pour voir/répondre au ticket, merci de vous <a href=\"%%7Bticket.staff_link%7D\">connecter</a> au support <br /><br /><em>L\'équipe du support</em> <br /><img src=\"cid:b56944cb4722cc5cda9d1e23a3ea7fbc\" alt=\"Powered by osTicket\" width=\"126\" height=\"19\" style=\"width:126px\" /> ',NULL,'2015-12-22 12:53:06','2015-12-22 12:53:16'),(6,2,'tpl.message.alert.1',' <h3><strong>Bonjour %{recipient},</strong></h3> Nouveau message ajouté au ticket <a href=\"%%7Bticket.staff_link%7D\">#%{ticket.number}</a> <br /><br /><table><tbody> <tr> <td> <strong>De</strong>: </td> <td> %{ticket.name} &lt;%{ticket.email}&gt; </td> </tr> <tr> <td> <strong>Département</strong>: </td> <td> %{ticket.dept.name} </td> </tr> </tbody></table> <br /> %{message} <br /><br /><hr /> <div>Pour visualiser ou répondre au ticket, merci de vous <a href=\"%%7Bticket.staff_link%7D\"><span style=\"color:rgb(84, 141, 212)\">connecter</span></a> au système de support par ticket</div> <em style=\"color:rgb(127, 127, 127)\">Votre Système de Support Client dévoué</em><br /><img src=\"cid:b56944cb4722cc5cda9d1e23a3ea7fbc\" alt=\"Powered by osTicket\" width=\"126\" height=\"23\" style=\"width:126px\" /> ',NULL,'2015-12-22 12:53:12','2015-12-22 12:53:22'),(7,2,'ticket.response.2','Bonjour % {ticket.name.first}, <br /><br />Votre ticket #% {ticket.number} créé le % {ticket.create_date} est dans le département nommé \"% {ticket.dept.name}\".',NULL,'2015-12-22 12:54:16','2015-12-22 12:54:26'),(8,2,'ticket.note.2','',NULL,'2015-12-22 12:54:16','2015-12-22 12:54:26'),(9,2,'ticket.client.ih8a0soa0sh3','',NULL,'2015-12-22 13:05:15',NULL),(10,3,'ticket.client.7rj92cnvt003','',NULL,'2015-12-22 13:07:05',NULL),(11,3,'ticket.client.1b09tu8ltgi4','',NULL,'2015-12-22 13:08:14','2015-12-22 13:08:24'),(12,1,'ticket.response.1','',NULL,'2016-01-04 12:48:48','2016-01-04 12:48:58'),(13,1,'ticket.note.1','',NULL,'2016-01-04 12:48:48','2016-01-04 12:48:58'),(19,1,'ticket.response.3','',NULL,'2016-01-04 15:04:48','2016-01-04 15:04:57'),(20,1,'ticket.note.3','',NULL,'2016-01-04 15:04:48','2016-01-04 15:04:58'),(27,4,'ticket.client.5','',NULL,'2016-01-07 13:53:29','2016-01-08 08:38:12'),(29,4,'ticket.client.6','',NULL,'2016-01-07 13:53:55',NULL),(31,3,'ticket.note.5','',NULL,'2016-01-07 13:56:32','2016-01-07 13:58:21'),(32,3,'ticket.response.5','',NULL,'2016-01-07 13:57:42','2016-01-07 13:58:21'),(33,1,'ticket.response.6','',NULL,'2016-01-08 13:15:29',NULL),(34,1,'ticket.note.6','',NULL,'2016-01-08 13:15:29',NULL);
/*!40000 ALTER TABLE `ost_draft` ENABLE KEYS */;
UNLOCK TABLES;

--
-- Table structure for table `ost_email`
--

DROP TABLE IF EXISTS `ost_email`;
/*!40101 SET @saved_cs_client     = @@character_set_client */;
/*!40101 SET character_set_client = utf8 */;
CREATE TABLE `ost_email` (
  `email_id` int(11) unsigned NOT NULL AUTO_INCREMENT,
  `noautoresp` tinyint(1) unsigned NOT NULL DEFAULT '0',
  `priority_id` tinyint(3) unsigned NOT NULL DEFAULT '2',
  `dept_id` tinyint(3) unsigned NOT NULL DEFAULT '0',
  `topic_id` int(11) unsigned NOT NULL DEFAULT '0',
  `email` varchar(255) NOT NULL DEFAULT '',
  `name` varchar(255) NOT NULL DEFAULT '',
  `userid` varchar(255) NOT NULL,
  `userpass` varchar(255) CHARACTER SET ascii NOT NULL,
  `mail_active` tinyint(1) NOT NULL DEFAULT '0',
  `mail_host` varchar(255) NOT NULL,
  `mail_protocol` enum('POP','IMAP') NOT NULL DEFAULT 'POP',
  `mail_encryption` enum('NONE','SSL') NOT NULL,
  `mail_port` int(6) DEFAULT NULL,
  `mail_fetchfreq` tinyint(3) NOT NULL DEFAULT '5',
  `mail_fetchmax` tinyint(4) NOT NULL DEFAULT '30',
  `mail_archivefolder` varchar(255) DEFAULT NULL,
  `mail_delete` tinyint(1) NOT NULL DEFAULT '0',
  `mail_errors` tinyint(3) NOT NULL DEFAULT '0',
  `mail_lasterror` datetime DEFAULT NULL,
  `mail_lastfetch` datetime DEFAULT NULL,
  `smtp_active` tinyint(1) DEFAULT '0',
  `smtp_host` varchar(255) NOT NULL,
  `smtp_port` int(6) DEFAULT NULL,
  `smtp_secure` tinyint(1) NOT NULL DEFAULT '1',
  `smtp_auth` tinyint(1) NOT NULL DEFAULT '1',
  `smtp_spoofing` tinyint(1) unsigned NOT NULL DEFAULT '0',
  `notes` text,
  `created` datetime NOT NULL,
  `updated` datetime NOT NULL,
  PRIMARY KEY (`email_id`),
  UNIQUE KEY `email` (`email`),
  KEY `priority_id` (`priority_id`),
  KEY `dept_id` (`dept_id`)
) ENGINE=InnoDB AUTO_INCREMENT=4 DEFAULT CHARSET=utf8;
/*!40101 SET character_set_client = @saved_cs_client */;

--
-- Dumping data for table `ost_email`
--

LOCK TABLES `ost_email` WRITE;
/*!40000 ALTER TABLE `ost_email` DISABLE KEYS */;
INSERT INTO `ost_email` VALUES (1,0,2,1,0,'support@groupe-nox.com','Support','','',0,'','POP','NONE',NULL,5,30,NULL,0,0,NULL,NULL,0,'',NULL,1,1,0,NULL,'2015-12-01 09:25:04','2015-12-01 09:25:04'),(2,0,2,1,0,'alerts@groupe-nox.com','osTicket Alerts','','',0,'','POP','NONE',NULL,5,30,NULL,0,0,NULL,NULL,0,'',NULL,1,1,0,NULL,'2015-12-01 09:25:04','2015-12-01 09:25:04'),(3,0,2,1,0,'noreply@groupe-nox.com','','','',0,'','POP','NONE',NULL,5,30,NULL,0,0,NULL,NULL,0,'',NULL,1,1,0,NULL,'2015-12-01 09:25:04','2015-12-01 09:25:04');
/*!40000 ALTER TABLE `ost_email` ENABLE KEYS */;
UNLOCK TABLES;

--
-- Table structure for table `ost_email_account`
--

DROP TABLE IF EXISTS `ost_email_account`;
/*!40101 SET @saved_cs_client     = @@character_set_client */;
/*!40101 SET character_set_client = utf8 */;
CREATE TABLE `ost_email_account` (
  `id` int(11) unsigned NOT NULL AUTO_INCREMENT,
  `name` varchar(128) NOT NULL,
  `active` tinyint(1) NOT NULL DEFAULT '1',
  `protocol` varchar(64) NOT NULL DEFAULT '',
  `host` varchar(128) NOT NULL DEFAULT '',
  `port` int(11) NOT NULL,
  `username` varchar(128) DEFAULT NULL,
  `password` varchar(255) DEFAULT NULL,
  `options` varchar(512) DEFAULT NULL,
  `errors` int(11) unsigned DEFAULT NULL,
  `created` timestamp NOT NULL DEFAULT '0000-00-00 00:00:00',
  `updated` timestamp NOT NULL DEFAULT '0000-00-00 00:00:00' ON UPDATE CURRENT_TIMESTAMP,
  `lastconnect` timestamp NULL DEFAULT NULL,
  `lasterror` timestamp NULL DEFAULT NULL,
  PRIMARY KEY (`id`)
) ENGINE=InnoDB DEFAULT CHARSET=utf8;
/*!40101 SET character_set_client = @saved_cs_client */;

--
-- Dumping data for table `ost_email_account`
--

LOCK TABLES `ost_email_account` WRITE;
/*!40000 ALTER TABLE `ost_email_account` DISABLE KEYS */;
/*!40000 ALTER TABLE `ost_email_account` ENABLE KEYS */;
UNLOCK TABLES;

--
-- Table structure for table `ost_email_template`
--

DROP TABLE IF EXISTS `ost_email_template`;
/*!40101 SET @saved_cs_client     = @@character_set_client */;
/*!40101 SET character_set_client = utf8 */;
CREATE TABLE `ost_email_template` (
  `id` int(11) unsigned NOT NULL AUTO_INCREMENT,
  `tpl_id` int(11) unsigned NOT NULL,
  `code_name` varchar(32) NOT NULL,
  `subject` varchar(255) NOT NULL DEFAULT '',
  `body` text NOT NULL,
  `notes` text,
  `created` datetime NOT NULL,
  `updated` datetime NOT NULL,
  PRIMARY KEY (`id`),
  UNIQUE KEY `template_lookup` (`tpl_id`,`code_name`)
) ENGINE=InnoDB AUTO_INCREMENT=14 DEFAULT CHARSET=utf8;
/*!40101 SET character_set_client = @saved_cs_client */;

--
-- Dumping data for table `ost_email_template`
--

LOCK TABLES `ost_email_template` WRITE;
/*!40000 ALTER TABLE `ost_email_template` DISABLE KEYS */;
INSERT INTO `ost_email_template` VALUES (1,1,'ticket.autoresp','Billet ouvert [#%{ticket.number}]',' <h3><strong>Cher %{recipient.name.first},</strong></h3> <p>Une demande d\'assistance a été créée et affectée au billet #%{ticket.number}. Un membre de l’équipe se rapproche de vous dès que possible. Vous pouvez <a href=\"%%7Brecipient.ticket_link%7D\"> suivre la progression de ce billet en ligne</a>. </p> <br /><div style=\"color:rgb(127, 127, 127)\"> L’équipe de %{company.name} , <br />%{signature}</div> <hr /> <div style=\"color:rgb(127, 127, 127);font-size:small\"> <em>Si vous désirez ajouter des commentaires ou des informations supplémentaires au sujet de ce billet, répondez simplement à ce courriel ou <a href=\"%%7Brecipient.ticket_link%7D\"> <span style=\"color:rgb(84, 141, 212)\"> connectez-vous à votre compte</span></a> pour visualiser les archives de vos demandes de support.</em> </div> ',NULL,'2015-12-01 09:25:04','2015-12-01 09:25:04'),(2,1,'ticket.autoreply','Re: %{ticket.subject} [#%{ticket.number}]',' <h3><strong>Cher %{recipient.name.first}</strong></h3> Une demande de support a été créé et un billet a été assigné <a href=\"%%7Brecipient.ticket_link%7D\">%{ticket.number}\"&gt;</a> avec la réponse automatique suivante <br /><br /> Rubrique: <strong>%{ticket.topic.name}</strong> <br /> Sujet: <strong>%{ticket.subject}</strong> <br /><br /> %{response} <br /><br /><div style=\"color:rgb(127, 127, 127)\"> Votre équipe %{company.name}<br /> %{signature}</div> <hr /> <div style=\"color:rgb(127, 127, 127);font-size:small\"><em>Nous espérons que cette réponse a suffisamment répondu à votre question. Si vous désirez rajouter des commentaires ou donner de plus amples informations, merci de répondre à ce courriel ou <a href=\"%%7Brecipient.ticket_link%7D\"><span style=\"color:rgb(84, 141, 212)\">connectez-vous à votre compte</span></a> pour visualiser les archives de vos demandes.</em></div> ',NULL,'2015-12-01 09:25:04','2015-12-01 09:25:04'),(3,1,'message.autoresp','Confirmation de Message',' <h3><strong>Cher %{recipient.name.first},</strong></h3> Votre réponse à la demande de service d\'assistance <a href=\"%%7Brecipient.ticket_link%7D\">#%{ticket.number}</a> a été prise en compte.<br /><br /><div style=\"color:rgb(127, 127, 127)\"> Votre équipe %{company.name}, <br />%{signature}</div> <hr /> <div style=\"color:rgb(127, 127, 127);font-size:small;text-align:center\"> <em>Vous pouvez visualiser, en ligne, l\'avancement de votre demande en cliquant <a href=\"%%7Brecipient.ticket_link%7D\">ici</a></em> </div> ',NULL,'2015-12-01 09:25:04','2015-12-01 09:25:04'),(4,1,'ticket.notice','%{ticket.subject} [#%{ticket.number}]',' <h3><strong>Cher %{recipient.name.first},</strong></h3> Notre service client a créé un billet, <a href=\"%%7Brecipient.ticket_link%7D\"> #%{ticket.number}</a> à votre nom, avec les détails suivants : <br /><br />rubrique: <strong>%{ticket.topic.name}</strong> <br />sujet: <strong>%{ticket.subject}</strong> <br /><br />%{message} <br /><br />Si nécessaire, un membre de notre équipe se rapproche de vous dès que possible. Vous pouvez également <a href=\"%%7Brecipient.ticket_link%7D\"> suivre l\'avancement de ce billet en ligne</a>. <br /><br /><div style=\"color:rgb(127, 127, 127)\"> L\'equipe de %{company.name} , <br />%{signature}</div> <hr /> <div style=\"color:rgb(127, 127, 127);font-size:small\"> <em>si vous souhaitez fournir des commentaires ou des informations supplémentaires au sujet de ce ticket, répondez simplement à cet email ou <a href=\"%%7Brecipient.ticket_link%7D\"> <span style=\"color:rgb(84, 141, 212)\"> connectez-vous à votre compte</span></a> pour visualiser les archives complètes de vos demandes de support.</em> </div> ',NULL,'2015-12-01 09:25:04','2015-12-01 09:25:04'),(5,1,'ticket.overlimit','Limite du nombre de Billets ouverts atteinte',' <h3><strong>Cher %{ticket.name.first},</strong></h3> Vous avez atteint le nombre maximal de billets ouverts autorisés. Pour être en mesure d\'ouvrir un autre billet, l\'un de vos billets en attente doit être fermé. Pour mettre à jour ou ajouter des commentaires à un billets, <a href=\"%%7Burl%7D/tickets.php?e=%%7Bticket.email%7D\"> connectez vous simplement à notre support</a>. <br /><br />Merci, <br /> l\'équipe support',NULL,'2015-12-01 09:25:04','2015-12-01 09:25:04'),(6,1,'ticket.reply','Re: %{ticket.subject}',' <h3><strong>Cher %{recipient.name},</strong></h3> %{response} <br /><br /><div style=\"color:rgb(127, 127, 127)\"> L’équipe %{company.name}, <br />%{signature}</div> <hr /> <div style=\"color:rgb(127, 127, 127);font-size:small;text-align:center\"> <em>Nous espérons que cette réponse a suffisamment répondu à votre question. Si ce n\'est pas le cas, veuillez ne pas envoyer un autre courriel. Au contraire, répondez à ce courriel ou <a href=\"%%7Brecipient.ticket_link%7D\" style=\"color:rgb(84, 141, 212)\"> Connectez-vous à votre compte</a> pour visualiser les archives complètes de toutes vos demandes de support et les réponses associées.</em> </div> ',NULL,'2015-12-01 09:25:04','2015-12-01 09:25:04'),(7,1,'ticket.activity.notice','Re: %{ticket.subject} [#%{ticket.number}]',' <h3><strong>Cher %{recipient.name.first},</strong></h3> <div> <em>%{poster.name}</em>vient juste d\'ajouter un message à un billet auquel vous participez.</div> <br />%{message} <br /><br /><hr /> <div style=\"color:rgb(127, 127, 127);font-size:small;text-align:center\"> <em>Vous recevez ce courriel parce que vous collaborez avec ce billet <a href=\"%%7Brecipient.ticket_link%7D\" style=\"color:rgb(84, 141, 212)\">#%{ticket.number}</a>. Pour participer, répondez simplement à ce courriel ou <a href=\"%%7Brecipient.ticket_link%7D\" style=\"color:rgb(84, 141, 212)\"> cliquez ici</a> pour voir l\'historique complet de ce billet.</em> </div> ',NULL,'2015-12-01 09:25:04','2015-12-01 09:25:04'),(8,1,'ticket.alert','Alerte : Nouveau ticket',' <h2>Bonjour %{recipient},</h2> Nouveau ticket #%{ticket.number} créé <br /><br /><table><tbody> <tr> <td> <strong>De</strong>: </td> <td> %{ticket.name} &lt;%{ticket.email}&gt; </td> </tr> <tr> <td> <strong>Département</strong>: </td> <td> %{ticket.dept.name} </td> </tr> </tbody></table> <br /> %{message} <br /><br /><hr /> <div>Pour voir ou répondre au ticket merci de vous <a href=\"%%7Bticket.staff_link%7D\">connecter</a>dans le support</div> <em style=\"font-size:small\">Amicalement le Support client</em> <br /><a href=\"http://osticket.com/\"><img width=\"126\" height=\"19\" style=\"width:126px\" alt=\"Powered By osTicket\" src=\"cid:b56944cb4722cc5cda9d1e23a3ea7fbc\" /></a> ',NULL,'2015-12-01 09:25:04','2015-12-01 09:25:04'),(9,1,'message.alert','Alerte de Nouveau Message',' <h3><strong>Bonjour %{recipient},</strong></h3> Nouveau message ajouté au ticket <a href=\"%%7Bticket.staff_link%7D\">#%{ticket.number}</a> <br /><br /><table><tbody> <tr> <td> <strong>De</strong>: </td> <td> %{ticket.name} &lt;%{ticket.email}&gt; </td> </tr> <tr> <td> <strong>Département</strong>: </td> <td> %{ticket.dept.name} </td> </tr> </tbody></table> <br /> %{message} <br /><br /><hr /> <div>Pour visualiser ou répondre au ticket, merci de vous <a href=\"%%7Bticket.staff_link%7D\"><span style=\"color:rgb(84, 141, 212)\">connecter</span></a> au système de support par ticket</div> <em style=\"color:rgb(127,127,127);font-size:small\">Votre Système de Support Client dévoué</em><br /><img src=\"cid:b56944cb4722cc5cda9d1e23a3ea7fbc\" alt=\"Powered by osTicket\" width=\"126\" height=\"19\" style=\"width:126px\" /> ',NULL,'2015-12-01 09:25:04','2015-12-01 09:25:04'),(10,1,'note.alert','Alerte d\'une nouvelle activité interne',' <h3><strong>Bonjour %{recipient.name},</strong></h3> Un agent à posté une note interne sur le ticket <a href=\"%%7Bticket.staff_link%7D\">#%{ticket.number}</a> <br /><br /><table><tbody> <tr> <td> <strong>De</strong>: </td> <td> %{note.poster} </td> </tr> <tr> <td> <strong>Titre</strong>: </td> <td> %{note.title} </td> </tr> </tbody></table> <br /> %{note.message} <br /><br /><hr /> Pour voir/répondre au ticket, merci de vous <a href=\"%%7Bticket.staff_link%7D\">connecter</a> au support <br /><br /><em style=\"font-size:small\">L\'équipe du support</em> <br /><img src=\"cid:b56944cb4722cc5cda9d1e23a3ea7fbc\" alt=\"Powered by osTicket\" width=\"126\" height=\"19\" style=\"width:126px\" /> ',NULL,'2015-12-01 09:25:04','2015-12-01 09:25:04'),(11,1,'assigned.alert','Un ticket vous a été assigné',' <h3><strong>Bonjour %{assignee.name.first},</strong></h3> Le ticket <a href=\"%%7Bticket.staff_link%7D\">#%{ticket.number}</a> vous a été assigné par %{assigner.name.short} <br /><br /><table><tbody> <tr> <td> <strong>De</strong>: </td> <td> %{ticket.name} &lt;%{ticket.email}&gt; </td> </tr> <tr> <td> <strong>Sujet</strong>: </td> <td> %{ticket.subject} </td> </tr> </tbody></table> <br /> %{comments} <br /><br /><hr /> <div>Pour voir/répondre au ticket, merci de vous <a href=\"%%7Bticket.staff_link%7D\"><span style=\"color:rgb(84, 141, 212)\">identifier </span></a> dans le système de support</div> <em style=\"font-size:small\">Votre système de support client</em> <br /><img src=\"cid:b56944cb4722cc5cda9d1e23a3ea7fbc\" alt=\"Powered by osTicket\" width=\"126\" height=\"19\" style=\"width:126px\" /> ',NULL,'2015-12-01 09:25:04','2015-12-01 09:25:04'),(12,1,'transfer.alert','Transfert de ticket #% {ticket.number} - % {ticket.dept.name}',' <h3>Bonjour %{recipient.name},</h3> Le billet <a href=\"%%7Bticket.staff_link%7D\">#%{ticket.number}</a> a été transféré au service %{ticket.dept.name} par <strong>%{staff.name.short}</strong> <br /><br /><blockquote> %{comments} </blockquote> <hr /> <div>Pour voir ou répondre au billet, merci de vous <a href=\"%%7Bticket.staff_link%7D\">connecter</a> au le support. </div> <em style=\"font-size:small\">Cordialement, le service d\'assistance</em> <br /><a href=\"http://osticket.com/\"><img width=\"126\" height=\"19\" alt=\"Powered By osTicket\" style=\"width:126px\" src=\"cid:b56944cb4722cc5cda9d1e23a3ea7fbc\" /></a> ',NULL,'2015-12-01 09:25:04','2015-12-01 09:25:04'),(13,1,'ticket.overdue','Alerte : Ticket obsolètes',' <h3> <strong>Bonjour %{recipient.name}</strong>,</h3> Un billet, <a href=\"%%7Bticket.staff_link%7D\">#%{ticket.number}</a> est très en retard. <br /><br />Nous devrions tous travailler dur pour garantir que tous les billets soient traité dans les délais. <br /><br />Signé, <br />%{ticket.dept.manager.name} <hr /> <div>Pour visualiser ou réagir au billet, <a href=\"%%7Bticket.staff_link%7D\"> <span style=\"color:rgb(84, 141, 212)\"> Connectez-vous</span></a> au système de support. Vous recevez cet avis parce que le billet vous est personnellement affecté, à une équipe ou à un service dont vous êtes membre.</div> <em style=\"font-size:small\">Cordialement, <span style=\"font-size:smaller\">(même si notre patience a une limite)</span> le support client</em><br /><img src=\"cid:b56944cb4722cc5cda9d1e23a3ea7fbc\" height=\"19\" alt=\"Powered by osTicket\" width=\"126\" style=\"width:126px\" /> ',NULL,'2015-12-01 09:25:04','2015-12-01 09:25:04');
/*!40000 ALTER TABLE `ost_email_template` ENABLE KEYS */;
UNLOCK TABLES;

--
-- Table structure for table `ost_email_template_group`
--

DROP TABLE IF EXISTS `ost_email_template_group`;
/*!40101 SET @saved_cs_client     = @@character_set_client */;
/*!40101 SET character_set_client = utf8 */;
CREATE TABLE `ost_email_template_group` (
  `tpl_id` int(11) NOT NULL AUTO_INCREMENT,
  `isactive` tinyint(1) unsigned NOT NULL DEFAULT '0',
  `name` varchar(32) NOT NULL DEFAULT '',
  `lang` varchar(16) NOT NULL DEFAULT 'en_US',
  `notes` text,
  `created` datetime NOT NULL,
  `updated` timestamp NOT NULL,
  PRIMARY KEY (`tpl_id`)
) ENGINE=InnoDB AUTO_INCREMENT=2 DEFAULT CHARSET=utf8;
/*!40101 SET character_set_client = @saved_cs_client */;

--
-- Dumping data for table `ost_email_template_group`
--

LOCK TABLES `ost_email_template_group` WRITE;
/*!40000 ALTER TABLE `ost_email_template_group` DISABLE KEYS */;
INSERT INTO `ost_email_template_group` VALUES (1,1,'Modèle osTicket par défaut (HTML','fr','Modèles osTicket par défaut','2015-12-01 09:25:04','2015-12-01 08:25:04');
/*!40000 ALTER TABLE `ost_email_template_group` ENABLE KEYS */;
UNLOCK TABLES;

--
-- Table structure for table `ost_faq`
--

DROP TABLE IF EXISTS `ost_faq`;
/*!40101 SET @saved_cs_client     = @@character_set_client */;
/*!40101 SET character_set_client = utf8 */;
CREATE TABLE `ost_faq` (
  `faq_id` int(10) unsigned NOT NULL AUTO_INCREMENT,
  `category_id` int(10) unsigned NOT NULL DEFAULT '0',
  `ispublished` tinyint(1) unsigned NOT NULL DEFAULT '0',
  `question` varchar(255) NOT NULL,
  `answer` text NOT NULL,
  `keywords` tinytext,
  `notes` text,
  `created` datetime NOT NULL,
  `updated` datetime NOT NULL,
  PRIMARY KEY (`faq_id`),
  UNIQUE KEY `question` (`question`),
  KEY `category_id` (`category_id`),
  KEY `ispublished` (`ispublished`)
) ENGINE=InnoDB AUTO_INCREMENT=2 DEFAULT CHARSET=utf8;
/*!40101 SET character_set_client = @saved_cs_client */;

--
-- Dumping data for table `ost_faq`
--

LOCK TABLES `ost_faq` WRITE;
/*!40000 ALTER TABLE `ost_faq` DISABLE KEYS */;
INSERT INTO `ost_faq` VALUES (1,1,1,'Test question','testestestest',NULL,'','2015-12-01 10:55:29','2015-12-01 10:55:37');
/*!40000 ALTER TABLE `ost_faq` ENABLE KEYS */;
UNLOCK TABLES;

--
-- Table structure for table `ost_faq_category`
--

DROP TABLE IF EXISTS `ost_faq_category`;
/*!40101 SET @saved_cs_client     = @@character_set_client */;
/*!40101 SET character_set_client = utf8 */;
CREATE TABLE `ost_faq_category` (
  `category_id` int(10) unsigned NOT NULL AUTO_INCREMENT,
  `ispublic` tinyint(1) unsigned NOT NULL DEFAULT '0',
  `name` varchar(125) DEFAULT NULL,
  `description` text NOT NULL,
  `notes` tinytext NOT NULL,
  `created` datetime NOT NULL,
  `updated` datetime NOT NULL,
  PRIMARY KEY (`category_id`),
  KEY `ispublic` (`ispublic`)
) ENGINE=InnoDB AUTO_INCREMENT=2 DEFAULT CHARSET=utf8;
/*!40101 SET character_set_client = @saved_cs_client */;

--
-- Dumping data for table `ost_faq_category`
--

LOCK TABLES `ost_faq_category` WRITE;
/*!40000 ALTER TABLE `ost_faq_category` DISABLE KEYS */;
INSERT INTO `ost_faq_category` VALUES (1,1,'Aide','Divers informations pour vous aider.','','2015-12-01 10:54:05','2015-12-01 10:54:35');
/*!40000 ALTER TABLE `ost_faq_category` ENABLE KEYS */;
UNLOCK TABLES;

--
-- Table structure for table `ost_faq_topic`
--

DROP TABLE IF EXISTS `ost_faq_topic`;
/*!40101 SET @saved_cs_client     = @@character_set_client */;
/*!40101 SET character_set_client = utf8 */;
CREATE TABLE `ost_faq_topic` (
  `faq_id` int(10) unsigned NOT NULL,
  `topic_id` int(10) unsigned NOT NULL,
  PRIMARY KEY (`faq_id`,`topic_id`)
) ENGINE=InnoDB DEFAULT CHARSET=utf8;
/*!40101 SET character_set_client = @saved_cs_client */;

--
-- Dumping data for table `ost_faq_topic`
--

LOCK TABLES `ost_faq_topic` WRITE;
/*!40000 ALTER TABLE `ost_faq_topic` DISABLE KEYS */;
/*!40000 ALTER TABLE `ost_faq_topic` ENABLE KEYS */;
UNLOCK TABLES;

--
-- Table structure for table `ost_file`
--

DROP TABLE IF EXISTS `ost_file`;
/*!40101 SET @saved_cs_client     = @@character_set_client */;
/*!40101 SET character_set_client = utf8 */;
CREATE TABLE `ost_file` (
  `id` int(11) NOT NULL AUTO_INCREMENT,
  `ft` char(1) NOT NULL DEFAULT 'T',
  `bk` char(1) NOT NULL DEFAULT 'D',
  `type` varchar(255) CHARACTER SET ascii NOT NULL DEFAULT '',
  `size` bigint(20) unsigned NOT NULL DEFAULT '0',
  `key` varchar(86) CHARACTER SET ascii NOT NULL,
  `signature` varchar(86) CHARACTER SET ascii COLLATE ascii_bin NOT NULL,
  `name` varchar(255) NOT NULL DEFAULT '',
  `attrs` varchar(255) DEFAULT NULL,
  `created` datetime NOT NULL,
  PRIMARY KEY (`id`),
  KEY `ft` (`ft`),
  KEY `key` (`key`),
  KEY `signature` (`signature`)
) ENGINE=InnoDB AUTO_INCREMENT=6 DEFAULT CHARSET=utf8;
/*!40101 SET character_set_client = @saved_cs_client */;

--
-- Dumping data for table `ost_file`
--

LOCK TABLES `ost_file` WRITE;
/*!40000 ALTER TABLE `ost_file` DISABLE KEYS */;
INSERT INTO `ost_file` VALUES (1,'T','D','image/png',9452,'b56944cb4722cc5cda9d1e23a3ea7fbc','gjMyblHhAxCQvzLfPBW3EjMUY1AmQQmz','powered-by-osticket.png',NULL,'2015-12-01 09:25:03'),(2,'T','D','text/plain',28,'1mnWLxDfuZKawQ-HpQAqHylS40pg4oRE','xDfuZKawQ-HpQAqHH8uLA0wpOKjVbhEN','osTicket.txt',NULL,'2015-12-01 09:25:04'),(4,'L','D','image/png',111115,'5QoMfQGdbiVvgB0qQ0jxJo_MKkAjqCbo','QGdbiVvgB0qQ0jxJ_A5gK1lyRJJP8tNh','bandeauTicket.png',NULL,'2015-12-01 10:24:57'),(5,'T','D','application/pdf',30638,'MuQ2sjURFoJSODbEcnH6uS87e6rDf00k','jURFoJSODbEcnH6uaxcSmQu7CuRYxD-U','Organigramme_NOX INGENIERIE ET ENERGIE_EST_150316.pdf',NULL,'2016-01-04 16:01:12');
/*!40000 ALTER TABLE `ost_file` ENABLE KEYS */;
UNLOCK TABLES;

--
-- Table structure for table `ost_file_chunk`
--

DROP TABLE IF EXISTS `ost_file_chunk`;
/*!40101 SET @saved_cs_client     = @@character_set_client */;
/*!40101 SET character_set_client = utf8 */;
CREATE TABLE `ost_file_chunk` (
  `file_id` int(11) NOT NULL,
  `chunk_id` int(11) NOT NULL,
  `filedata` longblob NOT NULL,
  PRIMARY KEY (`file_id`,`chunk_id`)
) ENGINE=InnoDB DEFAULT CHARSET=utf8;
/*!40101 SET character_set_client = @saved_cs_client */;

--
-- Dumping data for table `ost_file_chunk`
--

LOCK TABLES `ost_file_chunk` WRITE;
/*!40000 ALTER TABLE `ost_file_chunk` DISABLE KEYS */;
INSERT INTO `ost_file_chunk` VALUES (1,0,'PNG\r\n\Z\n\0\0\0\rIHDR\0\0\0\0\0\0(\0\0\0G\0\0\nCiCCPICC profile\0\0xڝSwX>eVBl\0\"#Y\0a@Ņ\nVHUĂ\nH(gAZU\\8ܧ}zy&j\09R<:OHɽH g\0\0yx~t?o\0\0p.$P&W\0 \0\"R\0.T\0\0Sd\n\0\0\0ly|B\"\0\r\0I>\0ة\0آ\0\0(G$@\0`UR,\0@\".Y2G\0vX@`\0B,\0 8\0C L0ҿ_pH\0˕͗K3\Zw!lBa)f	\"#HL\0\0\Z8?flŢko\">!\0N_puk[\0V\0h]3	Z\nzy8@P<\n%b0>3o~@z\0q@qanvRB1n#ǅ)4\\,XP\"MyRD!ɕ2	w\r\0ONl~Xv\0@~-\Z\0g42y\0\0@+\0͗\0\0\\L\0\0D*AaD@$<B\nAT:\Z18\r\\p`	Aa!:b\"\"aH4 Q\"rBj]H#-r9\\@ 2G1Qu@\ZƠst4]k\Z=Kut\0}c1fa\\E`X\Z&cX5V5cX7va$^lGXLXC%#W	1\'\"O%zxb:XF&!!%^\'_H$ɒN\n!%2IIkHH-S>iL&m O:ňL	$RJ5e?2BQͩ:ZImvP/S4u%͛Cˤ-Кigih/t	݃EЗkw\r\rHb(k{/LӗT02goUX**|:V~TUsU?yTU^V}FUP	թU6RwRPQ__c\rFHTc!2eXBrV,kMb[Lvv/{LSCsfffqƱ9ٜJ!\r{--?-jf~7zھbrup@,:m:u	6Qu>cy	Gm7046l18c̐ckihhI\'&g5x>fob4ek<abi2ۤĤ)͔kfѴt,ܬج9՜kaټEJ6ǖږ|MV>VyVV׬I\\,mWlPW:˶vm))Sn1\n9a%m;t;|rtuvlp4éĩWggs5KvSmnz˕\Zҵܭm=}M.]=AXq㝧/^v^Y^O&0m[{`:>=e>>z\"=#~~~;yN`\Zk5/>B	\rYroc3g,Z0&L~oL̶Gli})*2.QStqt,֬Yg񏩌;jrvgjlRlc웸xEt$	=sl3Ttcܢ˞w<Y5Y|8? BP/OnM򄛅OEQJ<V8;}ChOFu3	OR+y#MVDެq-9R\ri+0(Of++\rym#slLѣRPL/+x[[xHHZ3f#|PظxY\"E#Sw.1]Rdxi}h˲PXRUjyRҥC+W4nZcadUj[V*_pFWN_|ymJHnYJjAІ\r_mJtzjʹ5a5[̶6z]V&ֿw{;켵+xWkE}nݏ\Zb~ݸGwOŞ{{Ejtolܯ	mR6H:p囀oڛwpZ*A\'ߦ|{PߙHy+:u-m=茣^G~1cu5W(=䂓dN?=ԙyLk]Q]gCϞ?tL_]p\"b%K==G~pH[oeW<tM;js.]yn&%vw\nL]zxem``Y	ӇGG#F#\r\ZdΓ᧲~VysKXϿyr﫩:#y=}ǽ(@PcǧO>|/9%\0\0\0tEXtSoftware\0Adobe ImageReadyqe<\0\0(iTXtXML:com.adobe.xmp\0\0\0\0\0<?xpacket begin=\"﻿\" id=\"W5M0MpCehiHzreSzNTczkc9d\"?> <x:xmpmeta xmlns:x=\"adobe:ns:meta/\" x:xmptk=\"Adobe XMP Core 5.6-c014 79.156797, 2014/08/20-09:53:02        \"> <rdf:RDF xmlns:rdf=\"http://www.w3.org/1999/02/22-rdf-syntax-ns#\"> <rdf:Description rdf:about=\"\" xmlns:xmp=\"http://ns.adobe.com/xap/1.0/\" xmlns:xmpMM=\"http://ns.adobe.com/xap/1.0/mm/\" xmlns:stRef=\"http://ns.adobe.com/xap/1.0/sType/ResourceRef#\" xmp:CreatorTool=\"Adobe Photoshop CC 2014 (Macintosh)\" xmpMM:InstanceID=\"xmp.iid:6E2C95DEA67311E4BDCDDF91FAF94DA5\" xmpMM:DocumentID=\"xmp.did:6E2C95DFA67311E4BDCDDF91FAF94DA5\"> <xmpMM:DerivedFrom stRef:instanceID=\"xmp.iid:CFA74E4FA67111E4BDCDDF91FAF94DA5\" stRef:documentID=\"xmp.did:CFA74E50A67111E4BDCDDF91FAF94DA5\"/> </rdf:Description> </rdf:RDF> </x:xmpmeta> <?xpacket end=\"r\"?>\0\0IDATx]	S?/{2dfaq]67ϭ(*-\n.+օ nJSR:VDT,e2l3LݛosNPq$s1NY96tS/Q]k~Kz>%4ߤ5<,clmY\'BhBLZM?\0]sG>Z(4W]h\r\"Ҿ&F4]?JKD$F>Yd-}QZYe)*tӄ$\r	=(tBg	=_єQ\0mV+SvaDWgBBeBLH#tB	mFW\0;t _@њx.t![!#\\|W:\rGI9*ʍ6ˁJkSAqGN\09EBM~-4?홝~I}&yeYo\nu{.rBkiv?LGєj-+Q散\02%>|(^\nXrTR-*-R˅VBI:GT#5i\ZE\"FlD;\\_psjdB\"tB)2wϊ`Ф^MnA!<Y>\nktMJw%<.BU\\GBI?禓]\0o^eF&.aa5͚#ңo>=L^]FJN\0GㅾV\Z!q#!6=X9\\T2ﲨ{c捳,Ў)zakl@1{^MF_b(79+\'J{hn[\\hiGc41\'\'M1>;kǐL݋$|~,ݕx l(4W.\ZAjՈrsrWMWr\"zh>;Y窊E,0ތ\\\\1b\"\'xuLYȣx9)^[\0PXVNXͻT(\"YuWev݈RUC55ACGY6?@1kVS|9IX*rD\"LΎ=*@4=NwZj9%p%a~yBe\rK;HTo+)Q_ŸtcIUȱB\"VڪVg>LvWS1|XpѰyZxrR\'#)WH[ ԍ	(#=B2C۲@JL,H$ݵ(N)2\'䘮\Z/*\'rZKDV((g	ś{P]aY jߊ=B\n\"4~nVnwRXFUrQsΐJd\Zz7\"y7ecV%BT`SO;]NNyXz7s}~j/߬\rnFz*fۉ洌5)EEK|j44\rI.x.j6GJG_ӘZz1`NxP<8^$6vhUY\nGjrެ/^DaSۚIm·L\Z^ fZA36ck{,\Z9Rܱ@WQ%ZdWmo\'rKJU07YާD~&*1~&=PH:	eְȁ~|d4ş:҇\n{ţTǹ+h,9wwzX\0-KN/R\r3-Hh+apymv+gɧ7E#:*Z;x΁w*Kq8WQȶ<{X&ңxPTR;Pđ #%·\'H/d&Ay?Ljȇ6=\"9t9\Z_2I$\0K,-\"hg.v8߼a=ٞ]MV*D-zc0:z7yɣGϯ(/y=|ҧ^[Ӻcaq>ѺQj)bDkyJ@cKleh\rK)AxnvF8\rJBww*%Gl^͖̋*DLV )Qx1NT7o.|eSV>^B/\ZҽqSE>;-41tiD瓍8U}\'\"OBz#wv8;IF>:Թ㰀O4DrSm.F!%8䊛Iy\"e*HNEft5K#LBE36P$V72;P\"1Óȹڹ\\y (r\"W>zS}|?A6Ny΋p9H\0616ʧPZ}i\"R7%OčыkCU!j/@61z	\'[~wף7V\0q_+}o^e4\"6¨s!\\rkJNT$@QNS$yZ(_:{W,\r/u\ZsxѰqh.}	g(b[\ZsL7RF+%(G8\"4r)5V6IF\r: XR>9Q;G)ڴ^LȰR#.c/ 5/dIzf9,}Og+>{8xq*k^Z`5ruuʠ\"IE[uT\\\nqf-ϵͺ/I4%8{07\"W+kTGa_dC:2v\0Y-{0ǟN6V!1y\0@LFy@::x:/+Eîu.^f=0	WV\"bK53Ght#+>?ǽ=0}0tɼu\rV9)ftѼ~;W9XttƊ#)\n6Ex9r8_KgD+	ȸ\nZu-@GLM\Z`^N\r^Fȫ	` #bLFD~x֎@7:!l1l\Z\'9@p)bPbNUPqt8\"\'\r\\&!ª&OGGׂbnf`]0N=m?kXF$?2bP\nؕp0{EAoh|dYE,qjQe0T`K|4bf.DfoNDÁ=l,uف1\\vUPwBG_)1\0NoC&ҁ痁<Pq~6cmZb>	\\U\' y>!ܶFG,GMOf uQnxHrL<4?f/qRJʿɤ%e\"2s!֧!\'~p\r#Je+R=um^JU|FopC(h_oI3]puB4+q.CI[IMgTm(FFg/\"XA]\03#)I5rcӨ}ʪG@@Q|\0E(Nw̥uDK\0h*YC.1UrX4<y̐;_B@D1p~mxVޯg5Ze+xH\'P\rD龬lwPdx>]hBGGR|`QvӠBC,EROg*/69p8!ĭ씯q\"BZ45xH2Ţ-G:I83%$|aY\0<ܴZW0&aTnUâZtep\Zi#EF6*\\o&H\'	=c6m\"Ķ6WJVQSq*겨b,Qd{4{ru!ƲFn-赒7aL7i@{PL閮%$(\'qcw``@5	e\Z9fգV%M(ëqasQw^w\nRZ0ǲEOtn`Ň藸eY=m.\'2_CN`Ʈ(!kMč4u%4)H[/;}\\8*X=Mwh\r\Zt\n\\\'\"\nƄZ~M3-98R8g_@uWN4ꓚϹ5b5T^RcSVhb>b\0#5:,wcTPma\' E	e0XԎBIFx\\yU\"8r[Er:!5dIAh\'Z4Wtg4醲v<Q]-\\A(5`m,	皌V\ZXd*Pb<B%+#c.V*P,Vՙy(:\0F#\"|Fu7l+\0(ŀb`xڗPR7՝*).^U(\\Μ;脫PЙ\0y\Z\0j8\ZydQeZ	EOhu)h3![SU\'_q(.ROBbWѶhԋG\rN)|VFh&D]E4 ky6hw=?D\'ub-TsGyy`8<\na+V\rh2	x1іMAy)lk$Hy7t\rjH/6-Ju&<}\"Qĕn@{jK\Z.`-NBچӫhM/^\\߀1vS/GJP!6#9:CbDčR_9C\rSU]SE4;Bo\"(Px)\'̵pʲ	ޝӜ{P4	0,@:L\\j_g080c\"!,x77\Z\nd\"~h~P9I,FS;km@F2?\n%5z|:5hDCtGTET}-qz{\niIQ3#dt-!DWD#w#e&\ZQNDwݔjq{pk+܏{gZǫrХl\"lm$lp$I?1`<:$BibBc]݀k8qvCdWxU\'yQ.=o3V %|F=V+$E\'^9O7KL轲ZȫI4xaA>gЏ\0`_c:\Z\rF(D~@3ѷ3)S: _?𵀓\\M)8~x/F!Pnp/ؽ%h[p݋Xes,ھđ\nieLDJKKruA)Jw\"dx^W\np$\0D(-]]:hkid3+;Un4\nKɶP(Ph\n;^Ʋ,]|X˫Tw	Vv\0uྞbS(ٖZ?=g`xѡ5MY9\Z\\Sl3e:Y	jBnvJ5szS.\'%jh̜\0Z=_\Zh`oe[)#2iM7יbVN@tS_]wfHu͙HemHk ZD۽\'(NT|_;\"VJLɔi/Bh8\"/!wF5vT!+Q/AFOҘ4C\Zp0jC\nJ\'6Q~7vD3/B5@Z p_\0௘s]J\0\0\0\0IENDB`'),(2,0,'exemple de pièces jointes !'),(4,0,'PNG\r\n\Z\n\0\0\0\rIHDR\0\01\0\0\0\0\0\0\0\0\0gAMA\0\0a\0\0\n0iCCPICC profile\0\0HwTTϽwz0)C\r 7Da`(34!EDA\"\"\"` `QQy3Vt彗g}k=g}ֺ\0tX\n4Jc\0\0`23B=ÀH>nL\"7w+\07tI؂dPĩق}F1(1E\";cX|v\Z[=\"ޚ%qQ-[\"LqEVaf\"+IĦ\"&BD\0)+Rn|nbң2ޜT@`d0l[zZ?KF\\[fFf_nM{H?}_z=\0YQmv|c3\04 )[W%I Ȱ316rX7(ݝ\n⺱SӅ|zfšyq_0sxpєqyv\\7GSa؟8\"Q\Z>j1\Z>s@7|8ՉŹ,߳e%9-$H*P\0*@#`l=p0VHiA>@	vjP\Z@h\'@8\r.:n``a!2D UH2!y@PAB&*:	:]B=h~L2\rp\"\Z΃p\\u6<?g\Z!\r	DCJiA^&2L#PEGQި(j5jU:jGnFQ3Oh2Z	mC#щlt݈nC_BF`0\ZFcDa1k0Vy f3bXl `{ǰCq[3yq<\\ww7Zx;| ŗ]8~ M!8Ʉ*B!HT\'\\b8\nq$C\'bHBvay=+2Mv&G&Ec[	[bDDĐI*<JɓRx)m)7):\ZSRRi3@4RW\'e222lBC2e(EFaQ6Q\Z((TUCMPSgded-eesdkdȎ6͇J+ݡSsmk_\",ϑ/o-^ࡐSC\"JQ_1X1[%%%KXKXr_	VW\nQZtHOiVYEK9CyEiJJY)U*WB3,݅JgԔԼՄjujj:[i4\Z	\Z\Z\Z3͚Z$=ZZs:[;\'uu|ttuutW1RЇk`k~AC!ϰp؈dbel4jL37.00~aimӤ䓩ii33_.Y5,-:-^Z\ZXr,X޵XXmhmcͷnѴg3̠2+h[WmY	Nfodb~rR҆cL:GcA\'5\'Sg\rgs󄋞K1|697;nw/b~====gxF{yQa4#U=w.Z[}w>\n	Zc0&8(&iYH~Ho(%46h0װuwKǄ7EGGDDōFG7FϮX{xULQ̝:+sV^]*uՙXXf8t\\DѸ@f=s6\'~_ˍ̮`Oq8圉D]SINII\\7n5ewrm\\J`ᔅԈ4\\Z\\)/ד>aQ1n3|?~c&2S@L	uYY5YoóOHrrsNy};_-cZuuk/\\?kÑ)*0-(/x)bSWr±^$E[nEmnfmOk%%%JY׾1ꛅ	ˬir]+wZiYYGgʿs{?T\'U߮qiݧo۾C*זԾ?=xΫ^P֡\r\r2mjTl,ixwxHȑ&JG˚faԱc7sŨZr}wN>8(mP{nLGRHgT)S]]m?\Zx3g]8wn|ƺc\\x\'ߥ+=/_u=wvWO]c\\n}Ϫ\'l:o\Z\\:xviMoܺ~{;˾;y/Ylx~XHQc?:b=rf}Icda)iDӤ)ϩV<|~W_}oοDΌ\\«ï-_w>~f~#zGPQc\'O7E;\0\0\0 cHRM\0\0z&\0\0\0\0\0\0\0\0\0u0\0\0`\0\0:\0\0pQ<\0\0\0	pHYs\0\0\0\0nu>\0\0\0tIME	-}mR\0\0 \0IDATxٖ$ɑ%vEUm%\"2\nM!ɟ?|/3gxș>Q\0\ň[T`g;\'jr>`Ƨ{\rgw#XOy6\\^\"Kx.Է->d&6Ǫ?tuO8U\rv;hf!nqww2/@D8g|x||Ʈ`S h4M\r\Z;%\n3 /92P\rgk\0IIC~&M!)ù錯7DhFv\"\Z 꺙Ⱥ)Y[D@g\"D @ݟ3ŧ_ƚ략$h4>< @wlM`r?3<M5Ckm?c+n{svة(s4b\0F\0m}=1L\\#,\r1ƾL09!M׌}co{(A>4<rȞ;\03G;%]f3{-Oqܵ[d	Mywk8V򴜻0!y7;Gf#3ffy7m^ns,gWL~	_I9+__go/&yzd\"2x)L	1/pj\Z2\0(`&〉iॿaϚﱱ{Px:|6w\03L!2\ZM@HP5WH! @)()жnRUp<+Ȣ@Q(e_jK4\ZUӢ\ZݦN\"Ab25Gך[\ryEg`1n;x,(%254dl6\0`cS[af،&~P[ggP.fo#wf!Lo3&l_{ws%u0u3:-א\0G9OkRan{ģ䔮bG4y0Zp<BV#!9_!m4[+9og{%(zrm~6it>!\\կԳ]mD 9Xy\ZG\0\0{?0|wjǽygϛL|[TyXq}@dh&}GY䨈R`nCմ8O8Wqy#2Y\ZBYMj<6G00\\8++l$5exy8` A\r`Zmm]KWFfjn]fDe;j9!z\"H)⓺93\Z3D],,1fRnluǃܙKϳSͳtO{0!(gFcܮ#s9g(ELQ6FЏQoZXlձquH_ǫA`NKNr}fOc\ZZb\0ڈ(!ރS3Wfg>Mؿ]y-\'#Oo5;SR4jO\nhIO]YbǓoO;E>7P\\_kl(wW2#n=m\rmf0uY\n6?_4ǼފȉO1͔|n\0R8xsuFӶx~~L(JM=yCJ	)	 ʲJbPR\\x9Aj/wZDB$\0ց6H3jf!\r\0S30X\'AAFf8jzz0MY(~1n<>dܳy~ҷ[A8p͟QMSg\r8Wn[}mԞGCxbL#r t\"!+\\8<}6(FNtK䬥8v=D>\0O:	MO_G@\"`6KB>BG?@#\n\0Î㔬:v6X	\'&{-JO#LuT-aEd]\"W6}Y=dKS|ʤ`dfR}ݯ> {\"\ZDk<\0h!0\nX\0zPΆSm`\"\Z|_u?6%c_bvȱEcB\n2/prA`(Z+ghQ87(eA9R,~.\Zsxy_SEMjE\n`+TZLhvTyh\r\ZE\0a#|Gi$\"Hrne(y!rl<富<\rԳ1rd.I1\ZG|!ßyWWai9ƾ׷:tiL?0;4]0#f̗Cc.}/Ӛ4C ,5!A4e93ic̔?VQDML΅f[|5\r4C\Z]w\0q1B!	TVG;݀i6[+\'Q+Mqr.\"|/1dlȢ@AKh;9>P\n}<K@x74=IYŶ,PRT=X/oRմȲfJJdY0+O\'hQUs\"QT:tR\nY\\*špY!P=H	ӹE6he D)yL)Tm,֨[)gJd[r2@\r\'\Z?Y!GQËFo=Vs}nO^EcH6~ln0$幞\'l/yw/2rpF0Nu5ZF&h\Z\'<Jyh1(nHӌ/QhaIdߜB=D\ZE\03عtk)kSDȘ\0ʢb@#\0%D6XC8\0yzFfbKFf(MbA\'g\"ޏ Z\0Y3\0n~Q 2^0D\0*\Z4\0\r;{&]sn*|xOym@B(6m7\Zr<|x\00ڶř+HH%gȐ+\"Sx-ZEutS3(/[y<S(s<ȔIA4-msV~(d(j\r\'a}H\rU,&;|)ǆp`&d)j\rdҠ|:*;\rmwR\\.4芩G#[dGGJ3ϟS$Bz.a)x~	|8	n=ɔ;{a0͕=p6nl\01su[^́l\0<q]E25g[-C~F578N1HcQ1і3\'.D^\n CDz\rCd;z4\"}떓}M~Oe+71)\0FGhԈOD#+yҊM3\0>ĩ(?}~%3e~7 ~~ǶaS\0$L\nE	203N3FU+<\nl\0|\Z2%q@,Q553ںn2oKo\'<,#-D у12tqa,\npe>JNe\ny+K̎3١l&͞}h!,y~x/gQAN@5K@4qРF^op)@82>~	ƨ鞰[6O˔/F!{AdX\rgH3o\0)qZb\'n)\nw,-pn.L@̀7F{(kP̰gۈEH< \Z1U0ҬW\"#qa]$&5sK\0cd?\'1y^\nK\r0rkDMr\"bWkUχod{<>|×_[w{y	fFJaGf4kEsUx:q&pk\"P9<GeR!KEJL@j\n-2a_H@ e_X/?\"Ls,ͩ!<KHuTQ>ƞT9J2\"Dc]P;\'9|t5z|˄=x!Ȅ7vjAPfywsgbkz	ls@!:^:웜|([Ԙ5v~4d)%aIHcqht!:F2?EnRD\0w\'SL$N(\\]ɺG\\oi\nի8O\0ҺM}P\nsR}}EyQVwZD\01`4;ƪp\0`º{s`\0L(gMdƜB7}TQ!x9[\0~{E =uhA8lؕ;\0JeB\06ei,q:T,\"\nMuQEY(Č2SP3\"A \ZUXpǗ33EBjߔZq<vVND=Ml(7%/bVmn܏VlS,#,OZ2Q+̱#:||h\"ZQڶExޱ8+Qu<ywgA\0yi`Q~\0Цf\\GmڑEui\r:ixmEr]1#`:`098?8Y+(ͮ|6id[@u{+hӇ]e	\0\nْ^ǌt=\"+9Ѷ%AeQw.B;B[<`RზhT8\Zϧ\'|/!tEMQ\0?9\"MYbacۂ\0<=pt|tǧl7l7AhB\\T2IKi\0UùƶG4`t5f}hc,(1bsQ7ʝbsU؞WƘ?ʙ0bED+*3yhj@v¾*O.1#d>#0~y]\ZfLUl?xqsB̀\\@X)y&j%!blVRb0RmV e\\5*Dyn/{)2`10lGn~8\nRkszvG^\'`*jݍkd\0!L[B6k{e>,³\0oƞ\'EFY	ܴ\0\r~sdSU2YQ~6#@x:W߽}[;I-(e\neQ`	д\ZB\nhnhaeY@\n\"\\))3^0 S\nLN<VgYzCDE\0FؠeTKv9,ڭ³C|؛ڬD|	\'8\'>M	t^Ay(rUby*мX+%NBјO\0ԑ:I\0t5$ۻOf>\09ԯQGܟ&Ȭ6ϔ<Cq\n͢ki;2el;N2ȅO8㼋FxSC])°r~.h]+Gټ\"qGa|1h<\0901\0$\0\npl\r8T,\0@Ӵx[tOR\n\nw^!WxnJP-\Z|W?t3?=%lvwB@ReQBJy{:IkZ\\uSU#W\n\'%HEV/)|ϛHSL\0#xl,-**-l$[91,沷8\0oZퟹgc-8ޓ7ed\ZʬT>%;E<k<kq\0rHc{` ﯔ`ik}p!1m)!hRDW׀?Yl/>^0z;9w:+R9Mx2WRPgܿ(\Zo׬6(<گ@|獆fAy@]@G;DER\03790GgLi \06i\ZS]C)%rb;7w/g>|o}Ɵ(}%	N/pnRl\rR(Jt񈧗^GNgys]C)	STn\ZiL\nb30bV8DbH#juܜvb%7b#fnnBmY2[nYKyM:9z|I\"?+$<pO9b$P\'\r17t\02F33yl%?eϛ3.#qRe:L/Y-O,͐h1PK_rOO861	aMc%g&<mb@b\\1ȩK(nA%\Z|6y}x$.)+A\Z\0cWE`\0r\0ELN1s\n\0xCWZL\05,]=Dt\Z6кE[3N/ěonf[>oKpSO巿wo\rreYLww+5><=m4BeJi[Ngh!{i9ʜдzYG`䈞&}?Bm6P0RJ[̚<7Рt*\"lgF0vL*kH\ZBԞxSsqsl=KҲ%Ԙڃrف{Iz_Nyc}6|!\\F=5b2u4\rv(伀MJ\r׌urVnrzAC[hG X\\4ORb}{2IHK\n?{m.EM/^n+кa%#1.G1Q\ZWe+b\"0NJ3:0>g#0T	DnE!gchF`,lKC\Z\\ўNН	͌PN-7\'d/-N{,=_Oi?{w(nwPR`Sn6 ʢT8QU55mi+Uu\"z4yl#iF^FU!a_:&uMS.PE^:\"0٥G`x<b՛naWޥqioPR:-#UE0/L\'ܶw\ZРAīD\\֝	kz#\'d\'zYi~$׸\\{\\`B|uvn>$jkV\0+ \05D(KqmF\nReS܅6③B5ґl|\0\"\0Kj.de\ZL\nhȕh[4d^ /\nȼ\0HeƟOgpx/ïp~_;@q~ywOx:p>x~5ڦe,nSrt်mA -\\58;Pu\0Ac¾`& &3\0\ndм3Ozǲs;ɖ2ϒm|[Ȕ9][\n\nNRSr\"_ND0.&]2˯`pB45SrV:IѨxqg߉%h\'Yk0>#%XH\n!ǰ縕H[ga1llɾm|;6St3>x$\0\0 \0IDATyAnCabnhN#́=\nGQW;tNm>28}\'鴲(!=ײ~Cr	Y.듍_1\nA\"H_R![#Lt`8\nK!?۬Z0/(\nY`hVs&#\\HQnw6;\0[umsʻ/YVΨN\nx\r@YȄD.s=û\'\0G4Oﱩx`>	|\Z\Zo|	Ceؖl7%6E~R%%gRK@Úrb,2#E@f(1rOOa5]6$uϜntL`f(4mךI]eF盜%\\;lh6Dk.P?&xGk}}aI2ɴW-pqM7]vb%q^Cl0LIriFȓl\rn^[=K?e3u%S숥tf<*5jLR϶+g\0&Ƕ9>\'Fx+`qlDbQ\rjZ0+\0WL_`U<\0&R^\02mҽ/J\0ӿ]Γ\0Hߤr!@ݣ<!3ںA}:B쾢ϦO8$ʱe$6l6P;w[\\\"7x_3Jn#N\nT3*|qwMAIm/)aH<zraH>4scR	J#Q*FnYNPt4Q;3AO(K81#A2gmK6n\\%ǫ\\n1\'0ձb{d]Duv@r$\rd#ūRbt®W2{Y!LpgUvg{MԡЅye|9tκyTΪғ#>COJ.Ο|ZdhWT.LVcIgġ/迾.\'s\r\0&\Z	lj\0Ƣ]a۪`\"ڜIWI(7K0{k`wkQ&`%\0c&!APJ\"3dy	!]7m:wкnNG4uE>4\r	||*a#2=P{?3Ucq|g?~] l9LB	Bd>E\n\Z`#<ꮩ<jy5#)Ũ\rfMYy\ZУVc)J MnQY؋/\n/ݮ0K!uin`45dre&~Sz0gⰎ:{Ac/(uΊFZȝc.%e]2\0kZ\"\"nSLwv\Z_oG*rϧڀw.Zgd:g	xk\\=}sVNS4\0uNzi\"Lc\Z)\0&adD.a5p/`p*YSQ?3i`FThIF% \rD2TW	:ƓTPlc\n!OB`a\r#?wBoxsw2/ {!ɳ(F*Fb\r&lxw\0E=m̨ü0@ҰQ	a\"Iy	z8iHFx೓ʔ48Vky,LL3LH2ˠ?Xz\rǆnͥC\"FנZK=kf Nwٖjo̼#w9Sg+a}Xo(ϯE7/NIR`bǉfk4!GLJۇ+K\n9N~<+F%Aw\"U5R+̹cGXқ<Q)w\0)pEcVsg\\h+?܇t\0R_hWݶ풸dv}x\0MMg2HeTmhȶ-i@MdtBu|#(v\0޿[7ۻ\r?\ncw\n\\|xpj*iqn\r%̂VEl6/.s\r3v\rd_h(ؙZeBg!W+\\2vO˜=!khG씱KyS4pY:-Nh_u	:w(jv/{DUl\rʙy&]Eg<>\"i\ZEf/\nCP&@n\Z5QC;?l\ZCe41!|.\'%\rH<aHX2a%J)Z7w;sw\nQHQ@?\\k\0/bx\0$F;U\'BE	TĪcE%``+(_>z|+%\ng	\0\0h\Zč.,7xOg<?=:+H){/)%T\043DjݢպM@\'0	OU	O<n*|ϳw\'-9%SQ\0FJNXe2\"LmK& \"^~rt?h-(`k۸۶Z\Z`Ϫm~/t1oơ`P\"Յ.#]ɺVqLrj-\rP-Xgq!K2\"U3@͠/EW\r\r{A7oW[&Q\"zsuy)d:|V!K-bQXK 47\00޾\0t,\0Z`p!	y`}T3Fn_|M\nOx~$:uѶm_SC7\rlw@\n	n4m3\rTVPuu7|W9y㿽W~qǿ\Z,%~E?\rS;fe 5_7&Es6\0\'?ƒ\'@e!ME<Vְm\\#Rm+sՐKg\"]/3ќVVݭ5U]=Aќl!CO&{=^g+0+\0F\nڦlLOV:~B	\'5VȥlQCd}e	(2{t:o:M{\'[\r;34SAX&|_#)mh\rzN9Ed^scۼ %n\0L__?J B+\r9\ZG׃J$QҰ$]`|90\0\0\r\0{/`\",\0e@/T.pj47%v;lQ%#umBu G5F@B D*7 ݠhJeT$d׾͑M{?h|\na#į?;UMYDd?)0G=,.V.:GO@H.bh+)v	(LɻϾw8	0\'\0_K\nH1>>\rJOQY3K<\r3۞ey͐bOY0)30{vN{̈́9wti]Q5ByϒNF1]K\0ZfѨ_d26H\'Kp/EJ+<\"2!(9`~_6h?ĎGw$=G,meO\n`R%=\n%\\!觕s$K)H(	c@Y2*\rɔ&ϰ5$1ZȳR)r<TU8 0\Z@\n,kbBXAY)K!%R {-y\0[F#Z*Ѫڲ>Ǘo?PȔ&Ch\r޹e2h)b3ρiZE\Z.F4!ORahIlf:F5jn8%ԅ6c\"JHsC<N|`fD7gŘMl5-\r\r\0\Zs?9\Z\"F|]#_2\r\0U1*h5fNa_+BGy|߬2/I{-=Sn݋V\\I}p(\0*d:U)(\řg0H%H0<_P#-2)uP3eYsHA8+O 	r_zþˁiѶMwp\n)$RP*\n`=\ZGS\nE#/\nn!v%\r,6\n	dJȦ>s	T2z4i\Zd$Ƅ^-P Ȕ^dDPNxgB_sI-r-$_Go8``pZ(\nQe$82s&GRȌ\n;bse91dy4`}৪޹K\r99*%hݚW}!Ț\\*BF`b	Nyv+^^_@˚vi?RE/\nQ^0Hٺ%Y!PT?>΍7Җ\r\Z)(é3LA@&%\"$?JCU&n5ںBUQuWWFQUMg2d}4F@&ʼ,q~MmcWfP]-r\\~+7Dffh0UZGF_3\ZR0FPks#7l$Įuig&\r#͚Ѥe{\ZgD؄F5BTwǘ,<7xt%ȎI(R0\r9/!ph^ؑ2@ZLtkĴ\'ld\"!o@?Fj4J\nEpИ2ULag[Ѥතad!ѕE\Zrp:-|&ї\\wI/\\vWw	,2A]a\\P\nj\'`p;OF`́Yxo^Z,4\0kYr`b0%4̠ƹp8G\0Jt^A`\'4o7r782@JS\\ttx\ZJIm4-\Zv-ymYb஗N~wؖ9L\n%)j)LqFIј_4z3Z(gB8BT3+7º&)%ӚB3GKTBuA+jqra|F\rp_ڵv1DX+y\r(bCƖ\"ޤ^ڷ0A%J.Q(-5mF_}PD5*RC8NWl89XSŀ\r-1=fKHM.px#V}/Cvc,᥎824ɳԓӵQ\"t\'Iy\\A$٭C0z]/ȸQ챻M\0C\0K57FNt\0C9N#N&nBHm-s?+pV#20kTuӹ¹\"$6Ew{n\rlm2Jm%\n%Il\r9ag0PGvm#8o[ѯe4[riMcCWPr5tMU)G-뺞,=y6w57̕9y+MŔsFqaFILG\nqҥ(]Z1YܷKѼ\0Lo#*-_k>\"	R?vbk\0c5ԜF+CJ\0<O`.P\'0ގ\r\n#)Ih{9rl\r\"\\ju\r:|w)f;A0~.$.\Z}BsAypO.m~Sowxwö6&6W(3\\	HAM\nxahM`h^=tKa:ټSN0MlQ`6-(#olvWzw<\Z,j9)+Eo\r4;T$	nj	G͋f)@q*X(Ruw,\Z#i٦iq<QQ<C,yFJ@ ]TZƓc6V%]@?>\" !ispo! cP<ͺT>yl<A#3;QVJ08XߺFs\0w\rRL3yAbdyPMnRC/	`	\0fx0ZۜhKl\0žK0}=U7;J\0U,s\0a(AB3y]yMۀR\n5og|Qx(jY*2RGfȔn\r7]˶Ȱ+$L\"W-PFj}7(;@X=Ŧ/uy/&%2{\'6J+fLԣZp{lˎG=5lhټuJ:\0$yY=wLf\rj8G\\xɐM.e-5Ps0O1$>LdO\0BG[YmW_2Jgyi^\0;G>mK5TsN\rS%%{ߚ$C\n\\Bvb\n~|k3Vȍ=\')~s\"LQ+<I0f^_7LviꪆƊ	IHOP*ޭTrX,$ݏ*\0fO`\nd-Pg\n\Z\00AXP A)[dZ#3y	\rFUS㹪ݹ/~-.SJ_6#I($B\ZȲMm!Q(\\Ik)U\rn5 HEDKjԓ$bYLZ#7ԱR#rݾ]8lNsmgH~O!π/8sΝO&OR@/`b̌ 4;D7iܑ#9[=l 1D^܈\r\rp2Nϊ&{Kfϳ+\'-߆~uFOhG=(q,0)i\rbģ[O׺Eh6\ns;xmo;\nl8xi}nI0 l}&\02~?n\0`N^.V!K~eؘZV|BU5Ь!DF-H\n/8jߝ[=5~im_nr|VL /%LYxJT2\n\\bJ0@\'W/L\0Dno2\r/^^<yJ҉8ddW#G{k\rvx/mM4ȭyص}0G\ZgJ1rH=/i)=d<f3bGslH 䊠 P\Z,%/Y]h5U\r@tV\"N\\@BXnWGeڏ@]<(bp=8K0sʬM!s#NՒ=(59o\"3͊<2@sMQS%6N/Dխ~t\0a\03/iL\0	ќ[vON0l)-0_j	=]=NuM@(PZ0H(h	^4nI-osW;D^lJhAJ\\Ȕ䛠mKQ5\Z/U\\	aSH>Ȯ-Luk2ĨGCLkȕ<W˶qIGyr5v.$}8j+y.XΠ\'3&g/D[Cȱ \\\rFq\'=MB!dCeʤJ\Z=o9w\05AC%D9\\Yv8lmN`Ufڅ/	WqĘ\'scc8LDai䄹cRX]s2r؅p!+w{CPJyet\nP83ЬѶ]5P1\0AI\0ێ`0?\0\0 \0IDATw:\033Sx h	QȦq\rZ;O\0rt)-3/3ʺ\"RA\n,Bs(%y_V>%m!>ː.DaӚ\ZB~͌ڲH@K(̳Mo \0	ӻ\Zk`H!C$(퐽o?E&z%$Ǻy%A#Ñ8\\\r5U/Su=d#!q$9ƣ1\0M%>>ZL:^ph\'\'SQ\"щ눜|(B^4{=b6$AYq&XGڸtrx.aLL(X_㤦WاhoHA[U}$ƺ*`Ks\rУ?Xy\nYKeqA*k$eo+\ny%$ZPi[032!P\nMvbRmZH)wE#\"y</ݖ%@3rIPCҾ :f@uTƱjtt;S7\nMau<Er*p}r&d$S#+fr\"&>xa!V[/ieT]s0%G)B9q{I\r)e29|Khٳok1$@e\0M\n+?9<}bEL=}ǼEKCc|XEKq=88>:Ko5{x2\'O^e\0abiMSd;E\nC!\0FkOIsu\0\ZYTb^\Z1urONi\'\0mF\0{d1Iuwwo0F+5u\nV*	K亅îæîQ\nE!L$$`hdۖ;;*Y0΍ƹjq_@	ntCИgl:=\"4ቆ2܎z Dl\\pȀY9/{N9j/ٴly\"}CjcW,Дr\0+;51Ib QAd(w.$O0Ĉ}r)NwTg\rWRh=a\\AoH1,	u\n@8k@khEJ,|6j>2iEGBKscZe͉}JtT)|v7hF-{5}b댌>0& }}\Zd1W4n6O%,з0{+\"|kLHBys `X`RȬ3-/l^ݶ@!\0)$v`v;Ⱥc]!!;]>yS\n	)<vwx{6&öP(3<\"/]foû@5Ѵ\Zf4msQ-u\'8PMF(@&ڴ²2QwӀX\'lu@ｶp9t}O[Zl\0OBu.-ͻƀoyr4{&Q7R*oYB8BF7f\"ُSccor[Y5Z_8}ve{L;e.)G&b2\0\"\Zd-2`\0\\e{9Z^?Ĉ8)iNObr~(IKxusUĸ!931YO<0	e8Ab˵*q)=n1:a\0fM_wI!2Pef[)QH<HRS+S9<nS`Sdx{ovE_Er%)za\'cĤTMS\\piuӢi4E[hQpE\Z;	h\"\0`7N͈qH҈Lb=99.浼`ښ댛ː}}E\05	\\\0K[3!]|ڧ8\0K:!<\\dZ?hǟ[_Oór7\\\r`|ɩk/;6*qG%kum։\0kTٺE`.0t{\0\0A\0cxmPo\0\Zm&A*(Tx\Z7PAd8uC[aWwɱ+T^2\\uɂL[-wQNUN5UjEU787\Zn!qYUCdnu)2	|CTq|ʳ?S@aHxnL`zwII\' _Wgc*d.Eb)]#zӊzA6yf$aEicƚיi^Šl%XZ{L\\P^QB<i9r/i:V45GFF/>μ:{!O#=idؼ/#e!K!`L毯!לZhۦ}ºAFWOe	\0\"\0	JR{P%↳$Sʟx\0x=K\n+\0?Ilk6hE	5MbEr~m2ö̰e\\z1)Dw2p60C˩jP\ZMQ/ϧ\Z/3@UC0a\"/e4.lj܁KdCS!\Z|v|nfN~ɧg\ZfK\rM~.kDRl9eX>ZLD8r^t)fWOKsۖ٘MegG.q]	]2#\ZZBVkO\rІfAZ-4(@5r)ߥy8>Gv\nUka|Ȧs/Ϭډg\'E`h93\Z	&XO\00& ڜ@]Y\n^AoL\r`GRE=k\\-쭪h5p\rb- 7:a/{|qǟ-(Jl\\$LNjcNHD-hը87\ZUۢj5εTT7h\"M9+zg\nչ\0tݻ~vk	ћB\nL|i%\Z~11]7|ר̿\Zit)HF\0LyA:cSXP,\Z^_$ϽΓ~3\0*`xfjXFeF:̵gJGΑNlotל@E/f O \0CQ\'77.^_}MI@t8!3l\0C!xe 4\0<4liK$?Yȁ	V^7!Znн{Rtbj7T8ox{_;<$dR Վq6C[4F0NM@s]1U8 F-Mq<8x>列Ʊ@`/3VC\niypXW2X1v>:Ca\0db>ϬY;u$#۲>\"4q\0OA\rUԤYbvBdIWlg{T,\ZrMP7(yrJ )Jw=lmRQ3z22Q2Jp.KiN	+DD#(y\0&^yOa$O\nH)\r3U<4R\03fEfI^^D,\nP@\r8YxČp-Q[|x|<#wrB G?oho\rvYB(2Br) % H8o{XXjp\ZuhMT4hjpjg0k{[FvN,@w5u2S^ZM{σ0󥅰@qԗ.SXWncԅ]KkZ@ϭk(c1_ty93 {2\'c\0:RcTHnH=5ɓ<7-e;.]Ȕ6-B[>FH^gklu3^.a$Ԅ$~p|/q2rB-M%[7aZ}$BH(!r8\0S KJR}ߧ0}F9N\Z$${7-\0~0\Z\0L3pto3D\Z!NEdBBOߢݦoy)It/d?``_-5O5U\'7\ruӹtUUiNmѶ\ZJ)Ye(BNL3еU<M>cs{㯊4V6!O9V%T̮./{Wuk=q:d!\ZI5(\r}^nL[`;l\"6=Eid\Zwa+1\'x|̹o>j$͎>m`\niMDv.KV48?v6ap\'(L/Uz{\\d\"0R)L|\n-Ȗ>sS\0@g\nPg[osOL,t	1ۢiwP~B\rxݨc1 B WJ\\P\"nm%헙@ +2Sd# Ci{t9/UB75DSC4\Z/_N|x\\+h݂Rt\\fy޵_ZMh`\r4M`<\'ĉB\Z)+3\n~ڕÚjqh\"65u^@0,T(qjiz0E&Uys랊-.q/jog0/7Z4Էғ\"c]l\"3ǌiЏeD̯F=JEaDbTC٤k)dK\0qo(Vk#0K|F\nEkٗA$e%SpY.0;	O~/OGP\0goJ\"SSr&\\bۃ\Z%	BtueL.imq\ZTMW՚Qin[\Zfo5\Z/G|#~j3q\'\Zm:esNg=+\rf&1T?LB_f/Krv=y7.\r\ZIvQ(pS97;g_rfΑ~_#Mz%a˙DC+:岄$j3i&sCA|c].܍}9kߞG*;\\`Q^>J|&Q%| \'MDUK\\#>X6CМ;V\05#2\04~dOfʒr^W7\rAeTΛR*` N0l\nIf\'\Z\'/hDEXPK?\00	C̠j?~SԼh\ZzWd(r2S@y/LڷnhuhF\'/ǪnѴ]K54\'usC86BM6l%ᬧ|(TW\0Qt~~G]㫭_m_80F\ZK1TJ0SAĒ:]Yzc\rxg×ia˅lwbDeB\0(FYR7+B9o{ذW,ȇs¼me\"0\0bv@_\02=A~:*a\nh4́8rt/`B47cchC&a]R]SUeErM{}ݪϻ\\	\"̌Y\0y*Hy>OG:ET(b\nPX\Z|\0şۖ!\0/?-\\́qf(r\\u5^2I}~OkWi\'{GYvu}M:[VNdٲ,cccpayo`fz<xY<`H6Xl˲\n::wWuNqn8[]M0kisg}u\0>kmVeeHY[XIGb3LN*<U|!q=-MC	lv]/cT,JPҔ0\"+ bNf\njE74AlBOE;e[x5SoɲjgTm˙Jp\"n|$<RWFsV*,+&[+t\n(왖/l\0Ljhc#gA#_~}fWPE)E60\06]!hL=0!H	ٰ(]v;󩇟#G&Cbd>Q-|M-nk~L\Z|)%~\nT:^I/$Ӷ]kmE!:fmZ|0uھj:R7Eb46+0C1B;GPN%2.^qW:(WK:Û	(>\0p@u4saӎj\\5p 3ĿU, ^ee#?p֋\Z,V|%Q;,D\'8PUqQ0Уϟ2=jceW1- *U$%	7+U\0\\@D/{%3鱎2_Jl}m@gTI0Bb61z,\'yM|R\'}C٥h\\jn(_)aAQ`<Em$/Ypj鵐@٫4xUML]ėH%()\\?:nv30^lvm@XkxKp]jA1xʤs4h:SVo0QUAi0 @j\ZvczqJ=,=dE!@<_g\"88\nyZ2zYl8ZsG3OU%X_FL\0>~4.15	T\"7߉f))yK\\EIRX)A$ȌE,~r2i`7}0}ĘƵw\" <roo|\rd-buhQtk)\\eu<8\n9\Zq\"-Y񂹰t8+=*]ENF$&?EYsdKh1I>*BcKAMd~\ZUT*#sz`\"N=t)ҜY^\r?WF0fzxjP6Bzc/PKim7Vvfa\ZWi.}8,{>JqAhB`:JYf13@h\Z5uL]Ӡ\\ZLU0t@T\nD7!\"hbUh\ZswR1*EU1c#hdC,QwRJ%nUgFEJtZ\"&ZX@ >DYߪ@w>db$%<RJ8B(`;cQ)]QP\\Y#YA6ۜQAnZnW*Xoő/kߊl~&w-\Z|`Sb`o\'ײIlOh{Xq)UGsM_UĔR\"$[N՟D*ȴ-F0\0&}05S$ٕ1nc?[NqK4W0=.`ba0zcIz/:R%\\\n?=qXmY^[c}NdB(xB(hAYy:SQM\n\nZJb:RsR\r0Biu-HjlȧEٓR\"!@#|\n!G*aG@RDl!qvArUnm[D3,,sp;ڗogcC%PymokR8	:cAVW.&u:XCf߷esTbT=SBW\n`V+OL\0\0Lr)7$2\ZJbX&yWxC0ct@mZR\0\0 \0IDAT\'\Z/Ug-nWt2:O}%=!CC\Z.cА2$\0ǚ4.ula2hMik:B[ɠ/hMA,<8+ZelHCl_#oQΒjeXrS5\"tQب-!w2o#I:gZҔj\n~HK7gH2NG8\n=kH\\(Zzy2+Hv&hVZkB*KI0,gBQ1+xX]`˰]zR,:zVҗ!@(\"Q\ZcOT/\\dT~U	4k]}@i1gKerEA>l\nG()vJQz8+Px-!DN	*`(0\\A	$* &	`(0	-!oL\'ο8۱c\'ΣCQFi\030P(G%a)+lO>~@,0[Gڞ}	VZ\n_z^#@׍mhA{0A!L X\r\\ZV?^:\rc{>2Ʉ֛kZ=ZޯZJu+1cO*;laϳsÃiǡйke=	{SsBk!x|Sz<p\rخyCJ$i29?{/ulU7^aĨQoE,*-@)FګFo?Y:RfyA<\"$A /HA\Z͹rE\n)D\Z̧dTY¦Y<n3S-j}L~ˬ`fӭGg\"\"\08J.\0t0d*S*P`T30yD\ZRFm/T\0`\n\0HdP˂lVF>p;8	t\0FfCqZx~2|JRQTQh_Ғ1nհ7 [o8;v{`h(q|@[Uc:N@Ӷx+5)U:/eJ(1eQ^-!,Wv ~f\'`cnS{WenKЄ@՗g_4\rn۷Sױ񊂼:ѺvNĹ(ШVhԨYvzFŪl.Uj {Si6뀍7YemV:|~wyR/O$Ndff^/ j#ttś}/%!IWlz9YVxTc{Lv^*>_EHCtt3\nbi|h(!Ewˌ\' &267gD\0#݊\0\0&#%#2]1>S<}4~Ŋ+0*F0KaKXxtP|l[bB\"@n\'pTqMb\Z:md2CLMC	4-EVURy.w<cX:TxNgݴ@ӱIl3ERz1oZԣBFފⲬ^y>>H|\"xӍaBF2e:|Wy,\rgQVm$GED+%OYBp9]ayŗQq\')%Y]_Kx[^u;[gU=:;`⩙,D\"&@c_w1rbi59*vE#\"3Z	`Fa0R[5̣?ocߣtr2Oچ\"ۘpq󳬥>ϯ^$Q-zb;˶we_~\r_)BhhB\ZJ,\n$sN=`C8X+4ZKJKoA`%b]%t\0a6\"3jo%.Ti_0Tm*ӔoAdыb fS<\"ͦ\ry0z2ח]q<_ҲڮˁXXaZLWM,K	,-*:>\n_#͎GRA7L4uL@vMFk}%VT*p6v4˪׻`L97ePh@D,i$Q9QnS%k!u]>xht6/h1M|mt\nO}_ӏ;^}G\0!-UJlL`^A)]:vl{+](qt\rz%T*RRs\\y99fvUA~ ͜U\"Y*\Z9E#9UwpD*1(GG&ͱE/SZE,яU+qȇۿ;nrT\Z-\\`Y|Q bF0b~NS\rhH}\ZM1LM21=A.zBU͢ l@Jit_-ua(*	\nFL46l\'[,F\r?yj0\"s+vQ\nfA\'\0\r`iZam\re\0n~gfu3$Z{~Bc3\0Lx[*6x^HaLjr\\RHw=\\tPEQL׫U-MC7LxfhBДVU2]VRs8\ZJӰ<ic{JI4] Dh{Z6a`\rJ2n𣮖y1aM7aD+3Ա#x#w*B=C\Z_GQLEJES<~8~1xxpǍ40!B2UbRDHءB\'9r\"-7Z5	N=*љ\n#C6s~欣<OШHMْߤ2Sa#S9)I`&j22\"dTrX&kX@([\\$gz;u%\\w*{\ZF/޲0k1u%P^oʍ`z.6:Mh67FO^ٗ.v	r@޵wꖎ#`qy҄^Os9N\\X]چ W\\\Z5m]*`<=;Ӵ.[	\0Ӎ@9.c]Ө8n4gmEc#@TRjBcjD=S`:/OqِM,wBkvؽco|8ȓO:FV`\0L[Ix@:0\n:0]64mn[6jjzDh:udb1_0^&07b*5:JєU4-*5Ai!m(\ZfHlX}d\'&Ȉ,,Ҍ]6ueZGKFa-{#0W6\ZZ(dFQ~k\ZRI/-/?gx1wg~\'yvMԆi[M&Jr\"w.٫LTK%ǟHEؐ?b)꾉m2zCzM\nqf*9u?	b.۲<Ftr*e||X6arR>.S>\\I[%1_	M\'1ߋ̡v\nz.٭DkޥXKlap`;\rԪw}f&2&W,:r_>>$x@p2bffFH?XK/ф>Co<vr=huop>t-6^B\"|ι)^q>N|0K=$MN^;Ӷ_ҨZn\'Avy.255N %ՊEvʳ/rNSLV~s#޺Kf-}:!q\\gY	|IZX\\Ye\r$JC׻lK\ZRJ!XV۱G]טo29DcjIb2k`5X6ZCŐu\rt,!*T+U*V%ԡq:vHxHPtsXRc8}\'@l%T@\0Q>7}9l\\y;(:*;(0+(w+vd6tLY+ؔ\"i%UV|1>\\w.n۷<s?=;$EΘc-l*d\\^oRUNs-kA<LM9F=1|!ĳ	>\nz[%+#232FP^SEow{Xh,KPR,bb[y /˥AGP%9e(<}դ_ r9\0gQrz2u6$D-oRjA_/\'x\ZjBn9YۮI{M؃>B.^~m3~)/̳\'܄F瑳ǎ!QPIou9?G>y>wOPhtA\"\0S9B40%1DXRf|}ݯC|G;:J\0r\Z04i5;z8wt\rG=o%AFT+pT,}ɧ>O} \n<v\'=Mfz͇>>tFX:N\rĒ\Z0[F;cm<1V/\r|&Jd\nTWtMKJᓧ8ڭ& tj}I*V]K&PZ=R4;vhhT*LU+lm4Xk0W($uӠV1Z\ZU@f&P*ԫU\\.¬텔c>R)}G\rs7E4eQK д\0tuK_A(:X]\\/ȍFztj)hh\ZkM9v;f<o{+1;/%Vzʺ\"̽m6K+E*UP#x\"B+Z2WR\"+\rM6|L҈MpCd;r2	7^$ٱ~A,nۦ!HG8U>ڂ˰gJ\"v3YISǬ޳#<㤾Lp_@\'(Q} 6KmJIʈs=IEEb0MpwMkw-rݹˬ5;o5/lSm#MB):/zbzIcmE>r\Z&\"\Z	]i\Z[j\'1piݻS?W8W8bn\0W &\'/\\|W߶_7t~ն.2c\r.pulY=yen{<\nRT+;_<ן-wŎ%\0 Pa_\'ll,9G<)]UN=奋xcLNHIR4t=,MJt!\r]]%6$UgɶԱl1_ 4#4:eAEר5L[ϧKmu] FhzBPJp$~BS=-҃cKRwh6^P1~k_2Ǌ,C,~\ro~5t.,S/Skkm.,pqe	4Mn,j3\0eMڶåUjI2G_-Mƀ\0{:*T9@F(	V6c_/EQʧJ2$n}\\1^1vל>*nB8!rj%\'V	&?oL\r\r%TLDgTШXdqY(᎛4ި7a\'dqix<`Ok\Z\ZNdjջWMN]wo~ݼ[|/>ҹET^4Q*_;/_2m߃nojF6_z{շsݱk^u?#ӗ8ua\r\0&Y4?|䯿H>JY\0;C@ R2l7uZZu]v86-T\Zi\ZiQV}Ƕu0B^,$*xiZԫRa\n-RŰ,UTl7ePxSq0*Ԭ*J\\`K-Q\nD!1z@/F{F_Jźcs%\\g<cZHK}J$KNΊ%\"w)0T$Ӑ>Dˈ\rX{&&?]T)ir9a/M;ￓe/~ŵ&oԫ&K晭(ih/\r]ԅ|	*Xҧ91YE!ه$.U.T\Z(\n#gLZuv/놰JwfYBaHO`/KKbŅnHsЖ*eRe\"^ޗZ\0ʔ%j\\L7YZW\n^EBCqNbޗb,U^5H0des57RkX/B)5>ÏZq`B7;xo|ɣ,v\'Q{8)T =\rM @-wv~GxyyyhԲ/K	TP{y>q+n?ķѨگs(/ETʃH>znؿSLMn{-6*aKV	H\\	B*=w>~Yض* Pr`߶@cVPRRftl+(cұ\\j!˅X\nUŲ*XL|uV]\r.b	.4h+T{\rubdnF)C\\ 3Sdnr;禸nVnܳ-_ns=Uk\'\'riC\Z6~E6A\'b=hhR#KDJk{$ǢMu\r]$Oy91&r^v/UObQq=ɲ\nDW[ T!Xu#`\ZWxk/RXL4\rH\0$VOmqG<ʆPdW&ReLȘN_ޢlZrU`J2G)\'ZfήL[	g<.8bY*s,۽_#8g\"{짛gr2d5JC\"·H0^MYY2\r\rG\"#@!1\'&\nF=(93\r\rOȵ/i>f\Zc?xֆZD& sxT%4p*|ww~*3ϟ䑇nوgF0\0~ShH	/=qO|IwgǸpn	fBz}\nMznפ|Iݯg\'u\\\0#jw?3ŗxG}h!L0?]THTi05`y&N =Am| <\\Ay2ɭji05\r<*\nhB8^ e2VoP,zzתTt,~et)vðjY\\S_}?UNj**sc욛f߶9f\Z,:|yMꛯ^h~;5zgIf$c׋6[Tc6PJ/SO^os놽XфbSc\rlB绉\r_ר[9s,0790ffBԠ=:]\rLaap7exb3=YdeAbC9Qs|Gۻ)Blx_99Owѕ}GoA2yHjדqǋo^Gאˬ`bB4F\0\0 \0IDATxz?yko=o\'|yq0*DC-6x-[\'8ua{9VaT|l\0#uA&uWxc|SdvzoK>T{|Ә:j3?4y=۶Fv㾝܏}}N.\rnIHϝ8^=S[gB!L`\0u\'@!04 @\0%`ZjhA$m?@Y&e׫(ulڞMvvaӿFRh`ZL]RWkhF %ǡi.Ubi\0Kk{A(yxO #?t%˨(\02ɗe\\X^rCcxsx\"~ 8^xZ;x2OcQVF?b喡䬅.`<?ʊna+*G\ZN\"q\Z_O͉sxqNtﾅۯͥu>Wmv\0egJ$\n|VM.7[߾QG_,g!Έ\"]\'\"蕼uFW7T8Q\0$ζ\rSyƖj=&KR,>%أlrdZUt| oG{aT\\L9ps0LFMYoW##=fjf_D^%A_uܠ#\0QϗYZE6Ǎ\0AK)	\nطJ]FoԹ|+еDq*(W*.6%@7޴z8w;\0;~ KJ\0 !D6i_TyŉC/qqqs\\{o7gyg`a.EsL\n#a!4-v-|Zf&ܝ@qǭ|;3`\Z\\9b\nĺIll>Ե\ZhhXFX.8٥\Z\r]GvBSP&<\\mtMZItaXabj:iRשOb:RJ4Ĵ,4@u+%)hn tWJ\\eXh]GH:CH|;8Ekf2=5s\\s\ZBzç/7?Nݶ1-O}iؾc7F^{N2U,]\'dI(*$ڢ1FG>	\rMв;:wč{0=#<䵷J\n5D~i@䋧xi\\gyNDI\nD_93\07ב#ԹVf>-W~YNVhYӕ/wUԲ\r5غ*y\'`/Gj1QBE-\ncYiCIk%lW=(\\j*UYP!\r\0\0D\"1ޔ;ШغB<YU!n4bߏ3b=\n\0LY7*&zs\'?4?cog^q>{8zvÞ\rM+C.I[V_Xmkaｹ9L53&U7Z#g=oy5ūU<p {\"eh*Z|W۾) 3>V]o{-}sOAہ}!aع]=>2P&F\0#Z\"c{a=&	@X]_\"qE0UZىq-Lp|hx>ʲP㴛uVYo|\Z\"n 6U1=OcrF}zN}lêTHB:4\r_)lt\\$ץxi\ZR拗Ru\n~z/ٵuwB̎7Z&BʣNPX,Nq]8{NSX[^+anܽlc&\r&a%Q\'hG/r.\"FY$)<)}j36\r;=@Ӳ;yO~9N/m,ܸ8~\"ϟ<͍}vivlZmmJףƬk\Z\Z\'g0t[096%]FuR-*͌2|\"AZhC5hS)ꑩxхGȌmV>;\"IŬBk&\r\rhK5d>H\njz]$8ʡzd!.P\rY,LZ#\nD#q: 4Ly5ԩ/3F\0A\nCÛ9[2eݯE~4mx(OeDH8!j|uޛv{uך:v@r20\"I^^й%>Vhx;^ˡN?07%?Ϫg$5Nx]7033{o~=,_\\/<\rw:Dy-`P\n20C22aKe@\"=>8\n+ح&a0>>4E^bLMa*Cˢ11dNǶYtXtiMu(ڝk%6V:60juW\'2)@\na\" PxFx63eF@I\"Rt3E\Z˰l+m{w.Cyi8é3yn-{wr`vga`\Z:J⾊ڠsllB%؛@0q@ȎR\\\\^x#`\\ww^c<s%yNNrST6!$:u/Wy>ul\Zg4OC2\0L9r\\C	Mhʙ,!Fs7!gdLJbxFÆ}B̈xJd\n۵>Q#EE?L]=.\\&|:ؼJPn/#0FsMz!j^myoN]z?od\nΌ! 2G\rhc]y~;Yǟ;/i},d\0&r-ӀK,x\ZLf;o}GF SL@W;\Z?p]\r}כ9~@Vx۷Ϸ~ӽGNW,J2Ƭo/\0elzui./9ngkT*MM3)us~2ԫ1nJM8±]0c/$vSY6@c|i}\ZSX PI3\naR00*7R6*q #	\\7mD5VOBpݎؿq^w\r|!}(K=~#G^SS}}^^qnܽO;qPTB5B5TtAS*R\".\"TR~34,S3/\\ȉtVٱw;}8>ΩV&0e;,qĜv}Iv2Mp=s8tep$ňc٘ФCaU$>-P}S\Z>t++X\0ArH\\RQHLe=\"1S~0kiBAYqֱLI,0/WOsD.y\'My]~@xgy%C˰BFGi~݃	~$uE L\nrani,6O~s^<}\Z9k D+3[^}rol_j}^t-7^xxQ>2|~L!N%de@wqmZG#q\n鏇d%#Rc͸^J+,loO	K|\nJAJo=|_X{kb-o}\r:o35yks9vr4\0b lס\0&~]]SlZ9TԪu\ZSϸC{nI t;6_<yuhT&hLNRё|ɵH&8bxmDSBRX:֝$0\n֗p%S4C\ngäRi:2P2\nGY&U,CDPT,ǞmʾmsR3-S|Ý7q˾91=3N~_rmܹ\Zo_|?#sDwpŌC&ĔgZ	\'Le>UToԒJ\\塧^Ů9nL2ym3QC4@GD wRrǴk,9<~%9zz~z)Ny\"3jdUnb\"#e*^S\'\Z\\FJRB/㤪\Zv=빜_>C#r\ZE>F\0C:I\\0Q-L3(Cc.<ӧ)g@	%ԈQ2g}& x{n2g.Gu榦\Zj SGKdOI_e4Xw~-/1-c*`?fD6wp]SǝY9wtK,PL*{LbvxiIjpˁ=M䳟\n/1	bAnس-s]oࡗ_9\Z˷}7:?:7f`\re_[\Z\04&ZLӴ0@󹼾mw^2i4;6.-0Uf&Wk̙&f]khh\0:BPJ:6mCiXUk}43\Zͤj@qp=@\\b!|Ly\Zy(Mܸ+z d$;ffصe;ػuOrNܥe.,Ӝ7ֽ;L/CM19n0Jr<m5Kvm`ͯit#X-ܶo7̰js\0BcPk87҄`9ʎinڽU	%#uΈ9\r_P\\9QmQꛇ\Zo=&/pw\\Ҧ+hmtw\Z]U*\'9uxiL _? &\'C\0#s ze>\'kx4󾷿/><qzXYUoOymzPFkEO͙S0\0r 4tݻ	.]^dCrACߖN<g7t}#?oǞcmm{Ws3yȘ0$C6lWii U(x)D5wq6~x.k;J4@\rn P+iZg)tYg:=~Ƅ)\ZX\ZJC4D3vg}{uN\nf269Qi1:M d\\E٨0\razK/ryp-9z?\nz>B&\Z}`{CqY-?͉K<{,?OM۾\r0Bth\\[<`2\rGh#(uʋ7kjO~g/wsס	G?25[^a#(ۜfquc.\ZsӓLkEeo32(ry/\Z7J,޼&LA̔\Zzo̦>%2RapJBgJOJ)DI	QШF$%ZEّL3)6\"ᥩ\"ъB *B=6Цe1b\0Ů]7#eKp4p5 m/կ	Ĥ@J),I=oރ8o{*P0;;9y;24e8QZ\r9tvsrzj6mTF\rрI|T-YeW5ęK4[6Dd^l⎻w\\Vy`Z|#c-O|{*.~_?}|c|_0uc!+0zֈ[X/@ʐL*:xGv׀A:;zI۵ח|9-%S*j8k>\nf}u/%\n϶aV\Zfﴐ2@3e}m1E\\۱GJNrTyINPpF	^8u<\nUFZFSt~jDnO~4-كXn_&|\\n:%FHD\ZxA:ιNҹ)Stc^S\\ZY?8`azWp\rϿt \\[^0KZ`;\"ٕ\"/ht\'ıK:u;1\rkP֗ȉG!JzS2\'fQUQH\\׃%dL&(/{,P*k6氦mP2qFRΚ,z]!J|eJK*ZVVH,cTnT&\"6S̋Ht2j>6|/%CS.څ؞$bsb֤,#:1RF#\0P)<I~|T=oeX%BF\0P^\0sL-̄MՑɳ9D\"c)\"zSoIa\0x<D.uu/A\Zװ4TG[ͯ;53=f9;d\0Q(\0W*Ҥ\ZRލ		dQcbA^Ղ\0A8md(aaM>!k۸v=4C,$~@uXw:6k#4hBC\ZJ]1*uGTMzNZzX\nA\n#4?~OAcyi-3L!M-c4\rK7~CS2̓c<q,Nê󅃇y[\'3Ɍh\Z	.{Ȍ0\0EYH8ME={>Ki1=_Z,>7}J\"5$AH7g<M\\X^3\\8s7wcp3L:{1lJpv\\i6 F,OR1T٩4jN~byA֪q\Z{|hDb܉lb$UE)$\n)Hޥ\'R}J*\nszY^_(|D\\Qd(]\\ĹSĝk~喟lp(Ek4[A1\0l0I4U\n\01QovǾ{LR;O>r}L^Q%vl:.,ua6X^m[ha2n+@d^410h,n1-	y.a\'fƹ.-?$#)]\Z/|8X;x[^Ocx=-.Dr.TיD,cm2k(!ۨ LF\"}><UuJuZxK %4\r,Ӣ^oy8f%2*`fb\'&{IJV/IG\Z<_{<ZvγujX==?dx>3AZ|!vC&fG;޺k1F|TyuXD~ rȣгd\Z\Z_=tiXwo7]˓G_虋:mL}RFc6<.HYJB\"/-u^ȉ:.la߶XN`\Z^ئT8z\"[*7ees݁B{^7^p(UIU4vVCRJzsRU0ILAN8W8ϧ)5!#(o=rU%{ME)rV^5KKϞ>ƍس\0\0 \0IDATk3I?٬ڗ_L6G^v&D1)~?̽7]ë>cZ\'>GFhsփqYvOcqJf4:j53۶Q\0zlf6tt$X^uTdL#ve4\",\Zxjz45\0\'F$[׺:G7~/T`j\rvvAL,d\00)7bfŶL|TAh+I:˙9uF˞<]\'<L8vCJI4]g*T<C#=NsVmq3ʺnBB`n{0=fvޙ؋ǻ0`s jZ}GuUYyyTw$RWVd~Ynzs9r=9,b~~rgKn)U#wC}rǕ_]JíR0=73Dn\ZdAQUz\0HiGXZZ!([Nml-$찾ڞn~6摫epV[!: [:AKg&xœMƑAX)idiT$c+h5RqI,E :[dp|\r}z*8m$W5IJimԽcKkzFZAu۹!5Prg%d\"DrO>\Z~L6A\n\ZjH>n\n|Dȗ\nkKw^Q 	\\y&\nl,UmRƺϟ㉗N\0kX,9mW\\ɫ=#L3%tJɈHME\"p\n^6iM;7?\0f8|2^.ϗxuӗ6%/;wctI!xIy([Y(ĳ0r^!ןcnT]캘OeՓ&c踞\':,ӐQD		˞d|wnPۓ_[x_2uRl\0&K2*Ie9{D4rY,MХ*,m*8v۶2UW5<G&F>s|C8VRD5hF\Z$rexKRY<q,4#E\\.b;= 5`\Z\';\'5w\'ɤjJɲ9uӋy@*Ffk+(B1\r%f4b\0`6on\0Dxchh4l\rdQӦ!ܔ\Zb:iWC+E>/+iRTx#<w|o4n߹-kxe..2^grFJLT!Edt	UcĹ(/[ii,Z.}ՠ}9pMlo.8CVeAÛl~Dt숦@&z7eu~JB+|V8m)-Tpc5mN0\n%[əж2d\"t=oO$?qoYO:C7o\'<fi(a/Eg+F߿UA/<Ͽ5=\ruoz͜8ͅي(կ⫅˜iP,V0Sܼ?i6sivT?s7O2\r<wvft1zV!$pGu=RK6NW6ѝ1xNPM\0(<9piN]\0(c`	`+շzĪj\"\ZzmL$2HHMGQU\\ϥlXZT6ECSU\Z&UX4EulFu;up+E=<LQ:(TUGtsJϮPIK9*\n>&|ߢdj2cW[С\n\n?|:1+&_W9{OqZX/qnj3fu<p.|0R<{dscjX8::^f._ėiГT|VWx&@&EWU{2:cO\nìB`%eWUP#]+?&(r879<Ɔ~)חtU`,\\ghVPA\"W4ǚɦ6Z2<?(Wձy#ؿVKʕ)8ƨB.Ӌ|05/6$:E˽pbI\"6X>`B52<q)]\\&2y聛yiObԒif[䵀+^zˋyȞݛSܰg3.qX|rb~c`Ƈٹ{#/<{rFԙ]̥z0M]Ul<O>\"/4mdg*Lah?xsl<F+Yh;nm?s\'O_$?sP\0LCk)>MS0tSIi*09D:F\"O_Ƥ+/`9仺uw3KjJ\"J׮`}OJ,BQ\nVJV%݀Q5R]dzIugc<,ۢ\"lūee(3-Z1Zʨ3EB0)\nŲœ00\rz2)4:6~ঞ/ZK\'9tY\r7«nA4ɗ*m2aW\"GLFJtEQ(=-MX,ϟv<6rέd3Ҳ]:<r)-bv3>ǶQTEsau؁bh5b?g#+J!]3|\\ʗ82tc\Z\\}x\0U߾d4)ISwYXe̒gg+vGeLQ8\",%b(i%.{\'X#Xck\'[sNJZIMmh,HR\0mڊ)l&Q\",_1\00*Wy_7\re q-Y*dzL-pO^\ZdXk\0\0[q$H4Iy>b(Ǖy+?duzVXcC9{y+Em&&;g	Ҧ*L.13>7Z\rk8wifٿc=<wuQ5IuXL@JIFQPu9f);6pv\n/9Ź8^kA\"ZIz2*)vXgғMoy1Z}?0\0J<\'TٲY.\nXNz.Llڤ;m࣐fʛX\'Ml7ׇ8<S/AǬJ0oRla)T0q)H#a2dLUтpIwK!y/$OIʅ\"C4Nw:LCGGr(U,\nBBPi^<{]faHw:[nuc:^2Iȶ.hJՠtAG[Yf3CS|^/:vnB4nٱ,Ev\'ƉKݓɗ %?sT,g<o6b>:2V\"\"JW2\0=QuXX\\3du=60Bvz 9fsA&q(z5̾&AAJL3\",N bJJ&Q>\',b.V!)jI}|bFR4&d5.(GHl3_*\r!Rް55B.sg\'].c07gV;kW|#b`L&~2&ّU)_5!LV>M)kn>GC\nZT½w1[@O6.CD*r2	\\uMMÇOӗo6n>w82}Y&_>Oyf6s	Ї~\rEU1SSL*;7R^b)_[.rsySlݳ[nfp/=9q\n_ܷkфhwEa;|3û	y\ZS/ďPot\'\\M\0\0ܐR@<,ۦX2()I*\"2JHiRώ[H(\n`YˢT\\Vhh\n6PHuv!4)T4\rT*\"]jHE4Km__GZS(_^ף;bH?csaz|{xOٲ[g]BBb>gߖغ[7Г`^%;<\"Z̒9:9;rJv0=,_LIqFveUQ:?>M]gbzo=%]ct7z#Ϝ8Ñsٲvͣ#d^I-=Tb1fOLUMK\'f֤oB=]Wb׈l0맹MdX̳]G;ΚU=ık\"+Ì5&1~c\rȪIh	8djEJ\\8qi<p;;׏Sk1~\ZlxN	Yv&i3agV\r)]×\\,?vxj`AT>|ORX`&ز2KE|_&z&=Y-x\r͘|ojG?xqz\nGbdSLL]{%^<vY]fx	.O\\T-!cR:\\04<ϧ\\MEdӁ\ZZB~\Z\0\0ʌ?SG_~[_{]ܺm=玁s-\0o`Be,Y4Uk\n,ĲlKe<CU<BT0\n]0=m#覉节\"%n:d]f\ns),POŪ (N*=\nU)8NS(*B1AYS)WT(2cR$HT&ŕZf.Ck:)PUU˳d(j\r9{󹲰D\\u]Je.-rif|l&æ0ʞjV`S\01,dFUZvTѲL\"~Va0jUz0_Af/M\Zq[w.{&´;d*Ss=l۟c9qa|;ｍ^)6y9эMjՌlq^8uo=wi\ZnPq<}yJHq\0=I,h8/ʴ`AINن+Tv߫+b̸\\8\\A[42l6\\\'5Xz\'~`uIW	)l:>Fj?\"mR.3i4Ue(cxo4qI\0;1x	q)eί[~[E$1sVWp]P/sKE~Ͼ-c\rr<whZLY*6T^\"k+\'CQ{L|o\r 0BMBڄnπuj\Z@l\"/>_U48{r\0EW F&|%ʮV-[^O\'_|oxl?m/!M?@O+\\\"u0Sv3,!𥂮b\".KKMG(MIqaVU)r]4Ub{Tlv\rA3RhN\\ԥT)}<Ŷm,jx)hUvll_R)#]rx5uD:kˀ%]_U..rt\n灦0OOS斋%<w=_΍ܴe=9yl5!\\weLXD33fAn]\".\nα\0j.OT,1[vl;:̌ǭЪ/ɗOrY\\χR{kǞgظfM4]b6W++T_S\n,\"\"*R7ү?7󙘞ȩs\\4MnFY?<烢4):!eE.8F U:f;\rY5Y=_}`YDJƚt<IE4?)I@ؾ8I4Zx_C&Ӓ`ʮK3yKm?4R*JN\\XfMKUdo8ѰXEq]&fg9xrdW*m\"ƔoYp%!VL&ՊJr\0&̾H(ju\nǽNLRmclZWn_S~K?7bH2زMW29Pї\n}	\nLLZZaD\"M%yW3锡&m^1x,6_*ҩt=Ԟ>{?|,P?\\S߽64̣5C}_y;O=~_8\'YUR\0mQ/h<#\0kF6Eэ(p,P+=~RDT@UUdO0\0MxaN*BQT<ö-\neJ4ki:Rǡ\\.!}Ib_.by·)\\aoNb :Wpyn\'&WBvYZĥ@vїj6͎\rm{kPȤLR)TUH~OM%R[+0Ft-g±<}gqذywo@_Wŉʨ)Bp^8su!b熵ѯ,Nw&x^\\$+xp8\0\n	RKIJӐRxY^nپ=G\nXad]Ģ\rgh\\EHW4a<DLb5;&I7dо@>TIne-ϯ6O\r]P>z~DBe$h#=\\x34\nmsCúQ8x4OgX<m^O_WL:kH{8iXq#\0(>}#.y{6E(-U6d;*VO}Dݠ7\ZOH)$u\0ޥ2#G^RJC<=HOwc\0O]⣟&x$\0Sab˳x1>r]\"4j\'\\T^\nYUJ\0d.~?:C_OWƌO:Bٮ\Zn\0~T>R77C\'ηUU@G?	>gE6m6a~+\0g7D`c&;cj(BҲ)Bi\Zif}4M0ShX@ttdLR@8Sep4\"0QouL.)3\n]ay9cY8eWR(1UIbah	KW`ZgDp._`bzƺ~leŢe/US&#l\\3pMJ*nwZJt˿\'ux<{,r%ep\rxݷ+F8Xt=r8?9|nڵ.\\ԥ)>=ܽw;GԦZRIJ#w	G/9yyLW#laM_/JA&Hqh?\Z|~ͦl3!:##[v*ʼYߚeJՎCG{Z5*W*<I:ˉ\\Yd\\b8L8iɴ+ŏ/T)=<uKEa0ThXdɫ3EzpE\Z´H0:5BM7\0Vo1<uj#S:\'_fۖ1\Z4!x߻ixu	*4è&\0\0 \0IDAT+so;KO&\01~P.}bM_l)\Zҝΰ~ L*Ez(t,m`j̏mJncOEX\"m.x{=?σcA\0oz=|ߤX\\ϊrX;0)lˠo) ,.2x<FSPqܠTn\"ʠi:\0W3fy9MPq]1(Ap`L:h\nғxcFB]U1\r4l&aH+\"r|zZ68i+8ATIY:,\\RX,,1:CKbQ~f<},\'/M35{ٷu#\\l$\')褼d5e|L[[u\Zh$r!ɗJ4ɉإ\n޲n!<ǇzP\'P\ZKtMc~SNrafRBVUy>KF֏\\D\\/26ߤ0o(I1ďep\\el\r)3MVf.hڕήxʧE|#~BfkL$15@4mQU-jdv`E\n[:*]ӮsDn9i<%paj>,ݸ/sav_b|d-tOJ,#%r%(`*rWx򥓌\r1ܗCUԨUǻzM0\'G1YB\"ӫ(6 $HxU+AkoI>#ýBQ߽}=oyꙗY|קk3t\\7Ϝy5B1}.5\0FbzRqcO0ͳHqȥMnXKOw:K<\0,ʮ\rRoew~>|\n6\rd\ZDfRKe>s{ٳcc-/_>+TDC-,oݏ2H6i}ʳmKK%|C q躇hzhiNW]Oa9`Ҥ⑸~5@zXm[}\0nfեKȘ\Zf*PVdK)(_vX]W}O2\0cܱk3#}9|g?Ǻ!vm/O|Q\\<f8~a59vo[ctREdN![8\\W3:ił2bONptbbLw8-;UuՌ@wdnyO)^t])/=GyR0K$V2B64Wٔɡ>󝧘Z\\`/=uC}خa)Ƹ!p\"C	HnXs_Mcː(֪,1ۑ(SPU\"2iV\'ާy-#\"C5{έ<Vϴ7r>)b{\\=7>m;6pdincraPe#I2ʒ1Z\0lf<@lsE{$`uC#tg>~h{w/$/؊G~s I(e]bEP+\rI06#AAHX?䳛ֲa\0֍4|}ϾuO?BlGԎ\Z!KgyF@Ln G@|	De<sLPɮc)\ng\0#\0C.{woo<|	G\Z7cUE*/8[3س1;5Ou\0Fv\0`QM!zu]CS XOXf.a\n(B t3ۃc[d2Yt0R̖AoK*(uReUp0Q5Oإm!ix8yض,: 1P5UST=RT.{)\\i6WYmn&6ESM54SUzز[@VUU2B6b G2:>s(N_`,Ssk>{٥<w\rױnEQhJ_^vwF]KU|svrS/c*߾vma\'?jv:LBJN\\}=ܺ{O;ǅvwӍ8I\\yl\\(Þ\ZAju\0`jka9y9<ǡ7@֎НNSO\"fSW`+2;9>Y&1FMs]V\0\Zr\ZUkmyp}1IK70pr~&/s]_3rb@*\nY@JW-ax\'O^ҧT.r9{4=.6aMU[ʬUz|TE-$mZq	ePhBx=G3eD>/^RTJǲPcxBS/Opym4ͣ,:yA3~<`\"M6[}L6͚[^>z/qUSy@\n,+\Z?odja?/2ɦ0,M6 !x`Չ,ʁb[E7)!nLl1tDa\\(jl\ZND~\nk]J˘i2]f\nRFUAP0L2,a`=>\"T*R	EbAoᾏ h>}+/M/t34\"!\ZZ519we<v[!.W|咇\0vguZ?ze+\0q{>Λǻ5Uxk|t켑 \Za5VQvZڙvR~Q/cx_~n\r2o\rYxsWf9xr\\a!n۱?xwL*GD\\2zDԫ5٨մltx)<Ea@ckh8~hv=bå|>տwX@;IpU7!|UM	Ll|\\`7:)DU;&6bdЂODW/c=z*ϗIOϱ}lTU,W\rc%ٔH_\ZP%l/U:M$e`j|ff9y3ؽqn|5\\KK:\"cڞ&[Z&/К~r\rěW`e2)7u~]C9.\'=6n܄CǇ_{;P(_g>͗c=}FN<Iw20aɞ\0LK{Н\Z4s]?O<mIa *t)-_ӈ$8\"~`߲ylw)x?{3OÆ!*ZTAm\0]!`K*+4k3WXz/呮a@}CSޣwIUT]44.2YXeRŪu=l\n:ZqA/j|\\4\\;(J֫9@Q&kf,\\}+#|uVc&K,h**g/M<ř+۸ef!)IVIN!Q-V*BX,s4G_wNbzAĂp~R@\ZUU3:}Sd{Ƒ*^{.W2-mp\n\r[i<1yh0_$ܰi7ܶSUR:yS1zxL~u\"[=?\".2PV	UoTZL\"ؾG*W;Y֮H&	=5g<Zͽv K\'=[U,wz1\r,ez1OٶɤԪ\rdBdba`HH4Y~\0&%<{\"Fw\rlbm_O5fhWV۽슌ŒJB?QOL2*\0#\\%462ǡcǿ\nܼgs-ߟc!_˛gĚne\0n\0{R o@*)Pu-\0	2ƇT}il|0CΛw/|>U)T|/Ts9ؿw+6716){\'\\6\n	Ek\0r<|.*2PLOQuL#.R.WVxGU\\Fhmz.^4]E4tU󃌕)x44M\'eRV>0CUR.at$Jc=|\';V-E!Y*/Rl;vHC¯5l_CW&Eٶxy%]4<]ȦS+Fh&AXӼI<q$S/EjPؤ\n\\Y5nߵ{\"c~bD:dRR,<3\\d-~t4wɤY\nf\"%_eʵTDM$,EQX6.^X^̃iߓaa6c6}\nBTiWYI%W^Z<IeVXPDDw.!csDt\\ia&).[&f\ZG٠#;d-y\nERP\0k*sfrJ`=ƨx\ZWKR7Jyï,Qdu|\"/?2Cka)|uQWEAvjz*:C١O\nɅ&CRķ)x04QiPΪJiXy6N/|\rkϵ6edXzGBw3S駾#vV\0;6Qf}+V\0KeG6xљ-\0/Pb\0o~|i|I\n306\\FMSP\'eo=ڵZ`{vN~~gJņ\nXJ]YvL]\rJ2\0P>8KŪP.\\Ldy2\"]`xUt@4U\ry`\n\"F6A4<_b6mmnɚ@h\Z뭈+hi[\'q{*ru#H2XU>~&e-3@2}iw{3ucL\n\"f,36:b4	Z6~IvBo:n۹Mkj@+l\Zm.-31=ߕ!o,J7mWK2PBNWVeh*sKyy.[ֱm|-fN2X@-,\\\Z~뺐1\0lq<dy\'TUv.B@b ɾ́5(}d\'+!Z!\Z;mt%p^d$\n.|qFHTLٶ?׋b4PU2دxeh	QMBL(8]eFq5\"/;(\n#C}@RNIOq	ǦbWp]SH*&;Y0}\r	*&6FsY2qEy$l\0L$ְ0Н.g;nZmb>%\"[.622xիodXؐI*I?JLMcl\\%>ox6020DQνy\r\0%NL%ٳ;5<]Cx5>\'X\ntWdȚD\rr~d~JԪ PT\\)sq23X\rX\" 4BFoE7(,痑,)RmM@Ӵ@\nYB7MTU0r)s4Dpo}\\w@۵d,wzҊf|m`Eb[1IF2t\r(:o\0#4Sgaj^>öb깆>\'#1Äoh(\rkN2>1VF9d\\/e8J\"=KUEs.qgY3+3f3<x^oL_O4:6#E	AI,|ٗ0P6\Zo{-ܾsV5yJٲUQgcj9qUg^e20lE>Fp뮨Eq4\nG}Q3)%4:\0KfWyִRFF4c%]KW\\ern0>ly,䗘hڰ\r#CLa!p/[-\"B{^8\n.yuTqyzuX;.T/d=;zi,Gi8=$>+\"˚旹43yt_^f6_][؜\'b;>-ҩ?Wr_]ܼ?V|?ZFj2?) 4\\\rƳBQ|lڰvml֐/./ԑeOܰuװ{8o|~\'YL\r\0U	үPTb_?(GY.Y0zf#CBݯ{:\'x/!3Ȱdi~{9?1şyUX?6t]7~gy9z<8^`e`:04n\n\\jB]Q0ȤSR)<ϥXXB.t^lf6Ja	3H1t!%{n}\\*jM\r|ciF%[&bR^|J0)KʥR +,>\nnDGJ\\l$֤y5͕%Kq2uȦRxm\'tsͼ[xg8u~2xqff9]{v0ӍλC#,6ڀUy[fAMh-*ϦLL=PTgWp\\%簊erC\\[dq#L<+\0\'Q\'b\"+ʑGGOre!S0)mg(,e(!HzlRȌzX+vrapJKڒgIX@J\'Fh=ѽ$v0h1Z[j%põnr]4f\ZWNDjR#|ZB\"e2].$49#-ܽ[vlv1QȤ!|[Q\rLm{xs\\?H_t,]ia\nҳ$(\n}ݬdtpƓ5UK,,1V^syn|Cܰy==(7H8^YaEU;ǔrW:XDh\rEKkLj &s*\0#eq\r\n߾#9#&uÍ\rK\rL-4&/2C=<;8wnķűJY;f\08\\	͝oek\r}y|>s>\r]iHTi &0:1ѧlmx1yv^5MpMY;WcͯVIbwBk*Tn2]]E	\"ӝ#Ճؖ(ZB(9xyH!QU=\0ñ-,Q,tMCJ=J	wu\nD2o G1`M$peR!(T,.,\\EӍXqVsPV]<{.N?4\rsW(Ym%h5undP;NXX4]T	`z6`[.rt2K+6cܼ}7nހ*8q\ZQ:_& 䪊e~x8ŲڱaFzsWkѿ9 `{N3TEisx7	ht5Rb+iBEijPWA/sQvDfEe,J1i(EtNcI}\0sƯDM\nrBb~g\0\0 \0IDAT6\r1Ӎz<{<ܸe#G(XnT5,i\"ypWX&dR)s<`.ځ>sʠ\Z9{!H4\neer>2e _,1gz1cW\\`6utx^]TD\\@Bcqoj_AX.3yJW$Jkڵܮzg%\"d\'a7+ʿ:Y,J$RcCO}C{^@\\ >_A{Ϡ*wߵ8r\\(׾\Z\0S}BĶx˛AQ\'N/@n1~}&~_v?T{^^hxpJ\\[y[P%iʿ7r>/1_|ot\"YP^El70*Y\\Hi{K(*󑊋Xx\"^yOC\rUp|飨\n\"FUʀ5q\\):6U4E!JczprX.3I4Ȧ3EÓ-hOQ9Wdu{]D3IfͩpE(*6Y,@oa1d}y@0ԕ%2QT5,OoWCbJQ`p9cBzKIINډllJI9*Wp]eq~z\'bqѳi/KoxM:jXB\ZMκ1 \ZmN_g.PGG;n\'vT:aTڱ7+[Pԭ\rS?\"T{|+\n7)q\r\"rfC||ߡd;Ũ\r\nVЭh=MQ,v:\0E9R&Ev}W$4~&46	Ma($R!}\n)i7+j?FِxLZn!.*$GBbX(Ql{r\\.\\s*6ok?C2zXwKbP&ՂVSy\r;O_:E:H_==r~jM\"$z2\\)AΤbѡ!v:%\r+߹X|8[QdxU8e>rqmbC咯4h~5/VrieqrVYX,.AʀֶB@Zs\0C:L9_{܂V1\0#a~Q8y{omo?߲T\nz=\Zҧmr$pωCXo7Wk`ajj+4\nXv\0.B&#_нfR027ZP.Es]ļz\0~o>/oF\'I!ŷX \Z_up޹(zþ/*K{^oVMRR*T2Ƕq\\DUnF\0x]Z]=90.l\\l7Ftd~\Z,xCi!LE(0\"FmeJeRNwTEv&Ľgey{O={rN;;	.\0AB$)dr鋪]v٥/Jed,\0X,6\0;;9vtO|᜾}cYlvfoyaqmX3\'^@W4M]#);R6Z\"viF3i,\\6\ZBTM\ZP\\bnye2I\rr;gۈlZnZ\n<:AJqϒÑyIDWS\'~en}͟-F&uNn\\{0J\"`ට([m\0U@NG2ƭ	3_Bj&ǓܛZήʝL%9gՅ8^`f\n/\r9T{?5wK^)eU`*NDW)Y/%1lDtSEL/hfxґJ6;nreZPZջ6\"4ȗdY|Oҙj=R&?1|\":;p/3k\n-1t%̰CAj/5*)A\"盟չ|@49ҹ|4&%XD4V3ifwhĤ+d3`dM}3&Е4)]\ndm5^}$$\":]	Q(;F\n/ 5UI<csˬgQUNp|uʶI>|0z>`W;%K0:;݉ibI<\Z#\ZO:^nl}cGM\rdUjCHpdX:PJLS\nb&x\r	hJO>zȷs̉b*--ÂYUkw?78̷^\rB64\0j\'eΎ$_g8{ߟ||QtZ\nD$]xk[\'S[W9{(ֆS%v@̋:,&$fi34O\"*J|p6Ϟ?\0b=_czai=@*k%M97Nh\Z3MUTxů~Yg=t \\J,V)PT@`888V	*躁&$~{\n)}4MŒ>V)9\r]s*K][@7\"hnikĈcHDXvCq\"7n}Esjl7EʖM4hOm&E{&`h\nky~m,~˦{W.ʹbj#Ҽz%:q:;HXԄ-r6[:MKX)k\n\\gamEred,ʥ8<G\"줨4WW5.u8*,fjy<_ҝ+[z},7&[T,ٳxOEڱlqʭ=O6tŵwƧ^^ hSm͏iz[tH(-Q#2\nK,b9\r\0UQ(Zg96\n_tCPB[Fze^,fWlDގǗ~lA$k\Z6si)-;8Kg2	(Hqcd%6rY|_bh*>0B*ނ.w.^\r\nuٜuՐݬäs=RT\"68o|4\"U9] UJAC$IW[;h4ک ;?T&\Zqh`d<Й\n`O/K96\n%,|J5-ɥㇹt\nmhN܌R`{~V~hJɲ>7K,bОLbq\\m)|^_0%Os\"#,fX/X.EESosc)Y%tMEAW*/^oS0\\XG`9α}\\>yefW2lUhgҝZN\rFo|%>1\rh^A9_((T^T|kܸ;*p~C\04oеn^e3I0G\"Hswdo~2\'\na.qa/mݟτ4,Med!,$,dK_ė^>GG\"Fd9CWG/b|vGNW>fr%_g?{h]6>`7`&bE2!|$۟1ƣyN/S\nk~=]yxy.VHö(2f!]uA(89v`l\nXnaG7\"XtD88l\Z*UV)4E }<\"W9FG3:z0RݘnUh9x~+~B){̚∪hsKhODV[~ֲY?~_\r04_z<]H)*8xLXµ@T׳=Rcђ(,y7ͮe+jOs^MRvǷW-`Ay+Ɠ-ew\'=HoG]WUQlM#,f)fy49˵SRr@?=\'1#&T6BqXJgx8=j\Z\\aF|0S({m\'c.l\'w\0=/`W~D*nۑ=E,ݒl5\Z%z`u#y@/)11\"J:Wp8kbQ(]][\\yQ;Ed_+A\"StD\r3XZ=zzZD\r+\Z;fviv\\<2o|\"ϝ:@%W,^/%N5^>}מ9P^UދjU7M-lL8K0̗;7^|&eC@/}nM8FaïnLTlO5#)\Z>a4MP?pϜ=M4uM	2r|Q1!(޶k(lkF15~@RE6eyCL/\'9߆\'||\"y#LӞ૗pa:(92h,i=/;r(_t[ta\Z:]\"Ƨ<U.xF2H]W[i`hj\n3_*T˾D`zel1~|8\0n#7ʷ=.?}\nшe Z}hx¤!&RטYOOxpKv-o%G7[҈p\Z%kܿ7N\"bP-S&Doy{&kHG5<-\0LU(bؓ%+l6ZU}]͌D~@4\\\\*i}k\0L#5a\"j	t]C`(P,YbX\"E< 5_ql|]0c	*PHr\Zj\Za8BYF-REPL_Q5UHʥYG3tVQ,II/V(#ؑ>\Z[cMA<$vk\ZhhR E	nt_z]2\"mR)>;4_kzV}x>{:yyŗҥģ&\"-fEvMqDC͗>kFT<j7Sh^i0ۏ칣<{lDX\\\ZǪMZcN˶x01{ngڋϲ\rCӈT**k\\{<ţE7NJzRT[roy>˦jz5\'cܝ_ \Z=/	Z)>ݠjD~E{d;ny\\}8\'_+NQ	t0?&˟Ǐ\'8n|H勪^O[<3xc7_曟}} ʊTe4Ȳ	\\ZQ%ϟ=ñyy4=G\'8se;˛[?e>4+Wؿox4	r+]]L`}oXG?X5Nd,[c:/y0i޽Of#z.YCapgOw>_/g04fY(jlȀ10Tip@R,q݀e\Z:g2ՎږD䞲\\#3gWM^.\\<qd۶t)j\n5@|\' Q%,=䕋r.sK{gW/]\"ko_GQ^pstu\r\"I!0Uw>3ʅ>t4?y\\N@_/13R1D0%ܳ*:M	k&HxR01:6K]^`oL{5;c|hOY:<@8_#lIHWl֛ QhaU6͝p\nw\01o[2ahd]7v7@/\ZB	:7?ӎt\0&e5`,@\"ZH>BʝTawF0,ptMs`{\0L@t\"8 R)`K\Z}6e\ZB(\nB	,&%>m#B<jjq~p~(;vkB\nlץl;خy<hUfA,P.qwb|p\\\ZH3\'|SÃFd\r%>X#$b&L5;N{\"5?oUU(mfWHh#nư]qk܇j7܎룪(̭d;Or8_xLVOϢc\"[\\@227ϓEv\rprxDUQ+9EGЕZMA`jGxcb_}</<¡}%_1*z=ֲY-ـl@/_{ý]x`7NPة	o!\rrԺ	:L/2u}<a*Lz`mV OQ\np\\~t_CF8+NӉP4eL2oѨ\ZFM2\rU#OƇ0ϟ34)4\nhH$`^.4 <=UF\"ki>x=f_7?sӇ\rmkWE3R*wZ{jmِOF$b9w~/o?diy[_~h[mRs{DBn.b>]h~ֳ,Վ${e(r3.ˋePLCAty2ݗOAu=E,\ZgjywНa1SJg%FT,BW[\nWj8L\Z-m<	5#!iO\n<YX&!wF\'x}%//2Vr_Cq\\tw\np8~#lĕGDQ=zq6L	\nb]~`ϐT{\ns]ny¿3\n\0Lc1t0r/MAoE=\Z;(˰ #mZ$a_`\ru7Ήƺvl`moep]$nOaFh%Gb~?9\\ߣTKҫtMJNSSUŌ%HRGJ`N%\0xr.\0!_?Z\r4x{#C&_¶\ZЫ暓zqdCwUV,eʎ/%Eh%IݚFGs=CH%Hœ/ٳ|hc\Z)rEn?A. V\nﳲiݠhĠ\'3ttV/YMSc3\r`*E\rmqخ{wGy0\0Q=<s\0\' Y}$i*^MXu[]\'nGX%yxUSk-\\Zatvbʾv.?LW*є4\Z%7GC6wUyKenN0FO{1s`ST,f3uRW.@W΃\\S<7GFy\'IuٳGr$H솧u3(HўJ/[E4EPڤFtdqYqJ(Cm6bn)Mlx_{/nl|N=/(5Uu]fV	7Fȗ8W?ǩ)9p]ԦF-.v\00u{0tǭqf9/\\<́}mmLoF\'ēYr<¶ϳYK-iFitB]w]IYz:UäX;1zh%c1rUt:F}wt\r\0\0 \0IDATBT:lYg15Ia$F\"t&ct8(\00<LCv]O32_}<9>6wW-J#^\\K[N\r1>?qob{9|X=obmNܵAG\rȐ[+	ivj\0#Z\rG-kEp|ɟj0IqM;Ov0u6_\rҙ*\Z 4qTk>%kv<-A-wT%-i)\0LM{7Nn4,LAkR!q-|K	\\Ƶ`GJ駭7fX_[Ϯ#c#%AXf@S%hkL(:.ŢCɲ,/Vb\\щĳQM6ޢe+)ہH^ׂ\rA(ӯIwPrَJ&~\Zo|tѩP$cuK\n`5Wu7eHMY]ρӞČM96/%Cc^/\\dGZیLN9v0mj:j=l?2f2C|Y͖~F6tUnm;P}鳔YzО?q0S\n{ZAf9>mtrL3-4C݋\n@dKlC|d`UXT!`<t6ϻwF_/0F,bln\'go]o^!?{.mmxfB,JDyړ,Ny~pMM!eZb(T0P,)6f (\"<@W;|kl׮J3\Zu[ۍh шGuq2,Y<)u)Z~ejkX2c,Ul4J67f1tiG=:17^!\ZmX߸7Jtg\\C఑ͣ&bģ&>;KlO\rgJBnA)m`zBiRtT|0`ҨۦcY%E[Go|&tw?;z:x3c-Qҙ0\Zue\ZG+ĢmdO4KTWyWh]U/%RӫJ&\"niX;YD좈oW9?-\0-(w0\\6\'L\r/Ƕ.tmpk`лkV3IMLll%Z5Q	42iKuJmQ2\\\n6^UA t!%9P(JyA*#wqui]:V	sѣYq<muۑH	QvtA6\\7XWMNbodMB\"[,9RCԕhj`f],W?6c,7u%S\\82īNKCrwMhw04>ajyBdMg]UDDIgpH4^粛.B[}w4\r]U}(~oN,Z:83-eq~^{,}]szv*y5fVVy}7Pt.Ӻ(,f2--Sl3Ã${vx&K5|Ri*+>9F>Gv9_.GIƂ#˵ڂZ d\\{<[X<d@CTT姟,e~mn͠\nǆiORvZn`|-8W*ca V0Ѯuچ@#(YSkܟ4#|a$4\'HE+-CQR1u4dSmIlNBurܿ#DQ\n}qnUJ[3u5-	ψE\"k\\{85xI>aֲUDpo6>Kj){Ӗ#FH<[F*\'~SR):(IS=<^dP=ij-woOhfTGߺ,^nU`d\"K1Wz;D|PMnzg;=s\\>I`(B\'Q,Yb\\82GyI<2oyhvV	\0Ln\0L¹%̈́	iFk	`h`vN<hBGs[\0SE}j	`;?T͞=Y{Qͯ]0(1G3T@D|l|ףaKH(*z$z0VP*q4,\\w`\"@QT\nnz.s5Y>BD\Z<TEPtS%ZnxWV3#0j\'1B`o5Kket6\"wF\'(Cx^:}KqdߗV8hlw0{ܤPxiETUvώp]ed)\nEqgl:6	 W,{|<:a@&L][o)E\"L.έn䈥ܡ$QS;JMNm?x:s.<}h4T蚊,q8sbG<@W;of;Zc\\|EFW54MF_Ϩd+̭9:nQ629lD4:#hsR-tU`\rc>]1Ӥ-m-H!jLz]%W,ӖDQ5,7̀UJ$Oio=C\"M\0L	 K\rrr\Z䋔 aoܝ58f̮fȕ,0td/^>Õs\'QU=!ڝ\'YkAPNW`[<3t1}8Z6Jep9T[A&wuv+o4C=|svv[+p\r4MLu\Z᪹U$aF0R|mL\"FӜűJz#?jC|4$[[*Bߔ,BFFˆPl1B&W43\'yi\\3~*\n籔Ns޽E\\4\rx!^8yC%͢3cI*;!zΙ2]&0]\"o\0EJpkV9Ѥ]\"YZk`v\0LyJZR4iǯO`&jUin)HCKe1h` \ZB,MP%A(\nVL1E7Ll!Ԑ2\0,1+EQP4\r_nh$aUfYZ\\ݶ-|LUKJUx|d~EO򋻣Na犨mgN淯<}=UŲJfjeC@,ˌ,{ct&c<0g\r/h!\Zי\\\\01f\ZAjs[l)65hM_\r /po|OOP\\[\'E20J7zwRM4V!1uUǬ.Gqa9Niix筅縰Ƈw0!/9Z2U|J鳔w_\\\"-DҭO/#ENp:W93G\"(qoptY^x82In#Ǉ׋+@+O6~\\(tMV3a^,(mRߒֈBUf#v\\u\'X/:UŽ(l:gmlprg\rsbQҗmc\"|1wgX\'v-+^l|%+Β͗P\rcxINQpv[V	`\\_s[^iRB`hϳy2jXG8sp\\nwRc,xI\'(YVKcEQ0Txc޸~/ػk\'b97:LSW] 3\"Ӗa_	g=/8\0\\k߈`M\\}pOFI\")R})\neobfrqb	qUK`bi_><V2\\\\ãy\\CgΠlKpW{0(d\rW\0S*Y3RKQ6\04$oh40Mu{\0!Ѽ_8}[\'0rS%i\nA-BMXPxO \Z8N$m\"h@\"xKT-ʥ\"VXF؁nE(\n_:v	_lz^4OAtT48NsI$`VvJ@6mSEϹ(Z٢Ev\Z	Sgri%V׸x/Kޑұaschص>[jV;lU:~~?6_tC}خ\rrj4U%<7ylJ(n=.Mj^M:\\_m&W55TW \"s5AvR4]&6A\ZwFX$ɰk鳕Rb0/}_|(b:^ѓl9չd}ttlӌ.*SO5xoXYܪsXihc\n54|~yotwn?bf%MO*I\"ga9ͱNtMML,MUAt͕*-RBյ&CSU>8UY=AB&	޻7Nc[#hYɚ,5Igddǳx!?;( 6mXZ\nES	^pT;%[6mTjA)F4S\n}Y\Zo^Ht\'Y^O`|r\0N⏿\rfzfmxL	tE;x`]-ܮE%Ѱܼ[sĢQT.ge-|IɖlmFVX^ߨh^֋^Ho}a\"#nxzp4>s#1F\"fz!x4f,FٲB<T\'`K#sdrElTotfƗt>css\\4{#<Y\\u\\TƕgN+/,i3Wg{7%*bm[k(\ZI)w.\'.\nN5nhۉǟlwML\nxie(֮40KnONip5n\"\0#(?LUCӂ/>\"VޅI\\C@Q\'hac	P%GP86\"q1Kװ0^%YHwJdY-{+ZlwTbٜZհ-Ǥ\\EJP<Y,̥Y]]bC?2grtt/ۡUMev6SeqwbsxC0UF\ZNɲ\\Z擑InN2G3>J+)Yb_Q*MZo@q@x<ț\'^E!kt\"\"QVMWȋNLɢ_}OP,x)\n܂At3iOZ,$s+1|DٶIr\\TEGȗ,Vxw~~r\'85>y8yP|ͮ}+PT3V4Gi]anml>шND5U]W~2y:7ǂ\0_8NoG3k,,ݖ\rBDսQ.%{z1B{B\'L2|	ý\\8r=]mdk|:<Ks+$7#5`\r᪀R/sw|eR1\\\n2!l|Ĩ7{h\ZTE (m}=\Z\"\\El>ć!NJl1:;۷G!;P:].+4MH_ɨieViDt:y89\"=m	;yS8GdSKʎR4磷%H&p|^a2wL˘F\"j!?~B!	o2?suN/T<O}>TXY /sh#D%}jG6);h$±AJd[ŶII&ْD(~m8+RtQm{\"UԗV\Z\0Y\\++D-5040~p\00R_|\0l2;ޥ]K{ݧ0fWʭFHP5CH\\1=/xmq873-63a\0]\')j.3$t|>K6kYxK.Nț`JAÓ.M{[\'%\Zf%nkص~R,۔?zvKo0΂Dzs;qKq@?x /mulŎfrV_\\%-H\ZOVFW9Zc}\\SO|5t͍eUw^Uef17O2ʉ>WɆi}5AMk>{L,,s8_Lbv)\nbhDЂbcP-/((:e+خZ:,Hq,ٕ4csK<{lhr<<ߧX.0Gǹ	OoxTkwcPVsEֶ,lv< j>+P,[oUCɲIodp^Ń9(/;\\Fl=\Z!H8F`i,DtT\nUUABl$1yF\'z>B~r%KR6;ɾX*S+Hfm=j:xCӃɵR]J\"5޺1t,7ǦI\n7\n3-`r*yv~|ϥ\\.Ҟs~;1\rꝖj:(nt\0fuUAJŵ}#޸ve89{Ϝ>؎K*U:cji\"fl-\ZS]uFfpE߻b|IXfzy\rU3Q+jǳKǉ^;O%/ߤo0z$,7[=E4`_<,DT`tv2=o}9޺#(x^\0\'WiOuTt]kEe\")^>{D,N1?TGsTUXXXY<斸`)\"誊((V\ZyODWJ+_i&hb-%5λɁi\n`vUm,`([bVMnE]vJYYuq\'7\0LաԇTvlUE.bmW>WuNcRnR|E=?cq`[6>#i:z.maKX2my.i@R1TUCU,ۡlہ|˼Qg@kJTMq\"]c6zvU!3|8D̀STy6˭TV,\"sl41iK<wgѹ%tM٣ϑ>u	ζ\rxvk\'膎5	8,z!5޻s\'\\84?ghK񭟽{wc{~ЩCUᓛV\\)+ezi785kϞ!KŘ_Ǘ/gPccYE\nV3%nMQl;㋫ԁ\":?^<ud;#V\0\0 \0IDATT\0JOf@V;9j}ϴ6ԚlltēAQ,D)A\">=xRr8Ʀ7:Efu^:Ǘ_ȳ5TMdq#.u1ʹw@UI$m}I6_k/#ՆʶzуG/>=4?HM)d[m*lK-3|,e6x	)\n+inMsslt/=ÉA396tƗVy=ɾAfuRZ3ȕʤsyܒ>?y$kT5IFlkWTnJ,DKܾ(\nm1cO~6>m	3¹C`zY\"^\'iN/RlLWA:[3G8:؃(̯$O`;g_zTÃ|p?Omc1iL3о^lg\",]s8=OO`R$#L,/;1=9OѽzOf_ÇOx05/}^<y/]:CGyXߘ&1q^>+ W(z^ĉӇ.ѵwe_NoGRJ22;RfvfVAo{86$b9СKv;@W{\'(ڧ-$jL!41&]ѿ.\0LeJWSJn\'00l?iu?=oP`6\0fvl;8D׶  QxxZAXcWUEA:6@U@RBzI4\ZC41zNd,J!織\nfFYlv(\nnvL:G4iNF#x7G\'\\X!-pHsmJ6-6^yϟ>©Cg;0,@ضC\"[3}l	dP\"_:JwgIgw1PQcϞ	Od,|s׹\\I.?H/~b_g\ZA\'zeo=du}C]<{0\'8׃k/?z>zv\"B\"Th3rT<V45~F#8\rܩ\'[8Ofo}ć&l\'̮d\Z\Zg܉#D5f|]Ս|`lu2;wc;.9\"C<ݜg_\nzSelѩ9޺qpN\nrˠj@_-}k.vx*E^E=(W1޿/RlF\rsGoC8<O{<ZӋ,7| z_ei\\s>Ui>_y=qbcD#&ח`e}ѹ%֕LBhY\'/Ode!es=(mFgE\\#_*ә1ɫ1@ޛJy^szGƖTtuuu20XČ\0#xA 	=32##2ֻf9<swFdmSWʌ;rjkx|xO^{\rҾv4cˮ~s鍆}rSu2Z\\LVҖe)\0s	IQ8*feڟ&|J\nwn|l%Q0e~U}8N1ow;QBEl}^z\\9wpR9\\_??a~!\\<ݕ)%}`g_ȫ/r8o!6n{0p<s<	B\n 1\"aD|eΝ3mmݼʝo}{<w<T\0јO?`2cͰ!(\\VWgLx̏\'ܽsGǰ	Ǜ>^3>QzSNQHP\Z\ZvM\0)%ך`456y>\n)n\Z`XO\n`ڔc`\n^#	uZ<!\nc&J/\n=.$8$\"8!-0Zu\\\'$q8(G8.IbKĄ1qDi8cY<]SĄlfO- \nsf)q1$9%řӯUw?[}ʟG7uqvg+/7^7^p<+l*TͪΠ31;v*.>gv|xYx2N8K(_A$8CfQ̧G?z8֜?|yF1<x#vG<sv>~uS[gwce3/lLJ{y8O_}\"e_~&]].==\Ztqx51IHUonf&AȻxF}y~͗70Iim{UO.zEed\ZwI\"z?%rZxQ`!Y[ǈǵ3\\lνC>{ɜKg{r\r	c2U9^$/Q8|xw>&\'#W_֯񍗞cT㦉\rqz{Πy;豿5bgygи!kO_yYħ#?zm\\p[QZ|[sjw%2uJ؅)\n|),\n,2/uݹy|#oF(\0L:Om\r8e(xGzm\r9s.}<CbFѐ0%-H~r3#Ξڧy\nSdwԣy.vv8|q|qj4u$II,x<rfg/]]BpˎFܸp_xpC$p<᭏n\\wvqgH/O#?=^䥊Xm.MnCi01l\\>ϛ]g.3jEX\\(\'6i4/%аP9CM%d)%5AP!{J&\':u*dO\0`J\ndYg.Q͍p{!!!̲p$\0\r=G̧Da`g_+1aY%1QRGA؀N4V	-A)$JI^\nۯ3N\'2rҜBئ~SS$Bk>_h2]=?%ugk}eu^}\n6Odؕ-dg{1|U~->s>\n۩!^.wxo_bZUah8+W_\'?uo=t;.wWҰ&-K|~po=!RnM\r$Pꥋ|/ݿx}Ǹov+nM(*m?f3/p)TQ|G|Otu:z#b	`r{%0\Z%1ϯݼ٭!KTr%\\^vWx[ct\Z{sWy~s|~^|e ׵(JRx\nck1GZ<e>.A!]\r\\;w(Bm@3\r~px/%N^+S&\\??3;Fk7._7z	Kef8d.\'h{;$8\nu8o~Y~xv,bMәg+]{wxx;䓻-i|ʕ#|m\'<Oxt<=xۣ~#-P;&9RUiY;.: #,kSRx~G}W_#RIxy,®gESAtf6WΞ/^2/\\u}Ƴ&x AJ{h|;?{^vwOngԳ\Zh$vx8X˞׮_G\'y{Ʊ\\n\\8or\\>m BEA\\t]C~rOyB\\FVo[9~̹pEw?o۟~έ{x/]rYp31ɞFv[/	x_QZ(,V%h&֗0F_mL U	`uM_PΩ\0~2(JH}/c$FyR P#<G9nmK(\n9qbQCb4rnhcqt%pщ!IԸrk#pS	a0\Zw{H2W3H0W\nWܺ2;|+Q̝GK.6Qb91yUS)3,\"ۜqB/LVVh_o;qz]zKBUhc;<7BD3cA&=}r %Ւ3\n0EzeW1ng/=Nmli-L62_}n68J泗,QR9@zo~>{w9hֈYK(|LU~wȿ/Ug3;\\;ϹS\rRjR^w{}U\\8_/3$#m:K9|W1\"?Gs	T5gaCn^އA-N0F+\Z\'G-qs\\ۦ$\Zt\Z,\nJlYTq>=^ywINg@2\Zv&|:eFD1B8(agg\'AG\\>O,)!_x6Jf&N\rUKϙaIixq*/\\~0m<֙j[SD	E{{,@.f	r*ͬ1||eF^݇=8yF}[(Zք>$IL92ƺ)R d8]_ c˕CǠvL\0W)^bgU<7\"]q(;.ۃ>Q\"14\r	awFrϵW	ݡϹ[rĆ$YZk.morҥ%?(\\:{}~U+>92Z`b\nm	\"79\'Ч\ZTd\047Ƒm\0̆MqzҴ0\"Ü0֕l$g*z?()\nhm3VF#%:MΦ)k#u<jHtBb6t:>qS%$hE0b)kSE$JJ[n&Zk8u[*)ǡgoD,LTAdߌcG\r1ĉs]z*/<ssvc󇳟09<=~{8X\n9AHʿ4`u%HϜȎVb9J$!rd1!I^ǷU0,gA78J-K\0w\'`3o^vҪEI1\\9D)J(Qgǉva<u3ִeg?Gu9=6;!Ik8Y;?u\Zz=våͣC2A+\nw03MdϖXaz\"cv> J(^HaM*NVjًgzvsr	Sfkhu|XAϫ;`b)agG)8ysNkܐaB~1t=}?.)tbMFI%cN{Tvvߴ	D\'kjx{~箰7s\\?rcLM*-L#\\%QwT.u@.18\rzM}twZs{Hח݈R(:.8L\"A&$>OkrJIcd0(e\"Zko\rw9=_fw[	<(l|LtO4q	$AQeg8#pAH )pi^v~/C#Mi<Lson8UK\"[.\'{j\0E:\0Nivo	Nyc\0eDíj&(;F&\Z2%!bO\ZspYKf4\"U%̌81GD3+\rIFczڅ)m)u<p\\[;3\Zq\\:!$:DQH!-8IQҒURR!q<+eU},dS/\Z\Z\'Ap;\"8ctZ \\fCLx]yGd\\IϘ;c[ffQsޔYt/v&Y橭Ķ\r8/J85}EI&|c[-1LCJQV4ƐŅ3gyܹeka<k7窊ӱc͌Uy9̦\'T*fyE3gK\08w\nzKX3^~`\Z	WE3c{q>w+Ә*΋6$p0\ZuL!N犱QYg@$S@5\\=P>0z77^80q`Q\'25VTUںYcLF4Q͔^IG)\"mx=3ۣLiuh0~0{G9m=H\rt%ɜvzu($̙}^{*/]yA\'IBp8	8Y֘64Fjm4\\?W^ 1I@\'0Y c㗄\rUXߔ8PRf\\60@?oĘ0פB$\0m35{j\0Ƭa\0̂nt-Ƨl\\y_\"Z\nb9OK\0QfDC1لx^q:]\nA%zB6c>k)GG	m9xScqv{R22lNh)1&0NX|XMVY|\ZJ!H3eOs<ˏ>ZDb̐a9 6Ѻ84eU \\PYռAQwٛX\nYђ}`\\KsmfU%S1+\nT17,%E*0[q_7_V8[Nej=6ZzLv,Jib 3V^.2HwCvz]Nmmt@UL GӰ	a6hAez>elTo\Z;ׁUM-+1M\"fqʾ,z|2+wl=dNF,&yeQ\n.&\r.\r޾|Ωm#vdIhֶ~׀&MĆA\"I4;kuJ&5W[3Q,4}M`	:JTU!EaC;,ɉ\0kt]=iggJ	`6io`֍\rXV^\nYEVMCu9[qvҲ=\rDqLeqrp!$ O	xrD\r\0\0 \0IDAT&25MZ:.V(Eu1cKb[r% th\rDBCˍ*I];^\Z6b4:I\\K;DݲVb4@[fe9aok7۷?25,%-MknШ=;7z/erjBTjʙTSm\n)vBTeFkB2GI\\Uu>&&.\nqbz@pHt˲5Shj?-:jճ0|d䣻wrn;[$fb^9rSWꁙ5ceDK`Q\rN*=fZܳMЂUM}F\"?7L^:͚fDM\"*Yd\\mb޿sK笨F6_r]r)a}RJ}|G(.\rx\"!R**SLYb#ޟS>K`1*.&\nF@0kIS>Y7i0ŤP0O\\Ŀ^zTW\r)pzTk\\Lfu4j\0\r\nr	زIM KJ̣LM*&	&IaDJ\0`^60͖%_Rioe}߷8!ۯؒ8h?J+$quRvIvb [xF b՛c.#2ψ\nA*갨y\n[M)\\ԶWDB&0Р[?ñ6_W)\0bd2Y&_ŴI075yB}ײ@{=N)XMPk>\'ܼrgNT\'T*mB7RƲ@AZ>*f4Ed5eJy\Z8fDVSCy\"s4(KySn\n砩|TC|JͫC\r,1OgKӾAUI(?&sL6_vD\"sR6,C%ioYTd\0XژX6W^{V\0FT\0\"U\00a&rb\0!a3\"--eeLURlQm$hz:%L).aJCpu]yZMƤ3`N&fF$} $fe~lh=큨a3_]TFS\nL!k6n*6dt8ƴ]wk[$)fo+C2KBTy^*#b{ږuJ\Z2דgReF%e@܈ltf\\M]/(\0z]%~Q@O<=p.79y4	s=omP2,㢩  Qg\\;:&{BT DH,˓4Y<l^ɻU\'2L%*\n%%ٔ|ׯ]^<7v?9Q/]}بw*MdU{m1V<1\'S!k\nқiZ\0&2O\r|Q=0Yd\ZPu\'iY<`*zj\rHiz\\*U F^Z&||6!O	\'((e{Z0t<c=[60\rf%0	>RC&ĕnK\" \"SZp!28.IeqedږqAlˋW.H]ϹjI%S;L}0.Den3+_6Q՟S=vzqy˛6\'FeUImVlE4sQiSȊQW.V	/$N4o}	{=bw/3bY\"\rY6d2Ю|SI+)-nj\ZJiPDH-1- ￍ3lT\nxQ[߷6\"U$iͼ\"Z&crFӂuI\'d60J_g^k#\0&2H9n	eyP4JpW*k)\0\nuRJ.)DT\08\npq3RO80Z;(0Nq~`E\'\"ưs2VV8JeQFCR8PUAs:wSqzDIEe`e)ـl׷L6Ou3-Z^#X\rYh+cZ]0G&}u 	fP1,qGAWF r}Y\rɮWkJ)>gww/g1fdٔVcOux\Zj+.5z\0ɱ/,(d\0i0,la<?].>E+\ryJvl^J0y7jx\0ɫw\'nc\nb~]`jLZ<`\ZE\0\'0K}mnC͜+H\nHlC4V]\\$>O˽Z^K̄a}vu{A`e_A*k8BH8d>єyr<XcKRd\nΕ0vG#\n(t{BJ+W%M9U*U}gKJcZmUFY-[E_5a-ת82z(ś#*dnLk9[jV%\n䮗wܫRdzTҫ#Wpab\nϭ½\nPuMo׌b\'<XdF&~>>+/\\_TK3FS\\9\\}3iRf*vNU,tf=ʽIy̪3 kLf/	O,\Z\r)0|^)#?a8ֽzOx2x*(b\'tY91;)6QxlvoNu&B`j/T\r0P\06l6c\0LyT(viYZ!Q\\RVCT(E)I#(%[\rGH%ޮ %J)^H)Q4mD8@s`IGtC\"#nX7v-VausSxӟ.d0rꗀMCT\\/8fiPdTW\ZM]\'Q*zԝET\r$ׂlΦLe?TkXWbԛYf7\r4<Ϸ\nGIyAk|sQ\\R35GLĲkԏEblo*E-hT)U4#mVLO	a$b,LNX/ZݽϏof2ok?N~{Ź-DM%I@b\"T__ڭ	?/XgWiK\'0l`*fj\05̉Vj\r`th`00EY0U\r`b\0L+&hqߟٜ~Eki#za0iQGAً+WhG9xGۈcԊ\0D!q0R-Nb$\0&IH$9:\n\"֠Kh$xeu{!O`L-ty)50\r-,6;SXkUT.XZ؈_ҔjNh2fJjXejiV]jl\"ǐ2zeyۀb_ibA?\"3gw3vN|ۘX 5-ue6L\\M_7Ĕɫ\ZaW{aL)aDx/(3!M(黷x{\\ߡ!fƯP̓|y:~-9a\\xvD;j\"3K>\' J\Z[7WʴRmOGKIhQ#[o`6P.\0k0@ӆE&dS	n\0-ƅA3B0BBQ;mx8;|8mO\'H%eٙNah])t{~\"͈*bxuR!uA>tHtD80c&Ctgo*wuYҍ\0L([nȭm\Zц=݈ZeΗߗ5j#/h~\'9 X~XP\nGUDgNnŨ4o;bmҋP%zE0븒?	_{\"_y)DZJUl\\O{4}K\"~Z$KB6=.g\0)OpW<V<F_\r\\ٔ$ӌ)XdwrN39i\"?=ߜme=:\0PT	`t\riS\Z9\"+$[0c1iĿd{J\0L[M{l2Pp\\z9Bkdcdz<C$\\h(C|p<>1=frp`r	g(BJt<dGv]\0#$IB8.Nǧߦ?ܡwIALA{Lgs0LdLŻ4ՔDƼNMLrEMWV5\rǣgh%b}pܔ/8e?*3V/c@dʶLT)\'U@.6 mi0Q\rX\0<0CК͗oRI(X(m`]]]ܢEd׾Y&Su߳xOfRTɐ\ZS5)=!+#<|/`Z~-c[zڤ1T7ax\'EZ6b9@橗d^MbRa.p%rFӾ	ȖAz:ls5KS_ Y\'4L&q\'052M=0u\0FK\\ATbYILmU\0IsR.K$ǏIGD[;z[)c⠔`~|Ct0EI3!p<\";]aRt2RBHT<|\'It0@cf!uIƘyvSȃ\ni`]\nJH:RѬV)%Ew<M!&뼎XyW4geNuL,ٖ|f2k[T\03\Z{Xz䟥fx4\'Orr9lI 4S|̟ݧ>;-YQjg-Эjct=m!gj摦&aWkȘB?LC/ꇣǳ)?޽9gwxCնҽ|3i\Zleż.\'e+ERd2pfϭ&?VndJCTĪ&sZT9X.uĵe\0Lz5fm\0hأJ-kR k	`?`\nhn\Z\\=հim,~+Elr%Eh6&8~Lp>HED$Fv{D3>< fx6ƤlG>B:iu@HJGAiq3pN(О\r\"{!R8ta[)T5^\rH[uۤi(1Iimفr.\nBOz-Y]Vnwq\rEid*ँGUTy6eQQe<he#鳔R8?G|G\\%ֲ%Id[}}U	oQz&HEȁ0=+gG	ɯŔgV{ciDMJldrv\\\rI4Q Dkbt*/t>FJbmKK\"\Z45yJ\0c~z\0f{0\0(`U`f6U!k\r`L.vKk)I:t<uH$IAx>&>d6H(Go.u\0M4;&O0qzNw;A9]vIIdrDH&Y,AH(šm,;@!耐Ǒ8t%cb[uڗ+Gq4ٙAMNy^U\ZИƒ\"\Z{&M20TF֍ԲO/؀bDdţY,jMXL|cUp/-. 2 R\\	|zwo}7n	z\\4^|ϲ,6YL\\\"-Kנ\\\'Mi(H.W0LA5&|t^7p4PJ\nu\0),k\rיCotiK~SϡL1pIEUTM(A㠵&\"IM>(I(8D&kh%c%yw@$Usiq_d\\I0\00l`X/޺ZtAЛ\'-!Ngni]	Sf`2vb9>\rSFzqI\"Cx>bZd|1;zDp\0l\0vp<y)b\r/8B!B1feA\nkFRIR!gE\Z)qҫClf%vsyQ+Z\0n,ots>0AvԦ=R4\"S$啻1ȋ2@:2Vi<0MMvN)Lʒ	b~8z%JP\Zx_#aF4|1	x=xLob6u*{}Qm0:Fˊ!jE2d{ҿ|xsCyxov^Q/=TY~ƦuӤ,XT]IJDlآqsXns(!F1QD1aF	aۯ8&ctJ:̣<`ؿO&!N4`%ɲL>֫ry!@	AČz>^=+ebX77Z)4YF7\rl`~ԟ!TjĲ\nĤOd\\`LIT\0qZ9FA\ZNE`\'x#a0\'͘M=#($͈9$H##t0	&И!B)%B\nt\'AzT R)0j5\\` BN0Z[uY˷\rtZZۀjDf(*OBԜ\\m jM\rQ`Ty-\',HMHSV]hzm6lK[24˜0U䶢Mۺ㵐.I0z<8\'|x\\9sb̬rjB2~lrMsXZf\ZcGm;Op).=h0$29m@5Qɳϑtd1)X y@\'	q_\'qZ8xe]& 3z׉$~ɔA2!()QR\"8R\\)Ҋ\"I#%ȴB`3\Z8Ɣzj>1/̪h#\0}Sµr#0m7q=(Zg+\0\0/YH{j\0I\Z+zhtMUtIb3Z%ZOye\r{lo1ٔs\\ZjS.Hq]W\nI8\nr<qm)Y4czXK2\0x$IDR8Krl18o 7DUh>_Uw^)=I]􍘥ύuUѦhEZ0MAɆ&r/U{In)c`l0d9ɒitUZy>gLgSu+7Pc2W!63*]I+7[35<ˣy1Si(*ser]eC/\0/ʱU舷>nrvoX	>?K2ʛbhSI;A0]z d\ZØy-E d̣y?8!%p]09Y`tHa{BIo,@9qF|סwa\"W<:xCQxNk_s:VI)4bVͬZJʎRfRil%z\0cj{R*\0P!kDB^S\00u%gkL$jN`j<rD˖\nduגl`I!j\0\0 \0IDAT3ˏyAPe/\nB!qzt:~)@(1R98Ggcf1Q!\"$1II&!	ƷzBJ!JA]t>BԩZg[>*Y4\Za)>d%xMeb\'WIV ؓ&X!*gaS?Rv9RIá:y&޶\0XygiYɚ\0URtɀKe -*ց1H)c޺)1c^ȿ_q-̚6[(ХŞ(+kf~RY5zɝ95^k\ZSD+MDg/61@G)8Ƿ>Ƿ>hpq4nW()h/^h-ʷ2Ȳªku=vE	x6g2l\ZtOf!yx0L!yl#]<	8Q2W*eVҲJns|t=$iJ85\\G@\"J-w2{Qb(NE4ҭJU1iƐDyZЕ榤PˍLf_h`*\'0bk̦=0O\0`dE\0`7\004=צgmLd\nJC!5DwpXy(\'|wp\"cס(\"̦c$A(:DAc@	eǢ\0Ā@)@Cb4:!Ġ5ұ=6F7J8\\bIYc,ST_ECzS־9aJ^\'O__ *cm\'@Q5i-W[KŪvfL&,F{`	L7M(SZ1mw!jw_j%%{.{6{|9sYNĒ(݃jdŲy6j<$\n0>KTt3UIŦ2Q<D`Ĕ6~X\'|1C޼qkJV6bU%[Yd^vC~̂Yt2[1Mّi`^h$,Կ\'(&\n6aqt 	Ɩe9t>w_/\0cAGsQR\'<i>T*!rZ~N3	2GJY906ds|FlsۉFft\\\ZbN!2]Td|J&4\Z\0B%\rv\0XTB\"ֱ\'0mOd\0xT(!mBk<Ilf%֙zU[(pHI8nVS11ar4E	py0	|f\\Le\rR*IKR\nc<8k\'\Z$Dl1So`D.oYZw<YƱq@2씹rE6S.ho:_KMuGFgֺ.3(_)-ư 25vmW_+7%mփ6e~s@+*G4?&<k]l𴫁Lͤ-\09d<>[oq>_y$}1c?6(hL4Tk#]x6x:c<[I1[`3M˖hX!H\\Ext]s;疾u<zI$HB۸Upc#R ~Od䑷S\0S~!$1I[$΃*1\\GF9yɺ)9G;\rR_dg~\0FX%Y_(ɔGBZ4/\0#؝V<u-pQR&2|m8z@\'gS0 I@PPIM2!)k#$s=$L߯9Ahc1nQ:$ќ0sX@IcM!8S8FȔN2\r> Q{^bQ!2[*Ų\"(>,aN,rT%+ 6慬2f@Q4\nf]i\0/>⛩òT8Sٷadۚi6=M^#(ܲ,\"3?*	Įբ~I*N^x_uc!$c|[|v\0!s+ĺң_5NST1Dּ3̙_%lFVx5&=+1=zZM.(y3\")\"`\Z5ݽw~%yibi\ZWm\nk?}RfaG3BL&<:x	\'<<\Zx<p2`<h2e:=׆X۵*9:F=Ѡ˰a\\1{>nQ|es4<8g\\0AQ\'HU%)83BSzٚl$|X*ZkfQYh>URI[CO1\0Z\0SLW}GI)YSrR\0cN\n`L5-![_ԕۜ,J\nJa,Ū%6rf	=`2:~qQ$$جh8ұHAHhzC*~oh0ϙϧLfQ\"Qbc\\CeqLh02\rHb\n\nݺ|,\nJ7&*	ULTm\r<E.dx=!JH~QS`)\0<`YZf3ۃdrMmCS|2V(3,>S,?,hϦPUe\r]#޻}޿csz4=P*-)yr/W4YbS\\˵f̮fլ(B!כt.{)S\'rT4\r?kF`pD#^yן\"y$\nE&X_UF4wvS\'ssgs\'3\'3/>O9ΘhxY`)Dʄ쿗~nuzOkv\'A1 ѶV}HǱR\'\ZvGb݃FbVR~&\\UuU `ՉdZ	N%ѠE̉\rL)\00\0=Jҹ\0`JA}V[S%\0f\"Z ;eo%\0c2it\\<:+lB:.1O4A}=!²6\"q6Y0\'V-9KX[*shẖ\rAlv	B`s&@q15R[*<H(luvs!)*GR\'?ં\n S܀H UҽAjSV#/PhkyOMw`i%wRgO|g9wEɘ(\",aJu;A?v+AŒ]Z6M\0032FMSřwoO\ro>wgϟs=fRՑ)LZOY[a,h	8QB߃k89ΙA4`q4J(Iux6ިe2ut;ng=zb 6BP<LFely&S]+MDӛdVkP4WdV$μ:YV^BvB6\0ڒMY`	hDepw\0MX/+\0L<LN$J:Y[5ag{g9:>デ(ףqǖ)k\'̧3\"6+GMzMB\08*iHHJ*,tp\r`x2+fU)\"00rSUţ[6OK\ZՑ^ʤf3\r,6֞f:?BK.:8V,YB+deܚnukLgVu|oe&:f3)ʌ(t2Uݗ()a򲿙Tkd?:ߡHGO>{|1O^ɅS۵m)l*df[ϬQʛ.ye0eBʎ|(+RI^Ҝm\ZۦEy,ג R MjT(,6o7^zpiű({/X.J₱$\\	Oh1\\SƳmq41̂D<G.˯<!t=}Gv}v}vG}Nmtt\r85}f8d,S6yx=aI\n*r_TrHJa\'MerE>)r94\0&#opViBU +\ZߕMM\0ff]Y՚JpWS^L]jg$NC$DZLkK,͔<0St}I,uw2k7 @ DM6Vvh?ؿG;B;HIJA\"A߻PCf/:++k\r UYY;9Bݠ`nݺ8!AલPɖFdJS\0V\rX\nHa- H +,m#2AVCkzɝq@Cd-ܒ)7vb\0M\'vӥZ@W\rf/ψvSsfGjbel,~!xٛk7N^9g{x{G\\_slum\nrO>|) ^y%z%,ES<jYIudߝF{G&%^O)1Mr\'`FE~IʔNOL5hr%\0<OHb߿xOpZ_[\"R4K#QT&1B \Z_lx.%Qmؠ\rCaLql%^{d	gn-32JM좴ꝭۥ8[EB~y!.}P_k5)u:7\r~0Tp\r;~JB jN m<\n{nS\00CA%\Zl1\0cKV:\0C\0&\0̈\\trҖJ\n\r%JF6B!I\"[`\\!IhBYJ,!cRV*aؚQERb\r*-/I KSH)ku#|N\"@G+FJ+6 Ϥuƒ=l.♦rਫ਼~i(PYfdaN!;#rXf?#,`jA\Z8P=\rǖJԠ\'S,Qo]fvu/dGS>\\fO~1O_{|[(@5q.\"ZkxgS[[S)4^xVX6g\0;<*U>v\r,1NTj{\nl閲{g4S}^U԰-F*AۢP2W,^㥻ZJX	$vB$8_-pVjeW$2wUs&T_ΥYhG{IQ呱;F|f&\"^L!<\'Gd\'1\03Vv\0&/3<vܿcz^<4M\Z`0in6fSd{oXY}*hj24!lnk)I)Q*[6e(VкnAH	m4ʪ$f6BD6\nǃİ2Uׄa\Zq\0s̐׆ev:GhNyȰ+Ȳʁ\Z^\\/0PXJ8p17Iu$t3~<2u\0ޑv5s- |~y{~\0W;o>\" =<u➊[nYkYggc\'ٞ\Z3z`S;}\ZȨ4CfL/#û?o~;]KUKmKU2kū}m}/JTZaؽbv(;wLulKH2\"ݳ-:[wV^/q{­Ue°\r̸e>y	bSKI^v}\0#k\0N\0A\0\'{/bp\0\03@O\0ޥ0Pxma Kbe $\\\n%>(cu0UaTDRX542[@ivP1C	!UU,r(U!\0V/>I*]SEURt6P\r\nk5*MiZ6Mf#;[5&CA% ~P 5WX#y!Lju5?;7̣64xs\0© sN\0N;a>kc>S.>W_keJZy:r#|f	Sd3쌙LN!`9\'EC*)20uqk?o]5(/qd\r?x|7;<{(U*\nTٖimzb(5CF)3=[reE[zah[aWjHA2`S\02p\'9t\r\'Qb\Z0(7<EE`bVdS`=0=a(pa`Z+308Pr-{\0;R華ι8uM\\+qmDHi,AyQ٦|G##q,ɐiM@ D3\n\04jD\Z\'`fUFWBZff¾(uªqHH,:3hUժfR4RQ`#/ÏN/0+졤(`,j9%\rfОwF|FA=2HA(I&:LC2c77vY\rDcl$\r3.9?|C@~YG\'̉@3VosJT?G3\Z9m;~U9߱l8<0*_×{obr Dj\'/=0Db(5#Sk,$AX&1i[VYb(H)1X\"\"ıO|&e![sC,1ܹOI3/rSԻƵUȎ0&W\'\0L8`\nd=&h(w9%d>Q08L5afT0dCdH K,IT\nZ{\0X,)#q4I BDHZ$IHZcM!\"Hi ӺW[I@5R(EdֶY1n3@\ZId5zB0=_d\\f,t{\\apIeWUOYY	D7cʊz6q\0XEn}gxayw^\ZYTf4%/<\ZB]}ShS&UsBG>\00Y~g!~Ǹ{<ّ6}YAiE\"ŝ\nK&VYUfOViUbZ8(*R(c}\'}(*XO%\'NO|z* `LY3ΒP\0q{\0yo̍lM]ru1N9Q@XV8?|oU@_]@W%Q#͖Xϰ\\,X,HSQJPZ$ݲmDwf1kktEca m!DeX-W8??[+i]jpABas=SFZfs3xZ`Wgs85v\\|~)nuK$9մԬxWl!v>ɫ[I3V\"75&/כ\Zc7p/?(Kܿw\0j(]M_T+¡d;\\kCfɃ|)\ZE3kL{̏gf@){lK;쁛$|<\0\0 \0IDAT/W;|o?B\0J-o_ýVYuaPLl+F^G\0=Oy@k7AF\0yR\0f=y^\0̈Y)*d\'\0jc\0\'(!)Mxo$Y`ILf4[,PJ&fH\"cDq`A^ N2@Xw\"zrD$`S{?(YUZJHIb$FaY*RBJƧ,FZOĥkϡswHk\ZGH9}5=1@{DToX9J4nihWTD\'>ď@L@9ў;z̑\rpÇPJltX#sXh9G-%ol5a42<m*RmRmz#ym\\I/𛭬@O@t\\/c~GSk=58\0%?_\\o=PǅKF,ml;¾=&%8芯^7b:H	O\ro}s*dG\r=H뙣@)\0c:I\0C)a\06y lw$Q/R@JYK\0!%b\"qb.eTtmJAA~U,\rP%2.Z!oQ,ȲdԞKT5NR00.Q.P,P([.7Z \'#;@3C2SRC\r!/\nF!!\0\Z83\neF^(ȦwN-A;ԇW\r]Dg\"fE[>5x1`=.e7^w MJK9zf.dg)wu0s?7¬1Fc:w)=%M~xOJw~ݷ/\'27ߟ%INiO|us Ya͆dot$p\0LJ5\\MXyj\0MRa&IR	1JA+7	d!D]C@Fh,[`ZCiK=RʢOO#VgXέ1PJYI*FEda*\r@\"#,\"!3ܻsY	\r;1#=R<qb@0C 0UsΣ엥L0G4c\Z2DDļ\"pߢFm쳡Pxw1MИc>|Б_}_(Jj{qD`szP:(EWBKq?:3ػ%Ԓ09PaS<}yiByCf;< e4O?/wx5l6<A3^_N1FTq0iR\Z0x\0)bB	=L0On_Z3$FX\r`mEQbW=b\"$Ưk3r1\08M!H,CXA(5+\\^|] WϱXc>j}ru*-B־5\ZQfSh(uH͆x;2aeF\r\rpQ.xsMDoxpxڂ+O*e`xo0\0fmY_N6OvN?~QzdWȡFQs\ZsxvLŬ!v@^>b/\ro1+>tjj@Pp5ICۡLGp#>P/BDOS&7NȅK͞o,Ӭ7{|x՗PTW+dg9nv`f9MFtVtd<	\0313 ;I(\r=Ƌ4ې}\08,)\"ieFd#Il^X|R\nZi0ec~/%`6=\") g\ZRuO\Z~c/-qt$Q9W}0ly d1,qƴ\n&\nՠa&ړU`k\\ycÁv>Y9;Ω1s12e֠C@Mq!D{FREL0xRenew\Z#|1_@$1\nR~DFjε#v\ZB4	vw<,5 $tJsAeV1g^9Yv}Θ$HoܮZ_fd</=4`\0ԝ\0L\'U2`\'?\0G\0`	\0STFQW\'K;I?$zFR`8[.qZCD)2R\ZeQh{.J+誀.r\"|@{rb	uV5C! 5IX>(^AU%lfiHBF ,\"r{yY9AKUd1PĽ#jsi0<S< m`(fy~3438u\\A;	zßgȠ2;`O=2s75v}~C[/G^9}.4+8LRPU5?{ӫ>]+ӓ9\0z򹍧glw !ST_by,\0o`#\0̜Sн\r`&Jz\0UZCh+jŏ#lk%8F\Z(ʲ.`Vev&A V x*wQ26̦>te˼\ZCF-8E-,QqyJ+\"8rJ+\re%~)q3uʱ:dQC.CyN)ܩ\rjtu	\"Jn(rJN\r6M僽nyշ3?53\ZnFg2xz27o*}T°5QUmȖn6m0VQoj| ȧ`T֋}|6@J)-+&\\DfГzI\0fN5\0:\r3#L\\n+C\0fA=&~19_77Sm\"	Q{ Bo \0dDlˢ\ZctUBWPWkgU(^#TZ#Sh5T^7RȲ@Dtql}qA\nAsvK\\+,k +4%)b7=z@vm.xU4Tҩw&Qtq@vTT4p=\rO49\n!y>?ȧ<!7Γ-ԡd\\M>]04S3q,yn2ɎAgSzfG*K=A?4\']庁\'d]\\ݰ<Ro9\Z_Q*o-G)r[e1~}9ڗ6sOzJAl\0cٗ``<`B$\n|>\0s)6{1暮	`Y*ebJWV!#֕0PZ\ne,Uf}cdd\njwS.Q;\\~	BJ$Afql1m$lZq![!]C`$Ń/W^EHJN6r(Kپ6\rݟ\0\riJ8`M8},DiVVYW\0&\'CS72\nؕӋ\ZW+͖Љ8d^({r<#?4ZP?WW)r~riT\n_<~2q|\rI<óe0OuM1L̇C<7`A\0O\n\0=`ِd5\r?\ru,BUBB*T\ZE:$ #Z{5|fv~\"ߡ*uɅ=W@q઴ \ZeGY\0QbyvmTIͧ\"~Ӷlo\Z`S:{w_DU>8U:#QF\'ӀM @g!O|;\nj9fvy퀤j߾|pƒf1SFsL>ȇZWpuVgڈinMM`#%]U|!~7/UoNΕpif&ul,\r={e<	Æωz@RF\\t\0`Złcxs9_*#E	U$[x4EQOFNYM+]]\0u~uU\\Č$Od`|D(!q\0&^37	`:w˸<`0x\0lfĭ2<=[$)I,8_.pL!a(JT9_<fV\Z\n,\ZsL	qFCCL$/ϐAXp~H)<`]\ZK\0D\n\rR,eU(J[怎!XA_\"TPBYi3\0!pY?69wo~ZZ#ܔ]\'3vJ1;ǅe=9_ԭS3)Wһ9e9U^/~.^{pA	cz)u)4SL<ĆzٱӏERCg\'=[~p3e^Kp. `Hy	c!!ZzlO\r=u\"4s`LՖe#`BMp@@8Qu4q$?2qW~0s>1Ch?\0*Q06P\0<`X	YS0AkeH_!`blxa\"8k7Fh+|OD1Ĳd\"@H{2E	HX$H)\ZqEx0eSh֨KH(.\nT+yJGv(LA>`z@g>:Y>Xj2rozus8C%mٌY]y`\Z\"~zBT7q~xf⁜x178vBo	+\\s|ݷބ1c6]\Z7r5bIocFT8.Mf;	4vçЖ8+woW\r8\"7v\r=1\\4Q`<k->Zu8\0踢	%̩\r{s	, mn\r>{u\0LPǒ:奔Ut|+lW\'yw* \0{a{.qC08v*d\'+\rc\0m{8:,`u\0{6\n`oMO>x\0dε1PPF=1ꑔYc&6\n*BX#\rUA\n\'*mE``T̑\0r*)bJ\0ZC9~)tJ(UBA,M2\\n,P)eavw]i1lBOqX&\neSe;|Vwz=8t|1˧A!?s:~[;wx޳6s}S$x8{-1)V0t렁WFF:&cK[כ3@P@|A1o95~\\. :VtrԖ{0UP Awqwf8F|tߚ5Zҝyv\Z67cOBcN1;<A03E8жOn̑\0?L<C\0:cq<\0\r\"iY{VH~F)\0Eb^PD	(am}Y1\ZZUPU2C1C4*6㧫UY@E{h.Ql/@I$*(BX@1HJ6XϰZXe1VY$@\"K\nC#k7p}2g9)%g?X91fw/h]qXs;eϭ.ki$pE)&bљsq,?9ݿ<\0Zʩ1=B}~4w3Sk@ӐRu\r/L\nsUz3c9yj?HP{M0m e@!AC<\0Vq\Zyu:c{)79g|OFuf+M\r&R|XC3ޒ[Nl͂i&1%羷fĢDv(\r`B_c&DT&\0\Z\n\0*d\00`oblJƋ]ch:!-Bt	k\"ƋVB\"MW+! AȖĨJA\nEGY*r\r|U`cQ9@*Qw0Bqu]/$(@2ǰP{Dr8ʚ`BYi۟CejpOևg\ny@!r˸r[γ6\r6\nf8!3NvڕI[ݐ*TF}Lz,}j7nDB9듿[Ɏpۙޱ[؊kxpw)ʋ/AYrCrsTe\ZV>B:rYn>e\r9\'nzҼ`>)sAx peFdtI}t~U/e3k	z0@lf9I! @bN\Z(\'8F}tK>G\n}wNenu{r+\ZA	 oy\0gRqw^/3AMdT#ؗ\0\\y=O2A·̩	l[gRH]]\"\0Y\n+!^Iy7P9RZ5\"Gߢ̷({TEl4tU0C*@Qhyn *]*Q\r4C\'0\0Je*ۍR\ZU͡T렒ޏH2\'0)xԱ;()d5R:_7@;}s*0#CyAoHޓ 3r?ڋ;(LeƳ74dm\Zq	#k-\r_##{zƸ[р:nn_A+Q֦ޟk-ABQQH\0AW;aBWS/`?$;Nک9}=%Of_iF%xT/Yg$F|!A38uxE._*arԷ%f\\2Kѿ3;~=}3>ݲ$N7^ >@GC\ncT\nee %3|0;3Z%zC-I(Af AFYȋn|s:_\0`\"]/K	JbSVLH2Gy(!:*m(n`uѴXΆگ19ΑeOا)p|-dfϺ};t$DAe1<nI@`@ʎ5$灏\" 7(]	R%qHcjUfua<X4HE@sXuIyk+gQw9md3ٻ)vmc2~й\0e)uQLiNa6ʚ&+ULYD^5ˢ&	YEܹ	ðdbj3bEs7,sC^{u\0[Bfܚ\Z׬G{$rkBPӰ59_n:3^=P\\&5nd)\076\0\0IDATr\\lJ>Ј>]adxFas89t\"18탾s@e[.\0u_\ZPM˖m\0{	.ke8\\R%(+)bM6%.@8r\r6151d%$\r2\ZQ#NRD2R\nE~|q	6!\"@\n4XkU{݀ AUulJh۵ݒ &̌M6LrS$j94abl¬9wwѹChlrI`o10 C7dytu<,,S]bH|t	‡2\\7Qux:NgPPH6هn<Ia\")]CXFDJk\\R!/Jl{\\mpb-)Q\'2FE3{2jzRC\nB$ H)	WHm3`\n</zt7{Laآy	㕎y\0}iP@Si^:罧=vC}Y!Z%kyF>Mg`4X@\0&MI`k\Z7ʢ)@+2-s4jxt-5X,3hoiyY\ZvqlHh:{d,C.eY!	DGDQH4̑2D{Tr3|*sjU@i+UGOQifsN%ERi*	qgcg5ze![y|~/Ȟ ,!X5ý=\Z	bfeUkI\rp(<\r:n|Ɨzy`yAc$H>_\'	A]0d-O,eq0@qQk7NrfQ(\nlv;\\m6nwJAiW(\r\0 X.Sd\"bpYKX(mm4Z`ARƆ0s%hCRm{fSIAN]\0CfSo}uΝ5w>%2\n5޸xy$3\'scTpsby>Oӥc3	XYVX,2ￃA0\'DKkci[\ZFdêR\nha[kJU(Z+Pe+c!Amq<E}OREY@l_\r3ʢ#T@PU|~]\\2%$VfYaS\0G½lʃI/0䩴P`̌.O!@^]PfXO7ˌL]CK\n`ȍHk\0CtWKC0wnqE60v%yG%|n@ݩؕv\rXRD_C+zƌ:dgpn\">¢>c@<sプ[&?*B)lv{{l6Wx1>3|#|q( XpދȖkDQ,XaZ#lIA7oXF5438=6QCBd`!,YǶ\" o05Ep.l|pɬC)}6\Zf]LGR\' cdœ~$9\'۔$\0\0\0\0IENDB`'),(5,0,'%PDF-1.4\n%\n1 0 obj\n<</Producer(PDFCreator 2.0.2.0; modified using iTextSharp 5.2.1 \\(c\\) 1T3XT BVBA)/CreationDate(D:20150313145251+01\'00\')/ModDate(D:20150313145252+01\'00\')/Title(\0O\0r\0g\0a\0n\0i\0g\0r\0a\0m\0m\0e\0_\0N\0O\0X\0 \0I\0N\0G\0E\0N\0I\0E\0R\0I\0E\0 \0E\0T\0 \0E\0N\0E\0R\0G\0I\0E\0_\0E\0S\0T\0_\01\05\00\03\01\06)/Author(\0c\0.\0d\0r\0e\0y\0e\0r)/Subject()/Keywords()/Creator(\0P\0D\0F\0C\0r\0e\0a\0t\0o\0r\0 \02\0.\00\0.\02\0.\00)>>\nendobj\n2 0 obj\n<</Length 3905/Type/Metadata/Subtype/XML>>stream\n<?xpacket begin=\"﻿\" id=\"W5M0MpCehiHzreSzNTczkc9d\"?>\n<x:xmpmeta x:xmptk=\"Adobe XMP Core 4.2.1-c041 52.342996, 2008/05/07-20:48:00\" xmlns:x=\"adobe:ns:meta/\">\n  <rdf:RDF xmlns:rdf=\"http://www.w3.org/1999/02/22-rdf-syntax-ns#\">\n   <rdf:Description rdf:about=\"\" xmlns:pdfaid=\"http://www.aiim.org/pdfa/ns/id/\">\n<pdfaid:part>2</pdfaid:part>\n<pdfaid:conformance>B</pdfaid:conformance>\n   </rdf:Description>\n   <rdf:Description rdf:about=\"\" xmlns:xmp=\"http://ns.adobe.com/xap/1.0/\">\n    <xmp:CreateDate>2015-03-13T14:52:51+01:00</xmp:CreateDate>\n    <xmp:ModifyDate>2015-03-13T14:52:52+01:00</xmp:ModifyDate>\n    <xmp:CreatorTool>PDFCreator 2.0.2.0</xmp:CreatorTool>\n   </rdf:Description>\n   <rdf:Description rdf:about=\"\" xmlns:dc=\"http://purl.org/dc/elements/1.1/\">\n    <dc:format>application/pdf</dc:format>\n    <dc:title>\n     <rdf:Alt>\n      <rdf:li xml:lang=\"x-default\">Organigramme_NOX INGENIERIE ET ENERGIE_EST_150316</rdf:li>\n     </rdf:Alt>\n    </dc:title>\n    <dc:description>\n     <rdf:Alt>\n      <rdf:li xml:lang=\"x-default\"></rdf:li>\n     </rdf:Alt>\n    </dc:description>\n    <dc:creator>\n     <rdf:Seq>\n      <rdf:li>c.dreyer</rdf:li>\n     </rdf:Seq>\n    </dc:creator>\n    <dc:subject>\n     <rdf:Bag>\n      <rdf:li></rdf:li>\n     </rdf:Bag>\n    </dc:subject>\n   </rdf:Description>\n   <rdf:Description rdf:about=\"\" xmlns:stEvt=\"http://ns.adobe.com/xap/1.0/sType/ResourceEvent#\" xmlns:xmpMM=\"http://ns.adobe.com/xap/1.0/mm/\">\n    <xmpMM:DocumentID>uuid:0D8ECBA3A1082F70A6202A8AE5AA27C2</xmpMM:DocumentID>\n    <xmpMM:History><rdf:Seq><rdf:li rdf:parseType=\"Resource\"></rdf:li></rdf:Seq></xmpMM:History>\n   </rdf:Description>\n   <rdf:Description rdf:about=\"\" xmlns:pdf=\"http://ns.adobe.com/pdf/1.3/\">\n    <pdf:Producer>PDFCreator 2.0.2.0; modified using iTextSharp 5.2.1 (c) 1T3XT BVBA</pdf:Producer>\n    <pdf:Keywords></pdf:Keywords>\n   </rdf:Description>\n  </rdf:RDF>\n </x:xmpmeta>                                                                                                   \n                                                                                                   \n                                                                                                   \n                                                                                                   \n                                                                                                   \n                                                                                                   \n                                                                                                   \n                                                                                                   \n                                                                                                   \n                                                                                                   \n                                                                                                   \n                                                                                                   \n                                                                                                   \n                                                                                                   \n                                                                                                   \n                                                                                                   \n                                                                                                   \n                                                                                                   \n                                                                                                   \n                                                                                                   \n<?xpacket end=\"w\"?>\nendstream\nendobj\n3 0 obj\n<</Type/Catalog/Pages 4 0 R/OutputIntents[5 0 R]/PageLayout/SinglePage/PageMode/UseNone/Page 1/Metadata 2 0 R>>\nendobj\n4 0 obj\n<</Type/Pages/Kids[6 0 R]/Count 1/ITXT(5.2.1)>>\nendobj\n7 0 obj\n<</Filter/FlateDecode/N 4/Length 1801>>stream\nx	P}ǾH@d\nE}SH\"DIHOEdbRQACQ\\\nu)\nT@\\\0bE}R(}ot杙;ߜ{Μ{ϙ9\0a_\03`t?\0$Bf!|~UˉƺYfzeS׹(ɕrE\n\0Pg?3|\0`\0=)?|\0S\"\'/q\"+EY\0_*!*Q[㹡;PT\"1RIR,PpP?^S\"H	P@B2I,Q4YnffQi\'T<\\Z(rEaGYbC.PB\" \0b\r?@\n8sdUK>YB@R}@@=h5px!bCCZ(	JTP.T\0C5P\n]zhz\n@`<L`k{p$\0`΃5p|n{!x~!#\\d%#BD|#A&Cǘax_L$fFh000W0c&1oFbLl>0{;Yqa$\nW;kfߊO_!N#:i\"=qD)xE!#1I<RIL#Ւ:Ic_d7rYI>Hn&&(\\JEJ)4Q(3Z:Z+⵲i]z@VZJmS?hA4Nцm#UW:t/^Do1\'FcFWYgId2R%\nb)Y~]HETS^n6\'l}\Zv=Z~FQy\rfm\r74y)NM &&js&MLGMGQ}430\'27 XX赤X[Z[Yz`mab}M7pr;K;]ݜ}e$9\'Sw9d;8:\nj4ϋWq88rFW-߶Er~u`E+Uz&vtgow0yxNzzUy[ٛc3QGu_5?k|)P|?7;x >0=?=&|gZHVաט)Z.Tv*&B1ɏl*EbcmgϯU^\'\\w}ބ64\'rh&Mofnlm9DI*J&\'\n(b!UX*bʷV)uvg.uE\rK$2Ijm[D\"KWVdZgUjz.mxt<]<Ʈ]?^4ٿivsvGާgЭnbbəҘAV^]£bJʉ/4M\nzS]w$Sv4XZɺ/N#翔99SS]w66:xVd4|M&:!:o{4]P^8墯c;:\'\ZQ_J:tە7Y7[p۱o>g7tn}#F=>><6~yf2IOm45c{~J{׏~cݮme_\rY\0DڡCLϼ\0\0t\rV\nendstream\nendobj\n5 0 obj\n<</DestOutputProfile 7 0 R/OutputConditionIdentifier(CGATS TR001)/S/GTS_PDFA1/Type/OutputIntent>>\nendobj\n6 0 obj\n<</Type/Page/MediaBox[0 0 842 1191]/Rotate 90/Parent 4 0 R/Resources<</ProcSet[/PDF/ImageC/Text]/ExtGState 8 0 R/XObject 9 0 R/Font 10 0 R>>/Contents 11 0 R>>\nendobj\n11 0 obj\n<</Length 11889/Filter/FlateDecode>>stream\nx}[;~(w`lєEE+xA#)gtW_\"U\n\r|gsPq-q\n@BP\0|.J&S~|L/{N_>1Ɲ%r攂=\'tN1\ZEG|p;)R3K5笏\nQ\\˘HũfjJV>1]li\\k1<P <tI6iEcMa8ѧ2~jo@A9d8NIKvᘲG_]R}tGr-4d8^ߒ5ЕK3~gR\\j*o;	vq=aFaѬP:!2Bym1FQLj	Fk:~\n`|\nu:!f2Q4 xF2QF3 `ьe~^t̫}Gf80#hf}HT&AA*Tj\nFw$l̵ @7]A\ZP)/gLHcD\"9f+-3,Kd݌7CX؏U\\F~-%?^ՅHKxTa<`01E#5`*{aS(^Dh!P2BZn;vR&Ի~r=mm!cҶmL Z[	iڌ0VRcjJS1b\n5Lƈ)XaR\\X>3 W(롍hcef2XlnPeG-W~@Q6c((n-%݌A.cD(gu	@;1B#d0=Fx=p=bߢP@)c4c*sdl\0:?#g$ж:Sƫl퓨֮B=FP!4`1b\ZAuM\"w}N_SocdyL5.m=:#zǈ0U\\\\ь@hF,[\Zy6Z2b	fM\n̚1hfe4[ڟ1F#p{Bh\\ywtn[a\",KWV[=\r[/dthfrh2:4c3c159`T9Q,#P,#\r3MzF7#pp&#8ڸǄ#n+\"n+#!y9u[S9u[R EQJۨ6z!3w*(8#`SM\rќ)F4avWo\"G4\0=4Ȍ3oƭӈ7O3modF@[2c-1Ж1ȖhKf3ƌzLU8FIFzLU8+;H\'b^=K5YW\\A]i\n:G^uH\'־L_+ǂv_\'*h5n/$N_xɫwߠ/J7~z%9&Q+u~us;]OaiH/z\"j|wdBҎTzu-4^t3/sh$LQb5a/wCڙ\Z8n!1^&9ō&LH6zRԐsj4C&>^[ɪGq%kn}Q1\'KV)^Y)1!DlmiY)\rCMd$ohjUg@òuT%!;U*ylK=sCfՙ/bPmsI\'#ֹbz}ܷ9+\'_J+/>mSMnGE=#ZwƠ6Fj/ع諊PP.u&°WqGP \Z#{$\n&hgR\"w{B2\\ql7	Ħ{\Z9& m~Nk\n49-ƙLe\"n\"ז6ͭczZ,QCSB K][ͱ8Vaa;ZQlOUknMZZĶYU&OK򱗣\"[JarG7M57`2@Ff{++uO{+ϭ\n3Jso~ɇ9*z\nY$P~1a/re(\n$[&M)CM&Z\0N2M:)f{j t9\\Oo<Tk#+6lDրn7֩={ȻrW]&jɓ+~|s^Q^J?__Tl3gudTbR/{4/7,ڏ;\\{\"x^~<\"_P4>˴_C5-\rT?%`7,\nwb\Z|MM`J3ÿ^F3^/X>*G?T.$B\"+,]b ^]$p`J-k]yٽbzXF=Vᒅ6,\"yJY~ 7i!T*ʤ}T>𚊉,bc\"Y@	i<ݕoAr$BZo$櫓Wͺ_U.]sd$!K#\r%}Č]pz$&	Li]zyC7&[(ux/FahqIˬ\'\',>g7ŽcX%x4Ms\'U м<4Doe%4@riECLQ&-w~\0}rO9u8>OD\nB:\'lAC}8S\0\\\"^뒅-}|5uҖ6Sx\ZOk<!zx	l@d?k$\"	p3}CϦ\"͑YBǺw\nN*BS\rĥg/a)Krfl>VVjͶlOmؗj\rZJ~Z;_3|:֞ZK=(Vda ?\\RFye7IIpQ } \ZɶK\"}qŵTUCy c_Նn>{7,ߎY3$[s\"_{C3-ufZUVHLX9݃ɯg&IN4}OPۦ9vQشuH)\0 p)\nP8eF&Kv*\rx>\\mv(qyvTW>XVFV(ʦ|\'dT}U:$UZJb%7ʽEu17SVm?Eo:ZɮT2۽jQD;k>,[XoBs#,W|M+.C\n\r0ܫ8GϥF:w~\r{\rFWL]ٕ\nxH,08\'1MlI9rڨad\0I_VPYNZ8DU}:ƾ!=Bc\\M/*?^96~H3aQlinxV}CONkw&8J]N%/7BH:M;63q7\Zc00\"~6a`9VLQ\"=,.Q%s h㌿jC#0לc/FsRA!ӆW\ZHgݥ\0f:p wCPJB7{zuEg74Escrp~Z2v*XV\'q_<γ%G@ؼ5bi\rQWK\r[,@䫋aIq,;&>S%8u2	4\' \'t˜R@$14%2A&Νr#ݤ\\N=	eS\nk*PSޭsInHԇ-Oϭlܩ\Z]4\Zv\Zޓ*Ѯ!ufp;Íh&phf֙ٲC̍FϠխٕtab\r}5H#N\nl甖q/PiՒf\rlN\'B~TہzdCRe弞N;\'vI>T]Z`\nK`k9T㳛鴠9SZhzP\"Nz`ׂ/\'{:i3Ԑ924o\0qg>0v)1{E%_?\0Mgd1jI+|>4IϛJ֒߀Z،0߁imK2_N/Pw6Nw}\0붎lw2/RPH+䖙Aa\'ESiO7i{0!ڇu4հ4wH\'4,$*`oCh%Alt-3Dm*c^` !\0ibyK@/\'зih<=Dˠ3YtӦ1tCZFYs:{#繨LZX\'LwAa115^:-e}:kjcCѤA{\rgE&rԉdzO7f\\il #B@t.Ng\0C5Va_;\'R}O~-LluRuǣ=w!\n_N]	,:yYf^zZvNk;͇v[Cl!}\Z%ڑ+MԨ>e\r`sT\'թp7Ϡ:>^⎐m9Ce%7@6~\0΋q>%wIM2\"$%G](:dO{IsXr(@b5άqwScpL+ZneVoԖ!T3Q)?/:Ӱ{fm>9T[&Q noޱBZ|\Z^)-p47$k3E}cu̯DMrFH81)m^7eIGRC\nӭVs?)ݜ08Fi.) \"_ww+t\r(5^wyomkv7TC/TuQ!>*Մ>Z}lq]Cpd>ek}\"OQbt|tY}K 憶kϟQG	Y}!o*Ĭ#[!a\0БΥ {\n[I8߂G>{Ԭ!OU/?onPhyPΥڷ2%t<l89i>nvQՉ3cVn){qjb9\'A8[[8\nKnIOQoA`DPEQ_n{BU<w@VGZ_|>_U]˺Y%π{}u|&WVwYGe\n2{47S{W+-tN͡[T`&ozWF#FJ\\_aWR:\Zqhɡ{Y&TC0w`^uo.g^d[yEhn!vV$	ͪ;vy8(|o~plqnIb7묓ηuq:xWۿ^݋[ezX\\n\n\r[P=\0V6pbG\'yM/W-M\Z5t͒\"U)јq݃B?_\\\nflg-ARFV桿B/.Ƌk\r.wzς݅o}7xK[d\ZFZ30.*A~(l?~5Q1];DWn2`Y[Ⳑ2cHq\0|cv86]<C} j^E(sϡJ۩-:rh\0W0=mSa>c.Ĭq;)KIuŖj{k6|;*m8#>f؛%5d9U/ֻrUpj{Q)h仔0\'+Yy-&:vHTw%ZĹ3͜vy<Ru	h(o%Aw19=G} {$.a2q_up_\\c92	6Fy\\U{8 =Xޝr	 no\0|\":r2?nT}c36Ғfw˸%_E*eG#V0(񨑛;/T6A{)S\rVCw<+nIq v}]z/L>}u{=zj=`̣wሐDۛ)C\" C.GJ?SLgƷwմΕA-q2p16j{ <̿ImM*]H{mbӱ#2DTfd>ZgZ=+M^oytt[XCuLJ,G1wY̱/a.5:6В|<	=Rz#v|wloC5|7ï;GyrdT#&;ű{{PBu֧ȕ^16,לpٵɔ`(G(}I|1Xٳ<]yfQ9`iK	0&rrF/P]\Zg*\"]F\rh3?R17]?+$/[Ϸ7떇6\reeOjJu:>0y%f#\'v;&_\"_P;%vFj~j{~P	\ZiIl|L|lZ?#կMˣG59uX=6azXաZۢ0+$ȫ\0L Sm4|sG=@\\FLCy,\Z\'20oL>-g\'.\\|4><C->D+		zD83tϵ5Mti~dw:Z9ԋc^t?fF2ͦeӓsl#(1rkՋȡMu9\'Ub|m0!\rOrGosG݌ngO(bH{ۂV۵%zgHV$\"XwE.K\0|5z䖛7vR\Z͗+3UϷi/K&$1 DG7:`G$C\'Qv&W!SsQT棃tȒU|՚RlǺbRl8_n`$Ǻjobnotgk!E*ڟX)L:f+B-رׂ!xB˅Z !^8Ҝ=;qn<D\'Bhu6&r@-5:bBπ@=WPqvM?b-)ĊltTI!LG]Tp:Z,<=Al=~N?)bYkAb[2aSԝZ/.IRF٦;-1aݮJ|^<e	`cuxLyVjrۥFoK7M{꭮q6?䦍\'ǶvXT:ކ2v@ߡs0YXE>;E9ᚬU?z\Z-jkԱuɧQY\\)FmǵHؠOMD-*/љJ4쳬7n9\r/\"*y2tY\rMҭ%q*\"KD?y^R_Ժa;?yy6xn|AOhZWjBԓj\"%q29yI<\"vp>hqd#IyLcLcbN:oh̩61&&n\0?2c/K$<dqXhqpJwLj5CI1/ۢ\0(hD4nicbۏ?t:5Dǁ7usdd CD	\Z@%s\nr`.Mkgkkxwl-GlxrWLo7rdn7|zۯRWqP73lخ7qjG9LA1$󸈌@zQxLN;9GIwx_	t5pQbd}N)+>a.vUկz}8Z;i\\/G8n?*]c;m8jmnfLk\\$>-c~xubAn3k[RZx>RE9aF5V)JEC_]o_l;ꢀNw|lb剫pWK>eɁ؆*H{-qp{6ڮu6AF4b(zj9\'Mwe?)hh@ߵ};3rB>RwdrtM$gWJZfow@?dm\'\n>܎j_inONj.볽F@@+;d5#fx0ΩR#x/;IDc.Y9sg{QjmNخvfԤ/b52$(|RQc޴ԧT*?<. rxbѺf-9Xԛo$S@ȡk&甚͛N~02Dthj̎)lqH\'Q̱lQG}^r=dm^x#6䰲vtz-OsxaΧ4]&cT4Fv-ZhdW-rg	<em=Ŀĝd.1A;XҴ9E\\\Z1,K#\r_.vN	t$({JF-eRh,\\|i=@&0l8HҲ%vӜ9qiGoJKn{~$K4݁AMIE6w~pPjJ4_v]!!!dE7\"6A_9Ji1Cͤ`y;\0nԗ3k!@ߥp:\\zK/{xe4ڄWKfJ{9X&4zp{pMn2w\')UHfd0b#a8b,p\"^OR<S~;HFYuRF5U.On#mD}k$Bfs3޵PqUV.bphŁfďN\Zu/U\Zh&$tgVбDlnu3@Hσ]$`;X.77OVuS+{q3U#e,[]du$Р~EŷD>[*le֕G0bh*X	G,	\\b.,<Erq|)\\\\Ћ\\i\\><*\\8G&,@%6ElFqy$|)\"ShfsX˃E,ˣE0i+Tte0p@>3ȓGMA@8d8h2-į\\a1p3βs$z9up,,\"UL.H<,\"\'>\"\"ahVhUTm>//D.<Z+\\<ZC\\<X[|U~ƱޮAkqX3l^7SuȞ\rN;\ZʘӘ`2Lɟᐜz\ZjHq[\ZaF	#|>\\h\rmL@hd0@>E@\Z 9gHp$*G\".Qy\0gl1z8??Z54Ѭ,6fkl\"\"/fhv@fd8\rdJXB*!*+dI._TBW._UBW._UB_Ȥ\\<U&	hGb8~n2tN030mLXE./pfۙ˃f(j=I#m|垾<\\pOWqxX<[fG4nyT=YŗXN)W._ٔZ6sO\rIr,dcgۢzt֠TL.V*zjhT^/2\\̺\\o~,$*Vb.׫f>2uBJK+5?yN|MATv4xU]q+r\Z@R,\\	%#?c,\\	OnAm#˄a1d=OXGvd._</|*vXbgf7e,<ncmlZe8 n\\3hM1)66p4\\=B݉ps\\<NZ8\n`*f&03|\'84f\rX6ג(MDЋ[M\n[ª<YM˞YGKkQt}9+Ea巨Vfe8+郖`hpVtˣ`m_%1q-r0h՗V(EaW֮˃ŕ/\nmyH|Q}y$3|Q}&,/\n|مG\\(̡0s0.!s:p3>4jp2%eZ#릙ٸsl7-`ۂ/k}5k%km.13Z-<&KaK}_meknvĮgunw	Ëo{~]nnt\\yo2<P}s.Ф3\\|~5jgbX;cnNݵvf&7dK$fęavNs˰rf(xr$\0s|vN$^@\0@\'(LFN*Ǆ+ŔY٘$cR}ϲ}ు LO˙=#9\0xƵ3-|\0r\0iUǱNS\Z;o\0x&uPPVDH\'h?G(ao	&HП)D,1vXAo\ZCy66uvw-(#-1\0\"ch0ykx\Z!xO|EnPYoDO?3kHf唫UH&;[`he\r8UfsXϚ\\UYRgD͝|7ӗ\n9I{ǔ>{SʧY8\Z~ͷ(2\ZQ rS4.\ZxF4f+D6jq\Z8\nbGA.\rTE4Me7*oTDdk6x+tj1d *>ZZ*T#\Z\r\"o(5	AߐF#X#bQ&d0Z ]\r8^kur{DÖ&,9kD%րX@olQ=k	i!KmngU;+CדwK&N\n#E<8X/F\rAHfp``|ʹXIÀޓA֧Ͼs\'ҟ,UY\nendstream\nendobj\n12 0 obj\n<</Type/ExtGState/OPM 1>>\nendobj\n13 0 obj\n<</BaseFont/ETAASF+Helvetica-Bold/FontDescriptor 14 0 R/Type/Font/FirstChar 32/LastChar 233/Widths[278 0 0 0 0 0 722 238 0 0 0 584 0 333 278 0 0 556 556 0 556 0 0 0 556 0 0 0 0 0 0 0 0 722 722 722 722 667 611 778 722 278 556 0 611 833 722 778 667 778 722 667 611 722 667 944 667 667 611 0 0 0 0 0 0 556 611 556 611 556 0 611 611 278 278 556 278 889 611 611 611 611 389 556 333 611 556 0 556 556 500 0 0 0 0 0 0 0 0 0 0 0 0 0 0 0 0 0 0 0 0 0 0 0 0 0 0 0 0 0 0 0 0 0 0 0 0 0 0 0 0 0 0 0 0 0 0 0 0 0 0 0 0 0 0 0 0 0 0 0 0 0 0 0 0 0 0 0 0 0 0 0 0 0 0 0 0 0 0 0 0 0 0 0 0 0 0 0 0 0 0 0 0 0 0 0 0 0 0 0 0 0 0 0 0 0 0 0 0 556 556 556]/Encoding/WinAnsiEncoding/Subtype/Type1>>\nendobj\n14 0 obj\n<</Type/FontDescriptor/FontName/ETAASF+Helvetica-Bold/FontBBox[0 -220 932 757]/Flags 4/Ascent 757/CapHeight 757/Descent -220/ItalicAngle 0/StemV 139/MissingWidth 278/CharSet(/A/B/C/D/E/F/G/H/I/J/L/M/N/O/P/Q/R/S/T/U/V/W/X/Y/Z/a/ampersand/b/c/ccedilla/d/e/eacute/egrave/eight/four/g/h/hyphen/i/j/k/l/m/n/o/one/p/period/plus/q/quotesingle/r/s/space/t/two/u/v/x/y/z)/FontFile3 15 0 R>>\nendobj\n16 0 obj\n<</BaseFont/MMVHJH+Helvetica/FontDescriptor 17 0 R/Type/Font/FirstChar 32/LastChar 233/Widths[278 0 0 0 0 0 0 0 0 0 0 0 278 0 278 278 556 556 556 556 556 556 556 556 556 556 278 0 0 0 0 0 0 667 0 722 722 667 611 778 0 278 0 0 556 833 722 778 667 778 722 667 611 722 667 0 667 0 0 0 0 0 0 0 0 556 0 500 556 556 0 556 556 222 0 0 222 833 556 556 556 556 333 500 278 556 0 0 0 0 0 0 0 0 0 0 0 0 0 0 0 0 0 0 0 0 0 0 0 0 0 0 0 0 0 0 0 0 0 0 0 0 0 0 0 0 0 0 0 0 0 0 0 0 0 0 0 0 0 0 0 0 0 0 0 0 0 0 0 0 0 0 0 0 0 0 0 0 0 0 0 0 0 0 0 0 0 0 0 0 0 0 0 0 0 0 0 0 0 0 0 0 0 0 0 0 0 0 0 0 0 0 556 0 0 0 0 0 0 0 0 556]/Encoding/WinAnsiEncoding/Subtype/Type1>>\nendobj\n17 0 obj\n<</Type/FontDescriptor/FontName/MMVHJH+Helvetica/FontBBox[-8 -218 762 741]/Flags 4/Ascent 741/CapHeight 741/Descent -218/ItalicAngle 0/StemV 114/MissingWidth 278/CharSet(/A/C/D/E/F/G/I/L/M/N/O/P/Q/R/S/T/U/V/X/a/agrave/c/colon/comma/d/e/eacute/eight/five/four/g/h/i/l/m/n/nine/o/one/p/period/q/r/s/seven/six/slash/space/t/three/two/u/zero)/FontFile3 18 0 R>>\nendobj\n19 0 obj\n<</Subtype/Image/ColorSpace/DeviceRGB/Width 72/Height 72/BitsPerComponent 8/Filter/DCTDecode/Length 1227>>stream\n\0Adobe\0d\0\0\0\0\0C\0\n\r	\r\r$, !\Z$4.763.22:ASF:=N>22HbINVX]^]8EfmeZlS[]Y\0C**Y;2;YYYYYYYYYYYYYYYYYYYYYYYYYYYYYYYYYYYYYYYYYYYYYYYYYY\0\0H\0H\"\0\0\0\0\0\0\0\0\0\0\0\0	\n\0\0\0\0}\0!1AQa\"q2#BR$3br	\n\Z%&\'()*456789:CDEFGHIJSTUVWXYZcdefghijstuvwxyz\0\0\0\0\0\0\0\0	\n\0\0\0w\0!1AQaq\"2B	#3Rbr\n$4%\Z&\'()*56789:CDEFGHIJSTUVWXYZcdefghijstuvwxyz\0\0\0?\0䨢<ढRRQE%\0RQHdHIpH{\r_C\'NaI#Rxq9[py8*Nki3wVdH4?+K\n[8\n7c\"+b 5kxI{8ȡHƧK EIs]ecx\\j:EQ1K/?Je\0\0\0:TSmvggl*I[1jsi:p!/YN55w:0UN\\0¨QsKC&kv\rC\0ZMN\ny-IWk-Y/4㖂i c\";>:0=G+/d,KnM)RW_׿Ҷogx+nCs>~U˛vЬ|dQFB䞤4f3}r\"1oqG4qa|/mɒy#?k۔t)F\0vsMi\"f=\0ޕMZâ*XW\'\'QT@(RQIH(0\n()((C(C\n(\nendstream\nendobj\n8 0 obj\n<</R9 12 0 R>>\nendobj\n9 0 obj\n<</R14 19 0 R>>\nendobj\n10 0 obj\n<</R10 13 0 R/R12 16 0 R>>\nendobj\n15 0 obj\n<</Filter/FlateDecode/Subtype/Type1C/Length 3991>>stream\nxWyTS P5( :1OE(`Eρc[NuSPTbQA j렵Zm;xھ?k999`,Ba韞T\Z!SHͤ3~`B/4J(͉pu4\Zl`kB=5|ǰ9nçge&\'&e1b˒<o\\Ⳓ\\\\\"\'>5=C=#YdEش,.2:w<06?}3uYA+.rg\'I2oYXj>9u(bf2`faf3י9+3c1aθ3,`0B&b\"@\rFǌ`dTff1cX&ff0>icT\rƆig5#2\nƉ$f\"cLbɜST8afio]s?d,,NZ<a8[q;r`/]>}>\\kb5*ª]iR*KCkTAHUꦍMM/6^[m;vSu\'`A!mʂ,q=YsPŪ$ v-W}Ec\'lt4eѝ?yPp8~]oIatϡ3E{XˢLW\ZY@[dl[;E0m`H_;p4,Lg}jӥ5Wɹ%1L mE:*͡qW-\Z_A8XXE9g+鴈ȠuO?aڰpvb9@׈Iw<qSo\n\\bޖYϡD7q3ҽbpJ;i++/!/ʨw˫-K]q\rv\n10n]5s\"<#B\rcn\r5yklݶD~aBS[BKt~.N:FpTsssĆD\"Ӓg\n`.ި\rq[,jV.V!}٭VX:F)ɨN͋N\\/9|c6ͺC&Ƨ\"Y?ئ8G|*I\ZF}\Zǧ\\Zp$U;hbBmF\ZT@Bw ҩȎ\'Ot\\7U)P!Dx|%k?R\r}Ҳqo꓾ꎗ=R͓/<42/6_P7B-Iܩl0`8C\'d&n~T;N]0V;Rh-8E8\'+ܩ6kp\0Zݛ&i}DTp\0\\!)7m;pFս?a,g\\Ri[WĨ9(՘_inG	jVirwh\0<	S	803a0i`Tp/WnOutu^-7TXy̯ڸ0	;h^\ZZ)-v$5}K7\"~ë%p֣I(Aw9MO[I\rΈC[ UR?Ӣcu3ǯj	<*ْ՚i\nydZ=2`T0F-\Zf+YSNAc|rUsJ4}\nO&[TW)۷_+U\\3at`Yv7)IM2\\\'@\r^,KdeBnw\nk]L0FL(8>,D.:wfpE\'kwjlܺ=:rp@=\nC,q2ŽH_\rn!1t/l?_Eb6Բe&	K<\'v\r:,R8%ڋ\'m/YAՕ+\'ӻ_¨A+IâQfvnR|D~+5v\'Uls{8jǿľLGi}\ZQ`0ecw~yDi}q~{=G&=RTt)T}WYZO JWYUShoDGj@y(\Z)Zd=\r\"+ؿH́N.Bԡ 膯mek>X~A@KZta2̄r睖ECZwZk$*^2Vi~A7t\0rН&ƏZ}c8c?^`Zp+\"R#+(@v\ni%U1[	=,%mUM!\'948D0Uk	<\'wN}+1cD؄\"\Z#\Z	zRI}z]NVa&0p\ZS7eG-.וI\'%$둮^AX\rNp9>5t;ڡ-jy?pq`xRIs>J/&\\λGJEn\'OjF/Ogxұ\'1-\'7ezЫU\ri\rMrawspmDNw]FP9)xT_\r7f懭־!rkrkp:B^9UrHT\r5\r-L±ԒŻY^j/1CcN[\ZMm\r5\"LZdR[;\\zX~W՟Hs䲨=D0HzTVifДZK6YL\\ނ-]%-\\0\\z.} ]㔡80pK>{Ine:4snٵiĶ\r\0fGN\'gj*/Z/a(! Bә[&oPlt鮥z=R\Z\rZG7n<D+vlJ+w(=!ˍOXr7ˇG]Q\ZLgC9M|e0bXřV~mpL>x_űkH\0\nx[4ltcdwٺOA*x=!d{uy\0wGOX鴼BzoQnr	x\'/V#1\Z4vUT,/]A&(2knfyCؑDPNފ+zt9b(Y(֙ĝ5Ra|љ\Z(^co++s(ԉ!hE\"tǤMnj9e`[ӽ`+P%YKK\'zmCUTC\ZdE3ߊh1c\r۷g N^r0\\њ}x]=q{ĥZ}l\\=~\nh\"~pCX(FwӁ;+*ZVOW]MMH_iX :.WxǠ^%y)>~%k6*>%Cy#y$ƎFu`SuZ*cLhAoBZt0\0\\,JR0{QǢ%T⛴,D h%z3+WiN`Mi7<<%[wl?rxo\r6EG?4וƴ&k]an08{J~DSBl4tzLUӅڪ+ZuW!QŜ~^Jvlp}՝RG\\Óiٱ/֒υW\\2<MiηYgF\\3:4w|Gsz.c8N<^i3?D%y.>\\_bD-D8ZVBB%YQ@cdѠW\"ՀȪJL0Ds`i	Z+ܦTvҚag\nendstream\nendobj\n18 0 obj\n<</Filter/FlateDecode/Subtype/Type1C/Length 3620>>stream\nxWkTS׶1d-*qfSA HQ%E% Vm)VU\Z z| ( \0Fժ̝¸gs<##ُ57one2DI3`#\rƋKp~H2\nz\\QLLƍd#pX;2=99Einr\"?eeړEjV~Db<ۘ<0ԴUIq\"P5/99+rW$%DFFMΈU>c^3(ʎ(j\"5#j@Rq#5r)*r)95\nܨʝ\n<\'NM\"(sj8BFR\ZEq5Qc(kj,eC}OyBP&j\ruҋEu\Z1`ȅ!m9bE,(yNOۘ$kʮdw?{gC`ji*73=ezka11;b>|r0pBP%ȕ\"!\'8[;\n	6~7\r%ki0.p)GJ6N1ZzU8uB\r#mkd;[Fz^&DEnf >L9(`1p5j	аm0\09NFX%$r~0MT\Z1*9nq@=`N}\'}7}1%\r mlejO-e\n{IȐ9i6EجjbszW/C,DgRDgD,XH\r0`԰&,wb<0G%8,oa-N8J_kA,xTy^EH	g1>\ZքqܞGa3n07]G\'Ӊ{\ra B6Zo	wa:\'&:kb9_4D$;M<thc5O2^4~lkO`w~7T\r[հN-	tqjN\r[RmM[sʍJˇ; =9XwуGv1Ru%mbgҨ^B\05b6WGHԈP+}t]Y|U#juehu=\\ [}Xwz6oI}t6V%^p>׬èʺ≖Y,\ZEÍ^[Hc+\'gl|vl,\rҲ;ۣ^z%8`.Мπ,Ax4a<Cog?%MQWvx[:2-2E\ZĦ?g\rHXlm\nCq=ctL`e;mXCv6Cbvb+8~zpAyF{	oNq_n\ZmDlgpc\'bUJ,/Xi>Iqb^ȎW1(`mH	6][+3 vȿ߿^vI=h\rt\0Rġ5K?[ԓ*+{=U56\ZRBƆ3$\nx}}Ӆ&\\cZ[Ϟ]4zݴ%IuF[/- \ZOb!\n[Lp	Аl\0P|3t\\N_ Is\"<>\"Xe>1I%6~<vn~,Yݠ\r#\rݒwb	-&vzuemuskHd{g,~Ok`!`g_*<D5vK^\'bBNا\"b;W\"\0;CZX}A-Hcs̃3^.20yB>8J0!?ըaZzDrPD7^:=`a6<Qo]1\\_mPZa@kM,I2Iw[OZp1N5ڊl\\R*sIѧ(e?z_wON(T35컏`8+2xu8G㑱yFlPi\'PsçgtXk(ve8\rp^MsGMls$-yXbC\"ƮA%׷ ٱ~lYkcq+aEъ+Uʋve%w5|828p\njհM-{<`Q</\rEMܫI^覾R0[]u˙	lU5tHh	둘 \\w;!8L7ꠥ]z4N@Z%j	\"-ˠT.sʎTqyCB]ޅe(\Z$g*XTQS|hཉǓ;A4eme]ftic;ßԍq/_Qn~yfـ#\r%jC/oC,8AeJQN0%i\r;Ixhl#鲴5Uv0˄\0&nd~Yv29x/%Ѱb*csR3O=\Z,;)!Sa<w!  j,fR9<\0%Lc([-7v&lbSֳ`b!}}`F地6m$$tRAK\Zh(KH]BVx.Ef-[(<nhǖ0դ/ׁl/	˖GU#vIod-r+A\\mo`?`O[8Ön}\\&\nqk0\"PCdK+j8PzSUnGgMy\rIIUBSPpfJDn+ۏ)+~;7f°4u>v$˭Lz:Y\n6Pk얕vU%}n\\\'JeWTj=ҮN0,f<6xL􍬛|q[K\rU./R|g~^:Jp|&v@;pا|={b0psiȅ{.\ZjD7$03XI~/ԝMvF;$Tݕ}h3I^Guy\'W,+`\0wTM*	\0Sh&\nXIb`̪	;}7\Z`\nx3Er.]Kf\\n3[~}G\rod+4\nqxw1,Z(%_d\'5CG\ZģHXRhLfFJ܏b)+UrWLڇY= oKZ\\zKz1=ɧF6vt4Gnν_On?f֪/=TjpĄ&Ki?i|kqxF=+o_bQ8ZRQrN}7=23WԬ5@8dB1//\"L8peX2\ZYN3s\'Ʃ\nendstream\nendobj\nxref\n0 20\n0000000000 65535 f \n0000000015 00000 n \n0000000389 00000 n \n0000004369 00000 n \n0000004496 00000 n \n0000006432 00000 n \n0000006545 00000 n \n0000004559 00000 n \n0000022206 00000 n \n0000022236 00000 n \n0000022267 00000 n \n0000006719 00000 n \n0000018678 00000 n \n0000018720 00000 n \n0000019405 00000 n \n0000022310 00000 n \n0000019803 00000 n \n0000020465 00000 n \n0000026385 00000 n \n0000020839 00000 n \ntrailer\n<</Size 20/Root 3 0 R/Info 1 0 R/ID [<c6054b2d29ba099a30d4ccc9bd4173e6><20862b85281ab5dd7e6bddb73a0f2ac9>]>>\nstartxref\n30089\n%%EOF\n');
/*!40000 ALTER TABLE `ost_file_chunk` ENABLE KEYS */;
UNLOCK TABLES;

--
-- Table structure for table `ost_filter`
--

DROP TABLE IF EXISTS `ost_filter`;
/*!40101 SET @saved_cs_client     = @@character_set_client */;
/*!40101 SET character_set_client = utf8 */;
CREATE TABLE `ost_filter` (
  `id` int(11) unsigned NOT NULL AUTO_INCREMENT,
  `execorder` int(10) unsigned NOT NULL DEFAULT '99',
  `isactive` tinyint(1) unsigned NOT NULL DEFAULT '1',
  `status` int(11) unsigned NOT NULL DEFAULT '0',
  `match_all_rules` tinyint(1) unsigned NOT NULL DEFAULT '0',
  `stop_onmatch` tinyint(1) unsigned NOT NULL DEFAULT '0',
  `reject_ticket` tinyint(1) unsigned NOT NULL DEFAULT '0',
  `use_replyto_email` tinyint(1) unsigned NOT NULL DEFAULT '0',
  `disable_autoresponder` tinyint(1) unsigned NOT NULL DEFAULT '0',
  `canned_response_id` int(11) unsigned NOT NULL DEFAULT '0',
  `email_id` int(10) unsigned NOT NULL DEFAULT '0',
  `status_id` int(10) unsigned NOT NULL DEFAULT '0',
  `priority_id` int(10) unsigned NOT NULL DEFAULT '0',
  `dept_id` int(10) unsigned NOT NULL DEFAULT '0',
  `staff_id` int(10) unsigned NOT NULL DEFAULT '0',
  `team_id` int(10) unsigned NOT NULL DEFAULT '0',
  `sla_id` int(10) unsigned NOT NULL DEFAULT '0',
  `form_id` int(11) unsigned NOT NULL DEFAULT '0',
  `topic_id` int(11) unsigned NOT NULL DEFAULT '0',
  `ext_id` varchar(11) DEFAULT NULL,
  `target` enum('Any','Web','Email','API') NOT NULL DEFAULT 'Any',
  `name` varchar(32) NOT NULL DEFAULT '',
  `notes` text,
  `created` datetime NOT NULL,
  `updated` datetime NOT NULL,
  PRIMARY KEY (`id`),
  KEY `target` (`target`),
  KEY `email_id` (`email_id`)
) ENGINE=InnoDB AUTO_INCREMENT=2 DEFAULT CHARSET=utf8;
/*!40101 SET character_set_client = @saved_cs_client */;

--
-- Dumping data for table `ost_filter`
--

LOCK TABLES `ost_filter` WRITE;
/*!40000 ALTER TABLE `ost_filter` DISABLE KEYS */;
INSERT INTO `ost_filter` VALUES (1,99,1,0,0,0,1,0,0,0,0,0,0,0,0,0,0,0,0,NULL,'Email','SYSTEM BAN LIST','Liste interne pour bannir certains e-mails. Ne pas supprimer','2015-12-01 09:25:03','2015-12-01 09:25:03');
/*!40000 ALTER TABLE `ost_filter` ENABLE KEYS */;
UNLOCK TABLES;

--
-- Table structure for table `ost_filter_rule`
--

DROP TABLE IF EXISTS `ost_filter_rule`;
/*!40101 SET @saved_cs_client     = @@character_set_client */;
/*!40101 SET character_set_client = utf8 */;
CREATE TABLE `ost_filter_rule` (
  `id` int(11) unsigned NOT NULL AUTO_INCREMENT,
  `filter_id` int(10) unsigned NOT NULL DEFAULT '0',
  `what` varchar(32) NOT NULL,
  `how` enum('equal','not_equal','contains','dn_contain','starts','ends','match','not_match') NOT NULL,
  `val` varchar(255) NOT NULL,
  `isactive` tinyint(1) unsigned NOT NULL DEFAULT '1',
  `notes` tinytext NOT NULL,
  `created` datetime NOT NULL,
  `updated` datetime NOT NULL,
  PRIMARY KEY (`id`),
  UNIQUE KEY `filter` (`filter_id`,`what`,`how`,`val`),
  KEY `filter_id` (`filter_id`)
) ENGINE=InnoDB AUTO_INCREMENT=2 DEFAULT CHARSET=utf8;
/*!40101 SET character_set_client = @saved_cs_client */;

--
-- Dumping data for table `ost_filter_rule`
--

LOCK TABLES `ost_filter_rule` WRITE;
/*!40000 ALTER TABLE `ost_filter_rule` DISABLE KEYS */;
INSERT INTO `ost_filter_rule` VALUES (1,1,'email','equal','test@exemple.com',1,'','2015-12-01 09:25:03','2015-12-01 09:25:03');
/*!40000 ALTER TABLE `ost_filter_rule` ENABLE KEYS */;
UNLOCK TABLES;

--
-- Table structure for table `ost_form`
--

DROP TABLE IF EXISTS `ost_form`;
/*!40101 SET @saved_cs_client     = @@character_set_client */;
/*!40101 SET character_set_client = utf8 */;
CREATE TABLE `ost_form` (
  `id` int(11) unsigned NOT NULL AUTO_INCREMENT,
  `type` varchar(8) NOT NULL DEFAULT 'G',
  `deletable` tinyint(1) NOT NULL DEFAULT '1',
  `title` varchar(255) NOT NULL,
  `instructions` varchar(512) DEFAULT NULL,
  `notes` text,
  `created` datetime NOT NULL,
  `updated` datetime NOT NULL,
  PRIMARY KEY (`id`)
) ENGINE=InnoDB AUTO_INCREMENT=6 DEFAULT CHARSET=utf8;
/*!40101 SET character_set_client = @saved_cs_client */;

--
-- Dumping data for table `ost_form`
--

LOCK TABLES `ost_form` WRITE;
/*!40000 ALTER TABLE `ost_form` DISABLE KEYS */;
INSERT INTO `ost_form` VALUES (1,'U',1,'Informations de contact',NULL,NULL,'2015-12-01 09:25:03','2015-12-01 09:25:03'),(2,'T',1,'Détails du ticket','Veuillez décrire votre problème','Ce formulaire sera joint à chaque ticket, quelle que soit sa source. Vous pouvez ajouter de nouveaux champs à ce formulaire, ils seront disponibles pour tous les tickets et seront intégrés dans les options de recherche avancée et de filtrage.','2015-12-01 09:25:03','2015-12-01 09:25:03'),(3,'C',1,'Informations sur la société','Détails disponibles dans les modèles d\'e-mail',NULL,'2015-12-01 09:25:03','2015-12-01 09:25:03'),(4,'O',1,'Information sur la Société','Détails sur la société de l\'utilisateur',NULL,'2015-12-01 09:25:03','2015-12-01 09:25:03'),(5,'L1',1,'Propriétés du statut des tickets','Propriétés qui peuvent être définies sur le statut d\'un billet.',NULL,'2015-12-01 09:25:03','2015-12-01 09:25:03');
/*!40000 ALTER TABLE `ost_form` ENABLE KEYS */;
UNLOCK TABLES;

--
-- Table structure for table `ost_form_entry`
--

DROP TABLE IF EXISTS `ost_form_entry`;
/*!40101 SET @saved_cs_client     = @@character_set_client */;
/*!40101 SET character_set_client = utf8 */;
CREATE TABLE `ost_form_entry` (
  `id` int(11) unsigned NOT NULL AUTO_INCREMENT,
  `form_id` int(11) unsigned NOT NULL,
  `object_id` int(11) unsigned DEFAULT NULL,
  `object_type` char(1) NOT NULL DEFAULT 'T',
  `sort` int(11) unsigned NOT NULL DEFAULT '1',
  `created` datetime NOT NULL,
  `updated` datetime NOT NULL,
  PRIMARY KEY (`id`),
  KEY `entry_lookup` (`object_type`,`object_id`)
) ENGINE=InnoDB AUTO_INCREMENT=13 DEFAULT CHARSET=utf8;
/*!40101 SET character_set_client = @saved_cs_client */;

--
-- Dumping data for table `ost_form_entry`
--

LOCK TABLES `ost_form_entry` WRITE;
/*!40000 ALTER TABLE `ost_form_entry` DISABLE KEYS */;
INSERT INTO `ost_form_entry` VALUES (1,4,1,'O',1,'2015-12-01 09:25:03','2015-12-01 09:25:03'),(2,3,NULL,'C',1,'2015-12-01 09:25:04','2015-12-01 09:25:04'),(3,1,1,'U',1,'2015-12-01 09:25:04','2015-12-01 09:25:04'),(4,2,1,'T',1,'2015-12-01 09:25:04','2015-12-01 09:25:04'),(5,1,2,'U',1,'2015-12-01 09:36:22','2015-12-01 09:36:22'),(6,2,2,'T',1,'2015-12-01 10:09:31','2015-12-01 10:09:31'),(7,1,3,'U',1,'2015-12-22 13:08:23','2015-12-22 13:08:23'),(8,2,3,'T',1,'2016-01-04 16:01:15','2016-01-04 16:01:15'),(9,2,4,'T',1,'2016-01-04 16:07:34','2016-01-04 16:07:34'),(10,1,4,'U',1,'2016-01-07 14:52:55','2016-01-07 14:52:55'),(11,2,5,'T',1,'2016-01-07 14:53:21','2016-01-07 14:53:21'),(12,2,6,'T',1,'2016-01-07 14:53:51','2016-01-07 14:53:51');
/*!40000 ALTER TABLE `ost_form_entry` ENABLE KEYS */;
UNLOCK TABLES;

--
-- Table structure for table `ost_form_entry_values`
--

DROP TABLE IF EXISTS `ost_form_entry_values`;
/*!40101 SET @saved_cs_client     = @@character_set_client */;
/*!40101 SET character_set_client = utf8 */;
CREATE TABLE `ost_form_entry_values` (
  `entry_id` int(11) unsigned NOT NULL,
  `field_id` int(11) unsigned NOT NULL,
  `value` text,
  `value_id` int(11) DEFAULT NULL,
  PRIMARY KEY (`entry_id`,`field_id`)
) ENGINE=InnoDB DEFAULT CHARSET=utf8;
/*!40101 SET character_set_client = @saved_cs_client */;

--
-- Dumping data for table `ost_form_entry_values`
--

LOCK TABLES `ost_form_entry_values` WRITE;
/*!40000 ALTER TABLE `ost_form_entry_values` DISABLE KEYS */;
INSERT INTO `ost_form_entry_values` VALUES (1,28,'420 Desoto Street\nAlexandria, LA 71301',NULL),(1,29,'3182903674',NULL),(1,30,'http://osticket.com',NULL),(1,31,'Non seulement nous développons le logiciel, nous l\'utilisons également pour gérer le support d\'osTicket. Laissez nous vous aider à rapidement mettre en place et tirer parti au maximum des fonctionnalités d\'osTicket. Contactez nous pour un accompagnement professionnel ou visitez notre site web pour accéder à la documentation et à l\'entraide communautaire.',NULL),(2,23,'Support Groupe Nox',NULL),(2,24,'http://localhost/Symfony/web/app.php/accueil',NULL),(2,25,NULL,NULL),(2,26,NULL,NULL),(3,3,NULL,NULL),(3,4,NULL,NULL),(4,20,'osTicket a été installé!',NULL),(4,22,NULL,2),(5,3,NULL,NULL),(5,4,NULL,NULL),(6,20,'Test ticketing',NULL),(6,22,NULL,2),(7,3,'0608505976',NULL),(7,4,NULL,NULL),(8,20,'CA MARCHE PAS !',NULL),(8,22,NULL,2),(9,20,'Test',NULL),(9,22,NULL,1),(10,3,'0626810468',NULL),(10,4,NULL,NULL),(11,20,'J\'ai windows 10 T_T',NULL),(11,22,NULL,2),(12,20,'hohé test2',NULL),(12,22,NULL,1);
/*!40000 ALTER TABLE `ost_form_entry_values` ENABLE KEYS */;
UNLOCK TABLES;

--
-- Table structure for table `ost_form_field`
--

DROP TABLE IF EXISTS `ost_form_field`;
/*!40101 SET @saved_cs_client     = @@character_set_client */;
/*!40101 SET character_set_client = utf8 */;
CREATE TABLE `ost_form_field` (
  `id` int(11) unsigned NOT NULL AUTO_INCREMENT,
  `form_id` int(11) unsigned NOT NULL,
  `type` varchar(255) NOT NULL DEFAULT 'text',
  `label` varchar(255) NOT NULL,
  `required` tinyint(1) NOT NULL DEFAULT '0',
  `private` tinyint(1) NOT NULL DEFAULT '0',
  `edit_mask` tinyint(1) NOT NULL DEFAULT '0',
  `name` varchar(64) NOT NULL,
  `configuration` text,
  `sort` int(11) unsigned NOT NULL,
  `hint` varchar(512) DEFAULT NULL,
  `created` datetime NOT NULL,
  `updated` datetime NOT NULL,
  PRIMARY KEY (`id`)
) ENGINE=InnoDB AUTO_INCREMENT=34 DEFAULT CHARSET=utf8;
/*!40101 SET character_set_client = @saved_cs_client */;

--
-- Dumping data for table `ost_form_field`
--

LOCK TABLES `ost_form_field` WRITE;
/*!40000 ALTER TABLE `ost_form_field` DISABLE KEYS */;
INSERT INTO `ost_form_field` VALUES (1,1,'text','Adresse email',1,0,15,'email','{\"size\":40,\"length\":64,\"validator\":\"email\"}',1,NULL,'2015-12-01 09:25:03','2015-12-01 09:25:03'),(2,1,'text','Nom complet',1,0,15,'name','{\"size\":40,\"length\":64}',2,NULL,'2015-12-01 09:25:03','2015-12-01 09:25:03'),(3,1,'phone','Téléphone',0,0,0,'phone',NULL,3,NULL,'2015-12-01 09:25:03','2015-12-01 09:25:03'),(4,1,'memo','Notes interne',0,1,0,'notes','{\"rows\":4,\"cols\":40}',4,NULL,'2015-12-01 09:25:03','2015-12-01 09:25:03'),(20,2,'text','Résumé du problème',1,0,15,'subject','{\"size\":40,\"length\":50}',1,NULL,'2015-12-01 09:25:03','2015-12-01 09:25:03'),(21,2,'thread','Détail de la demande',1,0,15,'message','{\"attachments\":true,\"size\":67108864,\"mimetypes\":null,\"extensions\":\".doc, .pdf, .jpg, .jpeg, .gif, .png, .xls, .docx, .xlsx, .txt\",\"max\":\"\"}',2,'Détailler les raisons pour lesquelles vous ouvrez un billet.','2015-12-01 09:25:03','2015-12-01 09:55:50'),(22,2,'priority','Niveau de priorité',0,1,3,'priority',NULL,3,NULL,'2015-12-01 09:25:03','2015-12-01 09:25:03'),(23,3,'text','Nom de la société',1,0,3,'name','{\"size\":40,\"length\":64}',1,NULL,'2015-12-01 09:25:03','2015-12-01 09:25:03'),(24,3,'text','Site Internet',0,0,0,'website','{\"size\":40,\"length\":64}',2,NULL,'2015-12-01 09:25:03','2015-12-01 09:25:03'),(25,3,'phone','Téléphone',0,0,0,'phone','{\"ext\":false}',3,NULL,'2015-12-01 09:25:03','2015-12-01 09:25:03'),(26,3,'memo','Adresse',0,0,0,'address','{\"rows\":2,\"cols\":40,\"html\":false,\"length\":100}',4,NULL,'2015-12-01 09:25:03','2015-12-01 09:25:03'),(27,4,'text','Nom',1,0,15,'name','{\"size\":40,\"length\":64}',1,NULL,'2015-12-01 09:25:03','2015-12-01 09:25:03'),(28,4,'memo','Adresse',0,0,0,'address','{\"rows\":2,\"cols\":40,\"length\":100,\"html\":false}',2,NULL,'2015-12-01 09:25:03','2015-12-01 09:25:03'),(29,4,'phone','Téléphone',0,0,0,'phone',NULL,3,NULL,'2015-12-01 09:25:03','2015-12-01 09:25:03'),(30,4,'text','site internet',0,0,0,'website','{\"size\":40,\"length\":0}',4,NULL,'2015-12-01 09:25:03','2015-12-01 09:25:03'),(31,4,'memo','Notes internes',0,0,0,'notes','{\"rows\":4,\"cols\":40}',5,NULL,'2015-12-01 09:25:03','2015-12-01 09:25:03'),(32,5,'state','État ',1,0,63,'state','{\"prompt\":\"\\u00c9tat d\'un billet\"}',1,NULL,'2015-12-01 09:25:03','2015-12-01 09:25:03'),(33,5,'memo','Description',0,0,15,'description','{\"rows\":2,\"cols\":40,\"html\":false,\"length\":100}',3,NULL,'2015-12-01 09:25:03','2015-12-01 09:25:03');
/*!40000 ALTER TABLE `ost_form_field` ENABLE KEYS */;
UNLOCK TABLES;

--
-- Table structure for table `ost_group_dept_access`
--

DROP TABLE IF EXISTS `ost_group_dept_access`;
/*!40101 SET @saved_cs_client     = @@character_set_client */;
/*!40101 SET character_set_client = utf8 */;
CREATE TABLE `ost_group_dept_access` (
  `group_id` int(10) unsigned NOT NULL DEFAULT '0',
  `dept_id` int(10) unsigned NOT NULL DEFAULT '0',
  UNIQUE KEY `group_dept` (`group_id`,`dept_id`),
  KEY `dept_id` (`dept_id`)
) ENGINE=InnoDB DEFAULT CHARSET=utf8;
/*!40101 SET character_set_client = @saved_cs_client */;

--
-- Dumping data for table `ost_group_dept_access`
--

LOCK TABLES `ost_group_dept_access` WRITE;
/*!40000 ALTER TABLE `ost_group_dept_access` DISABLE KEYS */;
INSERT INTO `ost_group_dept_access` VALUES (1,1),(2,1),(3,1),(1,2),(2,2),(3,2),(1,3),(2,3),(3,3);
/*!40000 ALTER TABLE `ost_group_dept_access` ENABLE KEYS */;
UNLOCK TABLES;

--
-- Table structure for table `ost_groups`
--

DROP TABLE IF EXISTS `ost_groups`;
/*!40101 SET @saved_cs_client     = @@character_set_client */;
/*!40101 SET character_set_client = utf8 */;
CREATE TABLE `ost_groups` (
  `group_id` int(10) unsigned NOT NULL AUTO_INCREMENT,
  `group_enabled` tinyint(1) unsigned NOT NULL DEFAULT '1',
  `group_name` varchar(50) NOT NULL DEFAULT '',
  `can_create_tickets` tinyint(1) unsigned NOT NULL DEFAULT '1',
  `can_edit_tickets` tinyint(1) unsigned NOT NULL DEFAULT '1',
  `can_post_ticket_reply` tinyint(1) unsigned NOT NULL DEFAULT '1',
  `can_delete_tickets` tinyint(1) unsigned NOT NULL DEFAULT '0',
  `can_close_tickets` tinyint(1) unsigned NOT NULL DEFAULT '1',
  `can_assign_tickets` tinyint(1) unsigned NOT NULL DEFAULT '1',
  `can_transfer_tickets` tinyint(1) unsigned NOT NULL DEFAULT '1',
  `can_ban_emails` tinyint(1) unsigned NOT NULL DEFAULT '0',
  `can_manage_premade` tinyint(1) unsigned NOT NULL DEFAULT '0',
  `can_manage_faq` tinyint(1) unsigned NOT NULL DEFAULT '0',
  `can_view_staff_stats` tinyint(1) unsigned NOT NULL DEFAULT '0',
  `notes` text,
  `created` datetime NOT NULL,
  `updated` datetime NOT NULL,
  PRIMARY KEY (`group_id`),
  KEY `group_active` (`group_enabled`)
) ENGINE=InnoDB AUTO_INCREMENT=4 DEFAULT CHARSET=utf8;
/*!40101 SET character_set_client = @saved_cs_client */;

--
-- Dumping data for table `ost_groups`
--

LOCK TABLES `ost_groups` WRITE;
/*!40000 ALTER TABLE `ost_groups` DISABLE KEYS */;
INSERT INTO `ost_groups` VALUES (1,1,'Dresseurs de Lion',1,1,1,1,1,1,1,1,1,1,0,'Admin du système. Ces utilisateurs (au départ) ont un contrôle total de tous les départements auxquels ils ont accès.','2015-12-01 09:25:03','2015-12-01 09:25:03'),(2,1,'Conducteurs d\'éléphant',1,1,1,1,1,1,1,1,1,1,0,'Super utilisateurs (root)','2015-12-01 09:25:03','2015-12-01 09:25:03'),(3,1,'Dompteurs de puce',1,1,1,0,1,1,1,0,0,0,0,'Membres du personnel','2015-12-01 09:25:03','2015-12-01 09:25:03');
/*!40000 ALTER TABLE `ost_groups` ENABLE KEYS */;
UNLOCK TABLES;

--
-- Table structure for table `ost_help_topic`
--

DROP TABLE IF EXISTS `ost_help_topic`;
/*!40101 SET @saved_cs_client     = @@character_set_client */;
/*!40101 SET character_set_client = utf8 */;
CREATE TABLE `ost_help_topic` (
  `topic_id` int(11) unsigned NOT NULL AUTO_INCREMENT,
  `topic_pid` int(10) unsigned NOT NULL DEFAULT '0',
  `isactive` tinyint(1) unsigned NOT NULL DEFAULT '1',
  `ispublic` tinyint(1) unsigned NOT NULL DEFAULT '1',
  `noautoresp` tinyint(3) unsigned NOT NULL DEFAULT '0',
  `flags` int(10) unsigned DEFAULT '0',
  `status_id` int(10) unsigned NOT NULL DEFAULT '0',
  `priority_id` int(10) unsigned NOT NULL DEFAULT '0',
  `dept_id` int(10) unsigned NOT NULL DEFAULT '0',
  `staff_id` int(10) unsigned NOT NULL DEFAULT '0',
  `team_id` int(10) unsigned NOT NULL DEFAULT '0',
  `sla_id` int(10) unsigned NOT NULL DEFAULT '0',
  `page_id` int(10) unsigned NOT NULL DEFAULT '0',
  `form_id` int(10) unsigned NOT NULL DEFAULT '0',
  `sequence_id` int(10) unsigned NOT NULL DEFAULT '0',
  `sort` int(10) unsigned NOT NULL DEFAULT '0',
  `topic` varchar(32) NOT NULL DEFAULT '',
  `number_format` varchar(32) DEFAULT NULL,
  `notes` text,
  `created` datetime NOT NULL,
  `updated` datetime NOT NULL,
  PRIMARY KEY (`topic_id`),
  UNIQUE KEY `topic` (`topic`,`topic_pid`),
  KEY `topic_pid` (`topic_pid`),
  KEY `priority_id` (`priority_id`),
  KEY `dept_id` (`dept_id`),
  KEY `staff_id` (`staff_id`,`team_id`),
  KEY `sla_id` (`sla_id`),
  KEY `page_id` (`page_id`)
) ENGINE=InnoDB AUTO_INCREMENT=12 DEFAULT CHARSET=utf8;
/*!40101 SET character_set_client = @saved_cs_client */;

--
-- Dumping data for table `ost_help_topic`
--

LOCK TABLES `ost_help_topic` WRITE;
/*!40000 ALTER TABLE `ost_help_topic` DISABLE KEYS */;
INSERT INTO `ost_help_topic` VALUES (1,0,1,1,0,0,0,2,1,0,0,0,0,0,0,2,'Demande générale','','Questions sur les produits ou services','2015-12-01 09:25:03','2015-12-01 09:25:03'),(2,0,1,1,0,0,0,1,1,0,0,0,0,0,0,1,'Commentaires','','Tickets qui concernent principalement les départements de vente et facturation','2015-12-01 09:25:03','2015-12-01 09:25:03'),(10,0,1,1,0,0,0,2,1,0,0,0,0,0,0,3,'Signaler un problème','','Problèmes liés à un produit, un service ou un équipement','2015-12-01 09:25:03','2015-12-01 09:25:03'),(11,10,1,1,0,0,0,3,1,0,0,1,0,0,0,4,'Problème d\'accès','','Signaler un problème d\'accès à un élément physique ou virtuel','2015-12-01 09:25:03','2015-12-01 09:25:03');
/*!40000 ALTER TABLE `ost_help_topic` ENABLE KEYS */;
UNLOCK TABLES;

--
-- Table structure for table `ost_list`
--

DROP TABLE IF EXISTS `ost_list`;
/*!40101 SET @saved_cs_client     = @@character_set_client */;
/*!40101 SET character_set_client = utf8 */;
CREATE TABLE `ost_list` (
  `id` int(11) unsigned NOT NULL AUTO_INCREMENT,
  `name` varchar(255) NOT NULL,
  `name_plural` varchar(255) DEFAULT NULL,
  `sort_mode` enum('Alpha','-Alpha','SortCol') NOT NULL DEFAULT 'Alpha',
  `masks` int(11) unsigned NOT NULL DEFAULT '0',
  `type` varchar(16) DEFAULT NULL,
  `notes` text,
  `created` datetime NOT NULL,
  `updated` datetime NOT NULL,
  PRIMARY KEY (`id`),
  KEY `type` (`type`)
) ENGINE=InnoDB AUTO_INCREMENT=2 DEFAULT CHARSET=utf8;
/*!40101 SET character_set_client = @saved_cs_client */;

--
-- Dumping data for table `ost_list`
--

LOCK TABLES `ost_list` WRITE;
/*!40000 ALTER TABLE `ost_list` DISABLE KEYS */;
INSERT INTO `ost_list` VALUES (1,'Statut du billet','Statut des billets','SortCol',13,'ticket-status','Statut des billets','2015-12-01 09:25:03','2015-12-01 09:25:03');
/*!40000 ALTER TABLE `ost_list` ENABLE KEYS */;
UNLOCK TABLES;

--
-- Table structure for table `ost_list_items`
--

DROP TABLE IF EXISTS `ost_list_items`;
/*!40101 SET @saved_cs_client     = @@character_set_client */;
/*!40101 SET character_set_client = utf8 */;
CREATE TABLE `ost_list_items` (
  `id` int(11) unsigned NOT NULL AUTO_INCREMENT,
  `list_id` int(11) DEFAULT NULL,
  `status` int(11) unsigned NOT NULL DEFAULT '1',
  `value` varchar(255) NOT NULL,
  `extra` varchar(255) DEFAULT NULL,
  `sort` int(11) NOT NULL DEFAULT '1',
  `properties` text,
  PRIMARY KEY (`id`),
  KEY `list_item_lookup` (`list_id`)
) ENGINE=InnoDB DEFAULT CHARSET=utf8;
/*!40101 SET character_set_client = @saved_cs_client */;

--
-- Dumping data for table `ost_list_items`
--

LOCK TABLES `ost_list_items` WRITE;
/*!40000 ALTER TABLE `ost_list_items` DISABLE KEYS */;
/*!40000 ALTER TABLE `ost_list_items` ENABLE KEYS */;
UNLOCK TABLES;

--
-- Table structure for table `ost_note`
--

DROP TABLE IF EXISTS `ost_note`;
/*!40101 SET @saved_cs_client     = @@character_set_client */;
/*!40101 SET character_set_client = utf8 */;
CREATE TABLE `ost_note` (
  `id` int(11) unsigned NOT NULL AUTO_INCREMENT,
  `pid` int(11) unsigned DEFAULT NULL,
  `staff_id` int(11) unsigned NOT NULL DEFAULT '0',
  `ext_id` varchar(10) DEFAULT NULL,
  `body` text,
  `status` int(11) unsigned NOT NULL DEFAULT '0',
  `sort` int(11) unsigned NOT NULL DEFAULT '0',
  `created` timestamp NOT NULL DEFAULT '0000-00-00 00:00:00',
  `updated` timestamp NOT NULL DEFAULT '0000-00-00 00:00:00' ON UPDATE CURRENT_TIMESTAMP,
  PRIMARY KEY (`id`),
  KEY `ext_id` (`ext_id`)
) ENGINE=InnoDB DEFAULT CHARSET=utf8;
/*!40101 SET character_set_client = @saved_cs_client */;

--
-- Dumping data for table `ost_note`
--

LOCK TABLES `ost_note` WRITE;
/*!40000 ALTER TABLE `ost_note` DISABLE KEYS */;
/*!40000 ALTER TABLE `ost_note` ENABLE KEYS */;
UNLOCK TABLES;

--
-- Table structure for table `ost_organization`
--

DROP TABLE IF EXISTS `ost_organization`;
/*!40101 SET @saved_cs_client     = @@character_set_client */;
/*!40101 SET character_set_client = utf8 */;
CREATE TABLE `ost_organization` (
  `id` int(11) unsigned NOT NULL AUTO_INCREMENT,
  `name` varchar(128) NOT NULL DEFAULT '',
  `manager` varchar(16) NOT NULL DEFAULT '',
  `status` int(11) unsigned NOT NULL DEFAULT '0',
  `domain` varchar(256) NOT NULL DEFAULT '',
  `extra` text,
  `created` timestamp NULL DEFAULT NULL,
  `updated` timestamp NULL DEFAULT NULL ON UPDATE CURRENT_TIMESTAMP,
  PRIMARY KEY (`id`)
) ENGINE=InnoDB AUTO_INCREMENT=2 DEFAULT CHARSET=utf8;
/*!40101 SET character_set_client = @saved_cs_client */;

--
-- Dumping data for table `ost_organization`
--

LOCK TABLES `ost_organization` WRITE;
/*!40000 ALTER TABLE `ost_organization` DISABLE KEYS */;
INSERT INTO `ost_organization` VALUES (1,'osTicket','',0,'',NULL,'2015-12-01 08:25:03',NULL);
/*!40000 ALTER TABLE `ost_organization` ENABLE KEYS */;
UNLOCK TABLES;

--
-- Table structure for table `ost_plugin`
--

DROP TABLE IF EXISTS `ost_plugin`;
/*!40101 SET @saved_cs_client     = @@character_set_client */;
/*!40101 SET character_set_client = utf8 */;
CREATE TABLE `ost_plugin` (
  `id` int(11) unsigned NOT NULL AUTO_INCREMENT,
  `name` varchar(30) NOT NULL,
  `install_path` varchar(60) NOT NULL,
  `isphar` tinyint(1) NOT NULL DEFAULT '0',
  `isactive` tinyint(1) NOT NULL DEFAULT '0',
  `version` varchar(64) DEFAULT NULL,
  `installed` datetime NOT NULL,
  PRIMARY KEY (`id`)
) ENGINE=InnoDB AUTO_INCREMENT=2 DEFAULT CHARSET=utf8;
/*!40101 SET character_set_client = @saved_cs_client */;

--
-- Dumping data for table `ost_plugin`
--

LOCK TABLES `ost_plugin` WRITE;
/*!40000 ALTER TABLE `ost_plugin` DISABLE KEYS */;
INSERT INTO `ost_plugin` VALUES (1,'LDAP Authentication and Lookup','plugins/auth-ldap.phar',1,1,NULL,'2015-12-01 09:27:00');
/*!40000 ALTER TABLE `ost_plugin` ENABLE KEYS */;
UNLOCK TABLES;

--
-- Table structure for table `ost_sequence`
--

DROP TABLE IF EXISTS `ost_sequence`;
/*!40101 SET @saved_cs_client     = @@character_set_client */;
/*!40101 SET character_set_client = utf8 */;
CREATE TABLE `ost_sequence` (
  `id` int(11) unsigned NOT NULL AUTO_INCREMENT,
  `name` varchar(64) DEFAULT NULL,
  `flags` int(10) unsigned DEFAULT NULL,
  `next` bigint(20) unsigned NOT NULL DEFAULT '1',
  `increment` int(11) DEFAULT '1',
  `padding` char(1) DEFAULT '0',
  `updated` datetime NOT NULL,
  PRIMARY KEY (`id`)
) ENGINE=InnoDB AUTO_INCREMENT=2 DEFAULT CHARSET=utf8;
/*!40101 SET character_set_client = @saved_cs_client */;

--
-- Dumping data for table `ost_sequence`
--

LOCK TABLES `ost_sequence` WRITE;
/*!40000 ALTER TABLE `ost_sequence` DISABLE KEYS */;
INSERT INTO `ost_sequence` VALUES (1,'Tickets Généraux',1,1,1,'0','0000-00-00 00:00:00');
/*!40000 ALTER TABLE `ost_sequence` ENABLE KEYS */;
UNLOCK TABLES;

--
-- Table structure for table `ost_session`
--

DROP TABLE IF EXISTS `ost_session`;
/*!40101 SET @saved_cs_client     = @@character_set_client */;
/*!40101 SET character_set_client = utf8 */;
CREATE TABLE `ost_session` (
  `session_id` varchar(255) CHARACTER SET ascii NOT NULL DEFAULT '',
  `session_data` blob,
  `session_expire` datetime DEFAULT NULL,
  `session_updated` datetime DEFAULT NULL,
  `user_id` varchar(16) COLLATE utf8_unicode_ci NOT NULL DEFAULT '0' COMMENT 'osTicket staff/client ID',
  `user_ip` varchar(64) COLLATE utf8_unicode_ci NOT NULL,
  `user_agent` varchar(255) COLLATE utf8_unicode_ci NOT NULL,
  PRIMARY KEY (`session_id`),
  KEY `updated` (`session_updated`),
  KEY `user_id` (`user_id`)
) ENGINE=InnoDB DEFAULT CHARSET=utf8 COLLATE=utf8_unicode_ci;
/*!40101 SET character_set_client = @saved_cs_client */;

--
-- Dumping data for table `ost_session`
--

LOCK TABLES `ost_session` WRITE;
/*!40000 ALTER TABLE `ost_session` DISABLE KEYS */;
INSERT INTO `ost_session` VALUES ('01b2snq3vs36fg966ch1t0qsk6','cfg:core|a:1:{s:9:\"tz_offset\";s:3:\"1.0\";}csrf|a:2:{s:5:\"token\";s:40:\"9b0f15eb5d2ed34420f82707b40d188015091356\";s:4:\"time\";i:1450616125;}TZ_OFFSET|s:3:\"1.0\";TZ_DST|s:1:\"0\";cfg:plugin.1|a:0:{}cfg:mysqlsearch|a:0:{}cfg:list.1|a:0:{}','2015-12-21 13:55:25','2015-12-20 13:55:25','0','192.168.100.1','Mozilla/5.0 (Windows NT 6.1; WOW64) AppleWebKit/537.36 (KHTML, like Gecko) Chrome/47.0.2526.106 Safari/537.36'),('0c8cndkndos1brn44dom60t204','cfg:core|a:2:{s:9:\"tz_offset\";s:3:\"1.0\";s:12:\"db_tz_offset\";s:6:\"1.0000\";}csrf|a:2:{s:5:\"token\";s:40:\"6de578875af14f695777c2bbac2dca6a57fe85ec\";s:4:\"time\";i:1450783386;}TZ_OFFSET|s:3:\"1.0\";TZ_DST|b:0;cfg:plugin.1|a:0:{}cfg:mysqlsearch|a:0:{}_staff|a:1:{s:4:\"auth\";a:2:{s:4:\"dest\";s:34:\"/Symfony/web/support/scp/index.php\";s:3:\"msg\";s:24:\"Authentification requise\";}}_auth|a:1:{s:5:\"staff\";a:2:{s:2:\"id\";s:1:\"1\";s:3:\"key\";s:14:\"local:t.besson\";}}cfg:staff.1|a:0:{}:token|a:1:{s:5:\"staff\";s:76:\"5460ef161f60fb5e755718589051508d:1450783363:af2d259e90fd736bdab3fcba41ac540e\";}staff:lang|s:2:\"fr\";::Q|s:4:\"open\";search_14d8edbcd9a8bd7e4d842e77cb9e8817|s:2071:\"SELECT ticket.ticket_id,tlock.lock_id,ticket.`number`,ticket.dept_id,ticket.staff_id,ticket.team_id  ,user.name ,email.address as email, dept.dept_name, status.state  ,status.name as status,ticket.source,ticket.isoverdue,ticket.isanswered,ticket.created  ,IF(ticket.duedate IS NULL,IF(sla.id IS NULL, NULL, DATE_ADD(ticket.created, INTERVAL sla.grace_period HOUR)), ticket.duedate) as duedate  ,CAST(GREATEST(IFNULL(ticket.lastmessage, 0), IFNULL(ticket.closed, 0), IFNULL(ticket.reopened, 0), ticket.created) as datetime) as effective_date  ,ticket.created as ticket_created, CONCAT_WS(\" \", staff.firstname, staff.lastname) as staff, team.name as team  ,IF(staff.staff_id IS NULL,team.name,CONCAT_WS(\" \", staff.lastname, staff.firstname)) as assigned  ,IF(ptopic.topic_pid IS NULL, topic.topic, CONCAT_WS(\" / \", ptopic.topic, topic.topic)) as helptopic  ,cdata.priority as priority_id, cdata.subject, pri.priority_desc, pri.priority_color  FROM ost_ticket ticket  LEFT JOIN ost_ticket_status status\n            ON (status.id = ticket.status_id)  LEFT JOIN ost_user user ON user.id = ticket.user_id LEFT JOIN ost_user_email email ON user.id = email.user_id LEFT JOIN ost_department dept ON ticket.dept_id=dept.dept_id  LEFT JOIN ost_ticket_lock tlock ON (ticket.ticket_id=tlock.ticket_id AND tlock.expire>NOW()\n               AND tlock.staff_id!=1)  LEFT JOIN ost_staff staff ON (ticket.staff_id=staff.staff_id)  LEFT JOIN ost_team team ON (ticket.team_id=team.team_id)  LEFT JOIN ost_sla sla ON (ticket.sla_id=sla.id AND sla.isactive=1)  LEFT JOIN ost_help_topic topic ON (ticket.topic_id=topic.topic_id)  LEFT JOIN ost_help_topic ptopic ON (ptopic.topic_id=topic.topic_pid)  LEFT JOIN ost_ticket__cdata cdata ON (cdata.ticket_id = ticket.ticket_id)  LEFT JOIN ost_ticket_priority pri ON (pri.priority_id = cdata.priority)  WHERE (   ( ticket.staff_id=1 AND status.state=\"open\")  OR ticket.dept_id IN (1,2,3) ) AND status.state IN (\n                \'open\' )  AND ticket.isanswered=0  ORDER BY pri.priority_urgency ASC, effective_date DESC, ticket.created DESC LIMIT 0,25\";cfg:list.1|a:0:{}lastcroncall|i:1450783386;cfg:staff.2|a:0:{}cfg:pwreset|a:0:{}','2015-12-23 12:23:06','2015-12-22 12:23:06','0','192.168.69.51','Mozilla/5.0 (Windows NT 6.1; WOW64) AppleWebKit/537.36 (KHTML, like Gecko) Chrome/47.0.2526.106 Safari/537.36'),('0eub84t9rbvbcihb7sf1m270p2','cfg:core|a:1:{s:9:\"tz_offset\";s:3:\"1.0\";}csrf|a:2:{s:5:\"token\";s:40:\"44c1c941468afc5d63966a45f0c4e06dd995e862\";s:4:\"time\";i:1450273678;}TZ_OFFSET|s:3:\"1.0\";TZ_DST|s:1:\"0\";cfg:plugin.1|a:0:{}cfg:mysqlsearch|a:0:{}cfg:list.1|a:0:{}','2015-12-17 14:47:58','2015-12-16 14:47:58','0','::1','Mozilla/5.0 (Windows NT 6.3; WOW64) AppleWebKit/537.36 (KHTML, like Gecko) Chrome/47.0.2526.80 Safari/537.36'),('0l4dtlq6a0p1beafp8pdfbq9n3','cfg:core|a:2:{s:9:\"tz_offset\";s:3:\"1.0\";s:12:\"db_tz_offset\";s:6:\"1.0000\";}csrf|a:2:{s:5:\"token\";s:40:\"a968cc1907ecdd5af1d411d857572efffae0bfe8\";s:4:\"time\";i:1452175395;}TZ_OFFSET|s:3:\"1.0\";TZ_DST|b:0;cfg:plugin.1|a:0:{}cfg:mysqlsearch|a:0:{}cfg:list.1|a:0:{}_staff|a:1:{s:4:\"auth\";a:2:{s:4:\"dest\";s:34:\"/Symfony/web/support/scp/index.php\";s:3:\"msg\";s:24:\"Authentification requise\";}}_auth|a:2:{s:5:\"staff\";a:2:{s:2:\"id\";s:1:\"3\";s:3:\"key\";s:16:\"local:superadmin\";}s:4:\"user\";N;}cfg:staff.3|a:0:{}:token|a:1:{s:5:\"staff\";s:76:\"c9dcbb3249a1ec9e4604fa6a4c90f0bd:1452175395:e5b4cb54d6bd79b7511b7c5f58714e7c\";}staff:lang|s:2:\"fr\";::Q|s:8:\"assigned\";search_80660194a124c13eaa7dc47b636a678e|s:2071:\"SELECT ticket.ticket_id,tlock.lock_id,ticket.`number`,ticket.dept_id,ticket.staff_id,ticket.team_id  ,user.name ,email.address as email, dept.dept_name, status.state  ,status.name as status,ticket.source,ticket.isoverdue,ticket.isanswered,ticket.created  ,IF(ticket.duedate IS NULL,IF(sla.id IS NULL, NULL, DATE_ADD(ticket.created, INTERVAL sla.grace_period HOUR)), ticket.duedate) as duedate  ,CAST(GREATEST(IFNULL(ticket.lastmessage, 0), IFNULL(ticket.closed, 0), IFNULL(ticket.reopened, 0), ticket.created) as datetime) as effective_date  ,ticket.created as ticket_created, CONCAT_WS(\" \", staff.firstname, staff.lastname) as staff, team.name as team  ,IF(staff.staff_id IS NULL,team.name,CONCAT_WS(\" \", staff.lastname, staff.firstname)) as assigned  ,IF(ptopic.topic_pid IS NULL, topic.topic, CONCAT_WS(\" / \", ptopic.topic, topic.topic)) as helptopic  ,cdata.priority as priority_id, cdata.subject, pri.priority_desc, pri.priority_color  FROM ost_ticket ticket  LEFT JOIN ost_ticket_status status\n            ON (status.id = ticket.status_id)  LEFT JOIN ost_user user ON user.id = ticket.user_id LEFT JOIN ost_user_email email ON user.id = email.user_id LEFT JOIN ost_department dept ON ticket.dept_id=dept.dept_id  LEFT JOIN ost_ticket_lock tlock ON (ticket.ticket_id=tlock.ticket_id AND tlock.expire>NOW()\n               AND tlock.staff_id!=3)  LEFT JOIN ost_staff staff ON (ticket.staff_id=staff.staff_id)  LEFT JOIN ost_team team ON (ticket.team_id=team.team_id)  LEFT JOIN ost_sla sla ON (ticket.sla_id=sla.id AND sla.isactive=1)  LEFT JOIN ost_help_topic topic ON (ticket.topic_id=topic.topic_id)  LEFT JOIN ost_help_topic ptopic ON (ptopic.topic_id=topic.topic_pid)  LEFT JOIN ost_ticket__cdata cdata ON (cdata.ticket_id = ticket.ticket_id)  LEFT JOIN ost_ticket_priority pri ON (pri.priority_id = cdata.priority)  WHERE (   ( ticket.staff_id=3 AND status.state=\"open\")  OR ticket.dept_id IN (1,2,3) ) AND status.state IN (\n                \'open\' )  AND ticket.isanswered=0  ORDER BY pri.priority_urgency ASC, effective_date DESC, ticket.created DESC LIMIT 0,25\";lastcroncall|i:1452175132;cfg:dept.1|a:0:{}cfg:staff.2|a:0:{}cfg:staff.1|a:0:{}users_qs_ce746b0b7166d4b0f070e09225bd7f27|s:504:\"SELECT user.*, email.address as email, org.name as organization\n          , account.id as account_id, account.status as account_status , count(DISTINCT ticket.ticket_id) as tickets  FROM ost_user user LEFT JOIN ost_user_email email ON (user.id = email.user_id) LEFT JOIN ost_organization org ON (user.org_id = org.id) LEFT JOIN ost_user_account account ON (account.user_id = user.id)  LEFT JOIN ost_ticket ticket ON (ticket.user_id = user.id)  WHERE 1  GROUP BY user.id ORDER BY user.name ASC  LIMIT 0,25\";search_9b689e26101d698bd7a28bba7e66a135|s:2068:\"SELECT ticket.ticket_id,tlock.lock_id,ticket.`number`,ticket.dept_id,ticket.staff_id,ticket.team_id  ,user.name ,email.address as email, dept.dept_name, status.state  ,status.name as status,ticket.source,ticket.isoverdue,ticket.isanswered,ticket.created  ,IF(ticket.duedate IS NULL,IF(sla.id IS NULL, NULL, DATE_ADD(ticket.created, INTERVAL sla.grace_period HOUR)), ticket.duedate) as duedate  ,CAST(GREATEST(IFNULL(ticket.lastmessage, 0), IFNULL(ticket.closed, 0), IFNULL(ticket.reopened, 0), ticket.created) as datetime) as effective_date  ,ticket.created as ticket_created, CONCAT_WS(\" \", staff.firstname, staff.lastname) as staff, team.name as team  ,IF(staff.staff_id IS NULL,team.name,CONCAT_WS(\" \", staff.lastname, staff.firstname)) as assigned  ,IF(ptopic.topic_pid IS NULL, topic.topic, CONCAT_WS(\" / \", ptopic.topic, topic.topic)) as helptopic  ,cdata.priority as priority_id, cdata.subject, pri.priority_desc, pri.priority_color  FROM ost_ticket ticket  LEFT JOIN ost_ticket_status status\n            ON (status.id = ticket.status_id)  LEFT JOIN ost_user user ON user.id = ticket.user_id LEFT JOIN ost_user_email email ON user.id = email.user_id LEFT JOIN ost_department dept ON ticket.dept_id=dept.dept_id  LEFT JOIN ost_ticket_lock tlock ON (ticket.ticket_id=tlock.ticket_id AND tlock.expire>NOW()\n               AND tlock.staff_id!=3)  LEFT JOIN ost_staff staff ON (ticket.staff_id=staff.staff_id)  LEFT JOIN ost_team team ON (ticket.team_id=team.team_id)  LEFT JOIN ost_sla sla ON (ticket.sla_id=sla.id AND sla.isactive=1)  LEFT JOIN ost_help_topic topic ON (ticket.topic_id=topic.topic_id)  LEFT JOIN ost_help_topic ptopic ON (ptopic.topic_id=topic.topic_pid)  LEFT JOIN ost_ticket__cdata cdata ON (cdata.ticket_id = ticket.ticket_id)  LEFT JOIN ost_ticket_priority pri ON (pri.priority_id = cdata.priority)  WHERE (   ( ticket.staff_id=3 AND status.state=\"open\")  OR ticket.dept_id IN (1,2,3) ) AND status.state IN (\n                \'open\' )  AND ticket.staff_id=3 ORDER BY pri.priority_urgency ASC, effective_date DESC, ticket.created DESC LIMIT 0,25\";','2016-01-08 15:03:15','2016-01-07 15:03:15','3','192.168.69.93','Mozilla/5.0 (Windows NT 6.1; WOW64) AppleWebKit/537.36 (KHTML, like Gecko) Chrome/47.0.2526.106 Safari/537.36'),('15fssh862fmia2a38nhtijmm75','cfg:core|a:1:{s:9:\"tz_offset\";s:3:\"1.0\";}csrf|a:2:{s:5:\"token\";s:40:\"fdc6c377b9733959e9f2e6aa152f6d8e54d6afda\";s:4:\"time\";i:1450800181;}TZ_OFFSET|s:3:\"1.0\";TZ_DST|s:1:\"0\";cfg:plugin.1|a:0:{}cfg:mysqlsearch|a:0:{}cfg:list.1|a:0:{}_auth|a:2:{s:4:\"user\";N;s:5:\"staff\";N;}_staff|a:1:{s:4:\"auth\";a:2:{s:4:\"dest\";s:34:\"/Symfony/web/support/scp/index.php\";s:3:\"msg\";s:24:\"Authentification requise\";}}','2015-12-23 17:03:01','2015-12-22 17:03:01','0','::1','Mozilla/5.0 (Windows NT 6.3; WOW64) AppleWebKit/537.36 (KHTML, like Gecko) Chrome/47.0.2526.106 Safari/537.36'),('1dfv4aqph8d023lep8qku5cdm6','cfg:core|a:1:{s:9:\"tz_offset\";s:3:\"1.0\";}csrf|a:2:{s:5:\"token\";s:40:\"fdb7906a9b63e3453b34d57b14f631f0cf05a9c8\";s:4:\"time\";i:1449045124;}TZ_OFFSET|s:3:\"1.0\";TZ_DST|s:1:\"0\";cfg:plugin.1|a:0:{}cfg:mysqlsearch|a:0:{}cfg:list.1|a:0:{}','2015-12-03 09:32:04','2015-12-02 09:32:04','0','192.168.69.51','Mozilla/5.0 (Windows NT 6.1; WOW64) AppleWebKit/537.36 (KHTML, like Gecko) Chrome/46.0.2490.86 Safari/537.36'),('33pqhhquog6oc4sb7a1ksrlgs0','cfg:core|a:1:{s:9:\"tz_offset\";s:3:\"1.0\";}csrf|a:2:{s:5:\"token\";s:40:\"51a11d86a67231003fd0b071dc968f3e7b0641e3\";s:4:\"time\";i:1450787563;}TZ_OFFSET|s:3:\"1.0\";TZ_DST|s:1:\"0\";cfg:plugin.1|a:0:{}cfg:mysqlsearch|a:0:{}cfg:list.1|a:0:{}_auth|a:1:{s:4:\"user\";a:0:{}}:token|a:0:{}client:lang|s:2:\"fr\";','2015-12-23 13:32:43','2015-12-22 13:32:43','0','192.168.30.229','Mozilla/5.0 (Windows NT 6.1; WOW64) AppleWebKit/537.36 (KHTML, like Gecko) Chrome/47.0.2526.106 Safari/537.36'),('535m89lh5pea1f2hp9805i2615','cfg:core|a:1:{s:9:\"tz_offset\";s:3:\"1.0\";}csrf|a:2:{s:5:\"token\";s:40:\"ff6da1b88255ba33337f7905abc4888da67047d6\";s:4:\"time\";i:1451899846;}TZ_OFFSET|s:3:\"1.0\";TZ_DST|b:0;cfg:plugin.1|a:0:{}cfg:mysqlsearch|a:0:{}cfg:list.1|a:0:{}_staff|a:1:{s:4:\"auth\";a:2:{s:4:\"dest\";s:34:\"/Symfony/web/support/scp/index.php\";s:3:\"msg\";s:24:\"Authentification requise\";}}_auth|a:1:{s:5:\"staff\";a:2:{s:2:\"id\";s:1:\"1\";s:3:\"key\";s:14:\"local:t.besson\";}}cfg:staff.1|a:0:{}:token|a:1:{s:5:\"staff\";s:76:\"8ccd16c5c1b4a0438bc9cf3c9099d52a:1451899845:e5b4cb54d6bd79b7511b7c5f58714e7c\";}staff:lang|s:2:\"fr\";::Q|s:4:\"open\";search_14d8edbcd9a8bd7e4d842e77cb9e8817|s:2071:\"SELECT ticket.ticket_id,tlock.lock_id,ticket.`number`,ticket.dept_id,ticket.staff_id,ticket.team_id  ,user.name ,email.address as email, dept.dept_name, status.state  ,status.name as status,ticket.source,ticket.isoverdue,ticket.isanswered,ticket.created  ,IF(ticket.duedate IS NULL,IF(sla.id IS NULL, NULL, DATE_ADD(ticket.created, INTERVAL sla.grace_period HOUR)), ticket.duedate) as duedate  ,CAST(GREATEST(IFNULL(ticket.lastmessage, 0), IFNULL(ticket.closed, 0), IFNULL(ticket.reopened, 0), ticket.created) as datetime) as effective_date  ,ticket.created as ticket_created, CONCAT_WS(\" \", staff.firstname, staff.lastname) as staff, team.name as team  ,IF(staff.staff_id IS NULL,team.name,CONCAT_WS(\" \", staff.lastname, staff.firstname)) as assigned  ,IF(ptopic.topic_pid IS NULL, topic.topic, CONCAT_WS(\" / \", ptopic.topic, topic.topic)) as helptopic  ,cdata.priority as priority_id, cdata.subject, pri.priority_desc, pri.priority_color  FROM ost_ticket ticket  LEFT JOIN ost_ticket_status status\n            ON (status.id = ticket.status_id)  LEFT JOIN ost_user user ON user.id = ticket.user_id LEFT JOIN ost_user_email email ON user.id = email.user_id LEFT JOIN ost_department dept ON ticket.dept_id=dept.dept_id  LEFT JOIN ost_ticket_lock tlock ON (ticket.ticket_id=tlock.ticket_id AND tlock.expire>NOW()\n               AND tlock.staff_id!=1)  LEFT JOIN ost_staff staff ON (ticket.staff_id=staff.staff_id)  LEFT JOIN ost_team team ON (ticket.team_id=team.team_id)  LEFT JOIN ost_sla sla ON (ticket.sla_id=sla.id AND sla.isactive=1)  LEFT JOIN ost_help_topic topic ON (ticket.topic_id=topic.topic_id)  LEFT JOIN ost_help_topic ptopic ON (ptopic.topic_id=topic.topic_pid)  LEFT JOIN ost_ticket__cdata cdata ON (cdata.ticket_id = ticket.ticket_id)  LEFT JOIN ost_ticket_priority pri ON (pri.priority_id = cdata.priority)  WHERE (   ( ticket.staff_id=1 AND status.state=\"open\")  OR ticket.dept_id IN (1,2,3) ) AND status.state IN (\n                \'open\' )  AND ticket.isanswered=0  ORDER BY pri.priority_urgency ASC, effective_date DESC, ticket.created DESC LIMIT 0,25\";lastcroncall|i:1451899846;','2016-01-05 10:30:46','2016-01-04 10:30:46','0','192.168.69.93','Mozilla/5.0 (Windows NT 6.1; WOW64) AppleWebKit/537.36 (KHTML, like Gecko) Chrome/47.0.2526.106 Safari/537.36'),('5r35akunmno7me1lv9g4uvs9c5','cfg:core|a:2:{s:9:\"tz_offset\";s:3:\"1.0\";s:12:\"db_tz_offset\";s:6:\"1.0000\";}csrf|a:2:{s:5:\"token\";s:40:\"4acbefeb424ba8887bae5c8031ff3d517102a281\";s:4:\"time\";i:1450781176;}TZ_OFFSET|s:3:\"1.0\";TZ_DST|b:0;cfg:plugin.1|a:0:{}cfg:mysqlsearch|a:0:{}cfg:list.1|a:0:{}_staff|a:1:{s:4:\"auth\";a:2:{s:4:\"dest\";s:34:\"/Symfony/web/support/scp/index.php\";s:3:\"msg\";s:24:\"Authentification requise\";}}_auth|a:1:{s:5:\"staff\";a:2:{s:2:\"id\";s:1:\"1\";s:3:\"key\";s:14:\"local:t.besson\";}}:token|a:1:{s:5:\"staff\";s:76:\"aec3c1d11318d3e3f57c8b6ae97870d0:1450781174:af2d259e90fd736bdab3fcba41ac540e\";}cfg:staff.1|a:0:{}staff:lang|s:2:\"fr\";::Q|s:4:\"open\";search_14d8edbcd9a8bd7e4d842e77cb9e8817|s:2071:\"SELECT ticket.ticket_id,tlock.lock_id,ticket.`number`,ticket.dept_id,ticket.staff_id,ticket.team_id  ,user.name ,email.address as email, dept.dept_name, status.state  ,status.name as status,ticket.source,ticket.isoverdue,ticket.isanswered,ticket.created  ,IF(ticket.duedate IS NULL,IF(sla.id IS NULL, NULL, DATE_ADD(ticket.created, INTERVAL sla.grace_period HOUR)), ticket.duedate) as duedate  ,CAST(GREATEST(IFNULL(ticket.lastmessage, 0), IFNULL(ticket.closed, 0), IFNULL(ticket.reopened, 0), ticket.created) as datetime) as effective_date  ,ticket.created as ticket_created, CONCAT_WS(\" \", staff.firstname, staff.lastname) as staff, team.name as team  ,IF(staff.staff_id IS NULL,team.name,CONCAT_WS(\" \", staff.lastname, staff.firstname)) as assigned  ,IF(ptopic.topic_pid IS NULL, topic.topic, CONCAT_WS(\" / \", ptopic.topic, topic.topic)) as helptopic  ,cdata.priority as priority_id, cdata.subject, pri.priority_desc, pri.priority_color  FROM ost_ticket ticket  LEFT JOIN ost_ticket_status status\n            ON (status.id = ticket.status_id)  LEFT JOIN ost_user user ON user.id = ticket.user_id LEFT JOIN ost_user_email email ON user.id = email.user_id LEFT JOIN ost_department dept ON ticket.dept_id=dept.dept_id  LEFT JOIN ost_ticket_lock tlock ON (ticket.ticket_id=tlock.ticket_id AND tlock.expire>NOW()\n               AND tlock.staff_id!=1)  LEFT JOIN ost_staff staff ON (ticket.staff_id=staff.staff_id)  LEFT JOIN ost_team team ON (ticket.team_id=team.team_id)  LEFT JOIN ost_sla sla ON (ticket.sla_id=sla.id AND sla.isactive=1)  LEFT JOIN ost_help_topic topic ON (ticket.topic_id=topic.topic_id)  LEFT JOIN ost_help_topic ptopic ON (ptopic.topic_id=topic.topic_pid)  LEFT JOIN ost_ticket__cdata cdata ON (cdata.ticket_id = ticket.ticket_id)  LEFT JOIN ost_ticket_priority pri ON (pri.priority_id = cdata.priority)  WHERE (   ( ticket.staff_id=1 AND status.state=\"open\")  OR ticket.dept_id IN (1,2,3) ) AND status.state IN (\n                \'open\' )  AND ticket.isanswered=0  ORDER BY pri.priority_urgency ASC, effective_date DESC, ticket.created DESC LIMIT 0,25\";lastcroncall|i:1450781175;','2015-12-23 11:46:16','2015-12-22 11:46:16','1','192.168.69.51','Mozilla/5.0 (Windows NT 6.1; WOW64) AppleWebKit/537.36 (KHTML, like Gecko) Chrome/47.0.2526.106 Safari/537.36'),('67kiu5b4bvd6ib0if8n1musrl0','cfg:core|a:1:{s:9:\"tz_offset\";s:3:\"1.0\";}csrf|a:2:{s:5:\"token\";s:40:\"aaaebb7c24616eeee87858133e08eae80f3e3539\";s:4:\"time\";i:1449239883;}TZ_OFFSET|s:3:\"1.0\";TZ_DST|s:1:\"0\";cfg:plugin.1|a:0:{}cfg:mysqlsearch|a:0:{}cfg:list.1|a:0:{}_auth|a:1:{s:4:\"user\";a:1:{s:7:\"strikes\";i:1;}}','2015-12-05 15:38:03','2015-12-04 15:38:03','0','192.168.69.125','Mozilla/5.0 (Windows NT 6.1; WOW64) AppleWebKit/537.36 (KHTML, like Gecko) Chrome/47.0.2526.73 Safari/537.36'),('6en5s85qkadv8pq9i96ltq5ru0','cfg:core|a:1:{s:9:\"tz_offset\";s:3:\"1.0\";}csrf|a:2:{s:5:\"token\";s:40:\"8d507e751e4c84861f1b08070f456325c37430c2\";s:4:\"time\";i:1450344274;}TZ_OFFSET|s:3:\"1.0\";TZ_DST|s:1:\"0\";cfg:plugin.1|a:0:{}cfg:mysqlsearch|a:0:{}cfg:list.1|a:0:{}','2015-12-18 10:24:34','2015-12-17 10:24:34','0','192.168.69.51','Mozilla/5.0 (Windows NT 6.1; WOW64) AppleWebKit/537.36 (KHTML, like Gecko) Chrome/47.0.2526.80 Safari/537.36'),('6jkeqtdp8iv7f01b09tu8ltgi4','cfg:core|a:1:{s:9:\"tz_offset\";s:3:\"1.0\";}csrf|a:2:{s:5:\"token\";s:40:\"0997aafa16a80f03d0a1f846d0154cb4a92026e1\";s:4:\"time\";i:1450789817;}TZ_OFFSET|s:3:\"1.0\";TZ_DST|s:1:\"0\";cfg:plugin.1|a:0:{}cfg:mysqlsearch|a:0:{}cfg:list.1|a:0:{}_auth|a:1:{s:4:\"user\";a:0:{}}:token|a:0:{}client:lang|s:2:\"fr\";','2015-12-23 14:10:17','2015-12-22 14:10:17','0','192.168.30.229','Mozilla/5.0 (Windows NT 6.1; WOW64) AppleWebKit/537.36 (KHTML, like Gecko) Chrome/47.0.2526.106 Safari/537.36'),('6r58ov5t4ag3kv7kmped22mbe7','cfg:core|a:2:{s:9:\"tz_offset\";s:3:\"1.0\";s:12:\"db_tz_offset\";s:6:\"1.0000\";}csrf|a:2:{s:5:\"token\";s:40:\"cb99d05ca6f1e272076d8c868c804298fd562353\";s:4:\"time\";i:1451920284;}TZ_OFFSET|s:3:\"1.0\";TZ_DST|b:0;cfg:plugin.1|a:0:{}cfg:mysqlsearch|a:0:{}cfg:list.1|a:0:{}_client|a:1:{s:4:\"auth\";a:1:{s:4:\"dest\";s:29:\"/Symfony/web/support/open.php\";}}_auth|a:2:{s:4:\"user\";a:2:{s:2:\"id\";i:2;s:3:\"key\";s:13:\"ldap.client:2\";}s:5:\"staff\";a:2:{s:2:\"id\";s:1:\"1\";s:3:\"key\";s:14:\"local:t.besson\";}}:token|a:2:{s:6:\"client\";s:76:\"8523239702a6f35a56ddd1ae10b81fce:1451920066:e5b4cb54d6bd79b7511b7c5f58714e7c\";s:5:\"staff\";s:76:\"bc75a0f89f9cf1941f643d5db1b95a57:1451920284:e5b4cb54d6bd79b7511b7c5f58714e7c\";}client:lang|s:2:\"fr\";cfg:dept.1|a:0:{}cfg:staff.3|a:0:{}cfg:staff.2|a:0:{}cfg:staff.1|a:0:{}_staff|a:1:{s:4:\"auth\";a:2:{s:4:\"dest\";s:34:\"/Symfony/web/support/scp/index.php\";s:3:\"msg\";s:24:\"Authentification requise\";}}staff:lang|s:2:\"fr\";::Q|s:6:\"closed\";search_14d8edbcd9a8bd7e4d842e77cb9e8817|s:2071:\"SELECT ticket.ticket_id,tlock.lock_id,ticket.`number`,ticket.dept_id,ticket.staff_id,ticket.team_id  ,user.name ,email.address as email, dept.dept_name, status.state  ,status.name as status,ticket.source,ticket.isoverdue,ticket.isanswered,ticket.created  ,IF(ticket.duedate IS NULL,IF(sla.id IS NULL, NULL, DATE_ADD(ticket.created, INTERVAL sla.grace_period HOUR)), ticket.duedate) as duedate  ,CAST(GREATEST(IFNULL(ticket.lastmessage, 0), IFNULL(ticket.closed, 0), IFNULL(ticket.reopened, 0), ticket.created) as datetime) as effective_date  ,ticket.created as ticket_created, CONCAT_WS(\" \", staff.firstname, staff.lastname) as staff, team.name as team  ,IF(staff.staff_id IS NULL,team.name,CONCAT_WS(\" \", staff.lastname, staff.firstname)) as assigned  ,IF(ptopic.topic_pid IS NULL, topic.topic, CONCAT_WS(\" / \", ptopic.topic, topic.topic)) as helptopic  ,cdata.priority as priority_id, cdata.subject, pri.priority_desc, pri.priority_color  FROM ost_ticket ticket  LEFT JOIN ost_ticket_status status\n            ON (status.id = ticket.status_id)  LEFT JOIN ost_user user ON user.id = ticket.user_id LEFT JOIN ost_user_email email ON user.id = email.user_id LEFT JOIN ost_department dept ON ticket.dept_id=dept.dept_id  LEFT JOIN ost_ticket_lock tlock ON (ticket.ticket_id=tlock.ticket_id AND tlock.expire>NOW()\n               AND tlock.staff_id!=1)  LEFT JOIN ost_staff staff ON (ticket.staff_id=staff.staff_id)  LEFT JOIN ost_team team ON (ticket.team_id=team.team_id)  LEFT JOIN ost_sla sla ON (ticket.sla_id=sla.id AND sla.isactive=1)  LEFT JOIN ost_help_topic topic ON (ticket.topic_id=topic.topic_id)  LEFT JOIN ost_help_topic ptopic ON (ptopic.topic_id=topic.topic_pid)  LEFT JOIN ost_ticket__cdata cdata ON (cdata.ticket_id = ticket.ticket_id)  LEFT JOIN ost_ticket_priority pri ON (pri.priority_id = cdata.priority)  WHERE (   ( ticket.staff_id=1 AND status.state=\"open\")  OR ticket.dept_id IN (1,2,3) ) AND status.state IN (\n                \'open\' )  AND ticket.isanswered=0  ORDER BY pri.priority_urgency ASC, effective_date DESC, ticket.created DESC LIMIT 0,25\";lastcroncall|i:1451920120;search_4be0933a68a2aed99289cde50de8c153|s:2021:\"SELECT ticket.ticket_id,tlock.lock_id,ticket.`number`,ticket.dept_id,ticket.staff_id,ticket.team_id  ,user.name ,email.address as email, dept.dept_name, status.state  ,status.name as status,ticket.source,ticket.isoverdue,ticket.isanswered,ticket.created  ,IF(ticket.duedate IS NULL,IF(sla.id IS NULL, NULL, DATE_ADD(ticket.created, INTERVAL sla.grace_period HOUR)), ticket.duedate) as duedate  ,CAST(GREATEST(IFNULL(ticket.lastmessage, 0), IFNULL(ticket.closed, 0), IFNULL(ticket.reopened, 0), ticket.created) as datetime) as effective_date  ,ticket.created as ticket_created, CONCAT_WS(\" \", staff.firstname, staff.lastname) as staff, team.name as team  ,IF(staff.staff_id IS NULL,team.name,CONCAT_WS(\" \", staff.lastname, staff.firstname)) as assigned  ,IF(ptopic.topic_pid IS NULL, topic.topic, CONCAT_WS(\" / \", ptopic.topic, topic.topic)) as helptopic  ,cdata.priority as priority_id, cdata.subject, pri.priority_desc, pri.priority_color  FROM ost_ticket ticket  LEFT JOIN ost_ticket_status status\n            ON (status.id = ticket.status_id)  LEFT JOIN ost_user user ON user.id = ticket.user_id LEFT JOIN ost_user_email email ON user.id = email.user_id LEFT JOIN ost_department dept ON ticket.dept_id=dept.dept_id  LEFT JOIN ost_ticket_lock tlock ON (ticket.ticket_id=tlock.ticket_id AND tlock.expire>NOW()\n               AND tlock.staff_id!=1)  LEFT JOIN ost_staff staff ON (ticket.staff_id=staff.staff_id)  LEFT JOIN ost_team team ON (ticket.team_id=team.team_id)  LEFT JOIN ost_sla sla ON (ticket.sla_id=sla.id AND sla.isactive=1)  LEFT JOIN ost_help_topic topic ON (ticket.topic_id=topic.topic_id)  LEFT JOIN ost_help_topic ptopic ON (ptopic.topic_id=topic.topic_pid)  LEFT JOIN ost_ticket__cdata cdata ON (cdata.ticket_id = ticket.ticket_id)  LEFT JOIN ost_ticket_priority pri ON (pri.priority_id = cdata.priority)  WHERE (   ( ticket.staff_id=1 AND status.state=\"open\")  OR ticket.dept_id IN (1,2,3) ) AND status.state IN (\n                \'closed\' )  ORDER BY ticket.closed DESC, ticket.created DESC LIMIT 0,25\";','2016-01-05 16:11:24','2016-01-04 16:11:24','1','192.168.69.93','Mozilla/5.0 (Windows NT 6.1; WOW64) AppleWebKit/537.36 (KHTML, like Gecko) Chrome/47.0.2526.106 Safari/537.36'),('751lo11hg2mjcrt46l2qqoofl3','cfg:core|a:1:{s:9:\"tz_offset\";s:3:\"1.0\";}csrf|a:2:{s:5:\"token\";s:40:\"8d229a3653980a809140b4bba393a253dc789682\";s:4:\"time\";i:1449045094;}TZ_OFFSET|s:3:\"1.0\";TZ_DST|s:1:\"0\";cfg:plugin.1|a:0:{}cfg:mysqlsearch|a:0:{}cfg:list.1|a:0:{}','2015-12-03 09:31:34','2015-12-02 09:31:34','0','::1','Mozilla/5.0 (Windows NT 6.3; WOW64) AppleWebKit/537.36 (KHTML, like Gecko) Chrome/46.0.2490.86 Safari/537.36'),('7flcogjg0p9788ub6egifed7j7','cfg:core|a:2:{s:9:\"tz_offset\";s:3:\"1.0\";s:12:\"db_tz_offset\";s:6:\"1.0000\";}csrf|a:2:{s:5:\"token\";s:40:\"4fe5493b8ce7c0e3c129b9b1f5c840ef70c5e087\";s:4:\"time\";i:1448964147;}TZ_OFFSET|s:3:\"1.0\";TZ_DST|s:1:\"0\";cfg:plugin.1|a:0:{}cfg:mysqlsearch|a:0:{}cfg:list.1|a:0:{}_auth|a:2:{s:4:\"user\";a:2:{s:2:\"id\";i:2;s:3:\"key\";s:13:\"ldap.client:2\";}s:5:\"staff\";a:2:{s:2:\"id\";s:1:\"1\";s:3:\"key\";s:14:\"local:t.besson\";}}:token|a:2:{s:6:\"client\";s:76:\"61674990cb597f7fea719695e5f2241c:1448964127:837ec5754f503cfaaee0929fd48974e7\";s:5:\"staff\";s:76:\"d5f3923d3ac265ec8e6d7562e63352e0:1448963738:837ec5754f503cfaaee0929fd48974e7\";}client:lang|s:2:\"fr\";cfg:dept.1|a:0:{}_staff|a:1:{s:4:\"auth\";a:2:{s:4:\"dest\";s:34:\"/Symfony/web/support/scp/index.php\";s:3:\"msg\";s:24:\"Authentification requise\";}}cfg:staff.1|a:0:{}staff:lang|s:2:\"fr\";::Q|s:4:\"open\";search_14d8edbcd9a8bd7e4d842e77cb9e8817|s:2071:\"SELECT ticket.ticket_id,tlock.lock_id,ticket.`number`,ticket.dept_id,ticket.staff_id,ticket.team_id  ,user.name ,email.address as email, dept.dept_name, status.state  ,status.name as status,ticket.source,ticket.isoverdue,ticket.isanswered,ticket.created  ,IF(ticket.duedate IS NULL,IF(sla.id IS NULL, NULL, DATE_ADD(ticket.created, INTERVAL sla.grace_period HOUR)), ticket.duedate) as duedate  ,CAST(GREATEST(IFNULL(ticket.lastmessage, 0), IFNULL(ticket.closed, 0), IFNULL(ticket.reopened, 0), ticket.created) as datetime) as effective_date  ,ticket.created as ticket_created, CONCAT_WS(\" \", staff.firstname, staff.lastname) as staff, team.name as team  ,IF(staff.staff_id IS NULL,team.name,CONCAT_WS(\" \", staff.lastname, staff.firstname)) as assigned  ,IF(ptopic.topic_pid IS NULL, topic.topic, CONCAT_WS(\" / \", ptopic.topic, topic.topic)) as helptopic  ,cdata.priority as priority_id, cdata.subject, pri.priority_desc, pri.priority_color  FROM ost_ticket ticket  LEFT JOIN ost_ticket_status status\n            ON (status.id = ticket.status_id)  LEFT JOIN ost_user user ON user.id = ticket.user_id LEFT JOIN ost_user_email email ON user.id = email.user_id LEFT JOIN ost_department dept ON ticket.dept_id=dept.dept_id  LEFT JOIN ost_ticket_lock tlock ON (ticket.ticket_id=tlock.ticket_id AND tlock.expire>NOW()\n               AND tlock.staff_id!=1)  LEFT JOIN ost_staff staff ON (ticket.staff_id=staff.staff_id)  LEFT JOIN ost_team team ON (ticket.team_id=team.team_id)  LEFT JOIN ost_sla sla ON (ticket.sla_id=sla.id AND sla.isactive=1)  LEFT JOIN ost_help_topic topic ON (ticket.topic_id=topic.topic_id)  LEFT JOIN ost_help_topic ptopic ON (ptopic.topic_id=topic.topic_pid)  LEFT JOIN ost_ticket__cdata cdata ON (cdata.ticket_id = ticket.ticket_id)  LEFT JOIN ost_ticket_priority pri ON (pri.priority_id = cdata.priority)  WHERE (   ( ticket.staff_id=1 AND status.state=\"open\")  OR ticket.dept_id IN (1,2,3) ) AND status.state IN (\n                \'open\' )  AND ticket.isanswered=0  ORDER BY pri.priority_urgency ASC, effective_date DESC, ticket.created DESC LIMIT 0,25\";lastcroncall|i:1448963746;','2015-12-02 11:02:27','2015-12-01 11:02:27','0','::1','Mozilla/5.0 (Windows NT 6.3; WOW64) AppleWebKit/537.36 (KHTML, like Gecko) Chrome/46.0.2490.86 Safari/537.36'),('9cjp43q2ijj8oiai649q2bv7f1','cfg:core|a:1:{s:9:\"tz_offset\";s:3:\"1.0\";}csrf|a:2:{s:5:\"token\";s:40:\"992b5e15416c541c3b62ffcfd537320265c3bce8\";s:4:\"time\";i:1450790198;}TZ_OFFSET|s:3:\"1.0\";TZ_DST|s:1:\"0\";cfg:plugin.1|a:0:{}cfg:mysqlsearch|a:0:{}_auth|a:1:{s:5:\"staff\";a:2:{s:2:\"id\";s:1:\"1\";s:3:\"key\";s:14:\"local:t.besson\";}}cfg:list.1|a:0:{}cfg:staff.1|a:0:{}:token|a:1:{s:5:\"staff\";s:76:\"12fa3844dfa0a652041fc7486842da7c:1450790194:af2d259e90fd736bdab3fcba41ac540e\";}staff:lang|s:2:\"fr\";::Q|s:4:\"open\";search_14d8edbcd9a8bd7e4d842e77cb9e8817|s:2071:\"SELECT ticket.ticket_id,tlock.lock_id,ticket.`number`,ticket.dept_id,ticket.staff_id,ticket.team_id  ,user.name ,email.address as email, dept.dept_name, status.state  ,status.name as status,ticket.source,ticket.isoverdue,ticket.isanswered,ticket.created  ,IF(ticket.duedate IS NULL,IF(sla.id IS NULL, NULL, DATE_ADD(ticket.created, INTERVAL sla.grace_period HOUR)), ticket.duedate) as duedate  ,CAST(GREATEST(IFNULL(ticket.lastmessage, 0), IFNULL(ticket.closed, 0), IFNULL(ticket.reopened, 0), ticket.created) as datetime) as effective_date  ,ticket.created as ticket_created, CONCAT_WS(\" \", staff.firstname, staff.lastname) as staff, team.name as team  ,IF(staff.staff_id IS NULL,team.name,CONCAT_WS(\" \", staff.lastname, staff.firstname)) as assigned  ,IF(ptopic.topic_pid IS NULL, topic.topic, CONCAT_WS(\" / \", ptopic.topic, topic.topic)) as helptopic  ,cdata.priority as priority_id, cdata.subject, pri.priority_desc, pri.priority_color  FROM ost_ticket ticket  LEFT JOIN ost_ticket_status status\n            ON (status.id = ticket.status_id)  LEFT JOIN ost_user user ON user.id = ticket.user_id LEFT JOIN ost_user_email email ON user.id = email.user_id LEFT JOIN ost_department dept ON ticket.dept_id=dept.dept_id  LEFT JOIN ost_ticket_lock tlock ON (ticket.ticket_id=tlock.ticket_id AND tlock.expire>NOW()\n               AND tlock.staff_id!=1)  LEFT JOIN ost_staff staff ON (ticket.staff_id=staff.staff_id)  LEFT JOIN ost_team team ON (ticket.team_id=team.team_id)  LEFT JOIN ost_sla sla ON (ticket.sla_id=sla.id AND sla.isactive=1)  LEFT JOIN ost_help_topic topic ON (ticket.topic_id=topic.topic_id)  LEFT JOIN ost_help_topic ptopic ON (ptopic.topic_id=topic.topic_pid)  LEFT JOIN ost_ticket__cdata cdata ON (cdata.ticket_id = ticket.ticket_id)  LEFT JOIN ost_ticket_priority pri ON (pri.priority_id = cdata.priority)  WHERE (   ( ticket.staff_id=1 AND status.state=\"open\")  OR ticket.dept_id IN (1,2,3) ) AND status.state IN (\n                \'open\' )  AND ticket.isanswered=0  ORDER BY pri.priority_urgency ASC, effective_date DESC, ticket.created DESC LIMIT 0,25\";lastcroncall|i:1450790195;','2015-12-23 14:16:38','2015-12-22 14:16:38','0','192.168.69.51','Mozilla/5.0 (Windows NT 6.1; WOW64) AppleWebKit/537.36 (KHTML, like Gecko) Chrome/47.0.2526.106 Safari/537.36'),('are50ajdbir869l3roip7shme2','cfg:core|a:2:{s:9:\"tz_offset\";s:3:\"1.0\";s:12:\"db_tz_offset\";s:6:\"1.0000\";}csrf|a:2:{s:5:\"token\";s:40:\"71472879e9d9324bdfdda1516176b93772a0edd5\";s:4:\"time\";i:1450788624;}TZ_OFFSET|s:3:\"1.0\";TZ_DST|s:1:\"0\";cfg:plugin.1|a:0:{}cfg:mysqlsearch|a:0:{}_staff|a:1:{s:4:\"auth\";a:2:{s:4:\"dest\";s:34:\"/Symfony/web/support/scp/index.php\";s:3:\"msg\";s:24:\"Authentification requise\";}}_auth|a:2:{s:5:\"staff\";a:2:{s:2:\"id\";s:1:\"1\";s:3:\"key\";s:14:\"local:t.besson\";}s:4:\"user\";a:0:{}}cfg:list.1|a:0:{}cfg:staff.1|a:0:{}:token|a:1:{s:5:\"staff\";s:76:\"68de1f1ce0a55559bf725eb4bc894cea:1450788427:af2d259e90fd736bdab3fcba41ac540e\";}staff:lang|s:2:\"fr\";::Q|s:4:\"open\";search_14d8edbcd9a8bd7e4d842e77cb9e8817|s:2071:\"SELECT ticket.ticket_id,tlock.lock_id,ticket.`number`,ticket.dept_id,ticket.staff_id,ticket.team_id  ,user.name ,email.address as email, dept.dept_name, status.state  ,status.name as status,ticket.source,ticket.isoverdue,ticket.isanswered,ticket.created  ,IF(ticket.duedate IS NULL,IF(sla.id IS NULL, NULL, DATE_ADD(ticket.created, INTERVAL sla.grace_period HOUR)), ticket.duedate) as duedate  ,CAST(GREATEST(IFNULL(ticket.lastmessage, 0), IFNULL(ticket.closed, 0), IFNULL(ticket.reopened, 0), ticket.created) as datetime) as effective_date  ,ticket.created as ticket_created, CONCAT_WS(\" \", staff.firstname, staff.lastname) as staff, team.name as team  ,IF(staff.staff_id IS NULL,team.name,CONCAT_WS(\" \", staff.lastname, staff.firstname)) as assigned  ,IF(ptopic.topic_pid IS NULL, topic.topic, CONCAT_WS(\" / \", ptopic.topic, topic.topic)) as helptopic  ,cdata.priority as priority_id, cdata.subject, pri.priority_desc, pri.priority_color  FROM ost_ticket ticket  LEFT JOIN ost_ticket_status status\n            ON (status.id = ticket.status_id)  LEFT JOIN ost_user user ON user.id = ticket.user_id LEFT JOIN ost_user_email email ON user.id = email.user_id LEFT JOIN ost_department dept ON ticket.dept_id=dept.dept_id  LEFT JOIN ost_ticket_lock tlock ON (ticket.ticket_id=tlock.ticket_id AND tlock.expire>NOW()\n               AND tlock.staff_id!=1)  LEFT JOIN ost_staff staff ON (ticket.staff_id=staff.staff_id)  LEFT JOIN ost_team team ON (ticket.team_id=team.team_id)  LEFT JOIN ost_sla sla ON (ticket.sla_id=sla.id AND sla.isactive=1)  LEFT JOIN ost_help_topic topic ON (ticket.topic_id=topic.topic_id)  LEFT JOIN ost_help_topic ptopic ON (ptopic.topic_id=topic.topic_pid)  LEFT JOIN ost_ticket__cdata cdata ON (cdata.ticket_id = ticket.ticket_id)  LEFT JOIN ost_ticket_priority pri ON (pri.priority_id = cdata.priority)  WHERE (   ( ticket.staff_id=1 AND status.state=\"open\")  OR ticket.dept_id IN (1,2,3) ) AND status.state IN (\n                \'open\' )  AND ticket.isanswered=0  ORDER BY pri.priority_urgency ASC, effective_date DESC, ticket.created DESC LIMIT 0,25\";lastcroncall|i:1450788427;client:lang|s:2:\"fr\";cfg:dept.1|a:0:{}','2015-12-23 13:50:24','2015-12-22 13:50:24','0','192.168.69.51','Mozilla/5.0 (Windows NT 6.1; WOW64) AppleWebKit/537.36 (KHTML, like Gecko) Chrome/47.0.2526.106 Safari/537.36'),('au0heqqb92fk82lhkcji0dspn5','cfg:core|a:1:{s:9:\"tz_offset\";s:3:\"1.0\";}csrf|a:2:{s:5:\"token\";s:40:\"daeb86ecc3e8e933a9cab8e6adf30ba12d5503dd\";s:4:\"time\";i:1450946888;}TZ_OFFSET|s:3:\"1.0\";TZ_DST|s:1:\"0\";cfg:plugin.1|a:0:{}cfg:mysqlsearch|a:0:{}cfg:list.1|a:0:{}','2015-12-25 09:48:08','2015-12-24 09:48:08','0','::1','Mozilla/5.0 (Windows NT 6.3; WOW64) AppleWebKit/537.36 (KHTML, like Gecko) Chrome/47.0.2526.106 Safari/537.36'),('b6mu45r4thsh0g7rtken4i3bc5','cfg:core|a:2:{s:9:\"tz_offset\";s:3:\"1.0\";s:12:\"db_tz_offset\";s:6:\"1.0000\";}csrf|a:2:{s:5:\"token\";s:40:\"3a85ba3ac8e9f1f2aeaff777791ff35f094cc4df\";s:4:\"time\";i:1450790098;}TZ_OFFSET|s:3:\"1.0\";TZ_DST|b:0;cfg:plugin.1|a:0:{}cfg:mysqlsearch|a:0:{}cfg:list.1|a:0:{}_auth|a:2:{s:4:\"user\";N;s:5:\"staff\";a:2:{s:2:\"id\";s:1:\"2\";s:3:\"key\";s:13:\"ldap:s.jubeau\";}}_staff|a:1:{s:4:\"auth\";a:2:{s:4:\"dest\";s:34:\"/Symfony/web/support/scp/index.php\";s:3:\"msg\";s:24:\"Authentification requise\";}}cfg:staff.2|a:0:{}:token|a:1:{s:5:\"staff\";s:76:\"d962d72db7c48af7b0b9c22b4a7c2d37:1450790097:63b2ac7852f66dd6aa3b0bcd947bb4a7\";}staff:lang|s:2:\"fr\";::Q|s:4:\"open\";search_68b19b8f98d2703afa98b4d6dbdfa04d|s:2071:\"SELECT ticket.ticket_id,tlock.lock_id,ticket.`number`,ticket.dept_id,ticket.staff_id,ticket.team_id  ,user.name ,email.address as email, dept.dept_name, status.state  ,status.name as status,ticket.source,ticket.isoverdue,ticket.isanswered,ticket.created  ,IF(ticket.duedate IS NULL,IF(sla.id IS NULL, NULL, DATE_ADD(ticket.created, INTERVAL sla.grace_period HOUR)), ticket.duedate) as duedate  ,CAST(GREATEST(IFNULL(ticket.lastmessage, 0), IFNULL(ticket.closed, 0), IFNULL(ticket.reopened, 0), ticket.created) as datetime) as effective_date  ,ticket.created as ticket_created, CONCAT_WS(\" \", staff.firstname, staff.lastname) as staff, team.name as team  ,IF(staff.staff_id IS NULL,team.name,CONCAT_WS(\" \", staff.lastname, staff.firstname)) as assigned  ,IF(ptopic.topic_pid IS NULL, topic.topic, CONCAT_WS(\" / \", ptopic.topic, topic.topic)) as helptopic  ,cdata.priority as priority_id, cdata.subject, pri.priority_desc, pri.priority_color  FROM ost_ticket ticket  LEFT JOIN ost_ticket_status status\n            ON (status.id = ticket.status_id)  LEFT JOIN ost_user user ON user.id = ticket.user_id LEFT JOIN ost_user_email email ON user.id = email.user_id LEFT JOIN ost_department dept ON ticket.dept_id=dept.dept_id  LEFT JOIN ost_ticket_lock tlock ON (ticket.ticket_id=tlock.ticket_id AND tlock.expire>NOW()\n               AND tlock.staff_id!=2)  LEFT JOIN ost_staff staff ON (ticket.staff_id=staff.staff_id)  LEFT JOIN ost_team team ON (ticket.team_id=team.team_id)  LEFT JOIN ost_sla sla ON (ticket.sla_id=sla.id AND sla.isactive=1)  LEFT JOIN ost_help_topic topic ON (ticket.topic_id=topic.topic_id)  LEFT JOIN ost_help_topic ptopic ON (ptopic.topic_id=topic.topic_pid)  LEFT JOIN ost_ticket__cdata cdata ON (cdata.ticket_id = ticket.ticket_id)  LEFT JOIN ost_ticket_priority pri ON (pri.priority_id = cdata.priority)  WHERE (   ( ticket.staff_id=2 AND status.state=\"open\")  OR ticket.dept_id IN (1,2,3) ) AND status.state IN (\n                \'open\' )  AND ticket.isanswered=0  ORDER BY pri.priority_urgency ASC, effective_date DESC, ticket.created DESC LIMIT 0,25\";lastcroncall|i:1450790098;search_0670609443b16a452bd3b617c7094cb3|s:2021:\"SELECT ticket.ticket_id,tlock.lock_id,ticket.`number`,ticket.dept_id,ticket.staff_id,ticket.team_id  ,user.name ,email.address as email, dept.dept_name, status.state  ,status.name as status,ticket.source,ticket.isoverdue,ticket.isanswered,ticket.created  ,IF(ticket.duedate IS NULL,IF(sla.id IS NULL, NULL, DATE_ADD(ticket.created, INTERVAL sla.grace_period HOUR)), ticket.duedate) as duedate  ,CAST(GREATEST(IFNULL(ticket.lastmessage, 0), IFNULL(ticket.closed, 0), IFNULL(ticket.reopened, 0), ticket.created) as datetime) as effective_date  ,ticket.created as ticket_created, CONCAT_WS(\" \", staff.firstname, staff.lastname) as staff, team.name as team  ,IF(staff.staff_id IS NULL,team.name,CONCAT_WS(\" \", staff.lastname, staff.firstname)) as assigned  ,IF(ptopic.topic_pid IS NULL, topic.topic, CONCAT_WS(\" / \", ptopic.topic, topic.topic)) as helptopic  ,cdata.priority as priority_id, cdata.subject, pri.priority_desc, pri.priority_color  FROM ost_ticket ticket  LEFT JOIN ost_ticket_status status\n            ON (status.id = ticket.status_id)  LEFT JOIN ost_user user ON user.id = ticket.user_id LEFT JOIN ost_user_email email ON user.id = email.user_id LEFT JOIN ost_department dept ON ticket.dept_id=dept.dept_id  LEFT JOIN ost_ticket_lock tlock ON (ticket.ticket_id=tlock.ticket_id AND tlock.expire>NOW()\n               AND tlock.staff_id!=2)  LEFT JOIN ost_staff staff ON (ticket.staff_id=staff.staff_id)  LEFT JOIN ost_team team ON (ticket.team_id=team.team_id)  LEFT JOIN ost_sla sla ON (ticket.sla_id=sla.id AND sla.isactive=1)  LEFT JOIN ost_help_topic topic ON (ticket.topic_id=topic.topic_id)  LEFT JOIN ost_help_topic ptopic ON (ptopic.topic_id=topic.topic_pid)  LEFT JOIN ost_ticket__cdata cdata ON (cdata.ticket_id = ticket.ticket_id)  LEFT JOIN ost_ticket_priority pri ON (pri.priority_id = cdata.priority)  WHERE (   ( ticket.staff_id=2 AND status.state=\"open\")  OR ticket.dept_id IN (1,2,3) ) AND status.state IN (\n                \'closed\' )  ORDER BY ticket.closed DESC, ticket.created DESC LIMIT 0,25\";','2015-12-23 14:14:58','2015-12-22 14:14:58','0','192.168.30.229','Mozilla/5.0 (Windows NT 6.1; WOW64) AppleWebKit/537.36 (KHTML, like Gecko) Chrome/47.0.2526.106 Safari/537.36'),('ig4qk06p46rs17ut5n81ij3t32','cfg:core|a:1:{s:9:\"tz_offset\";s:3:\"1.0\";}csrf|a:2:{s:5:\"token\";s:40:\"88e1d79cbcb86137690809bbc2339efffa633ddf\";s:4:\"time\";i:1452177625;}TZ_OFFSET|s:3:\"1.0\";TZ_DST|s:1:\"0\";cfg:plugin.1|a:0:{}cfg:mysqlsearch|a:0:{}cfg:list.1|a:0:{}','2016-01-08 15:40:25','2016-01-07 15:40:25','0','192.168.69.125','Mozilla/5.0 (Windows NT 6.1; WOW64) AppleWebKit/537.36 (KHTML, like Gecko) Chrome/47.0.2526.106 Safari/537.36'),('iph24d3n8bg5umsnb83323iiq7','cfg:core|a:2:{s:9:\"tz_offset\";s:3:\"1.0\";s:12:\"db_tz_offset\";s:6:\"1.0000\";}csrf|a:2:{s:5:\"token\";s:40:\"153274795b17569ca7d95c52cac24e543ce450e6\";s:4:\"time\";i:1451913350;}TZ_OFFSET|s:3:\"1.0\";TZ_DST|s:1:\"0\";cfg:plugin.1|a:0:{}cfg:mysqlsearch|a:0:{}cfg:list.1|a:0:{}_auth|a:2:{s:4:\"user\";a:2:{s:2:\"id\";i:2;s:3:\"key\";s:13:\"ldap.client:2\";}s:5:\"staff\";a:2:{s:2:\"id\";s:1:\"1\";s:3:\"key\";s:14:\"local:t.besson\";}}_staff|a:1:{s:4:\"auth\";a:2:{s:4:\"dest\";s:34:\"/Symfony/web/support/scp/index.php\";s:3:\"msg\";s:24:\"Authentification requise\";}}cfg:staff.1|a:0:{}:token|a:2:{s:5:\"staff\";s:76:\"e450f5823e8ceb0704ef981b632d7343:1451912045:e5b4cb54d6bd79b7511b7c5f58714e7c\";s:6:\"client\";s:76:\"3b5b6c044c6bf913d7b44cdd8a264c82:1451913345:e5b4cb54d6bd79b7511b7c5f58714e7c\";}staff:lang|s:2:\"fr\";::Q|s:4:\"open\";search_14d8edbcd9a8bd7e4d842e77cb9e8817|s:2071:\"SELECT ticket.ticket_id,tlock.lock_id,ticket.`number`,ticket.dept_id,ticket.staff_id,ticket.team_id  ,user.name ,email.address as email, dept.dept_name, status.state  ,status.name as status,ticket.source,ticket.isoverdue,ticket.isanswered,ticket.created  ,IF(ticket.duedate IS NULL,IF(sla.id IS NULL, NULL, DATE_ADD(ticket.created, INTERVAL sla.grace_period HOUR)), ticket.duedate) as duedate  ,CAST(GREATEST(IFNULL(ticket.lastmessage, 0), IFNULL(ticket.closed, 0), IFNULL(ticket.reopened, 0), ticket.created) as datetime) as effective_date  ,ticket.created as ticket_created, CONCAT_WS(\" \", staff.firstname, staff.lastname) as staff, team.name as team  ,IF(staff.staff_id IS NULL,team.name,CONCAT_WS(\" \", staff.lastname, staff.firstname)) as assigned  ,IF(ptopic.topic_pid IS NULL, topic.topic, CONCAT_WS(\" / \", ptopic.topic, topic.topic)) as helptopic  ,cdata.priority as priority_id, cdata.subject, pri.priority_desc, pri.priority_color  FROM ost_ticket ticket  LEFT JOIN ost_ticket_status status\n            ON (status.id = ticket.status_id)  LEFT JOIN ost_user user ON user.id = ticket.user_id LEFT JOIN ost_user_email email ON user.id = email.user_id LEFT JOIN ost_department dept ON ticket.dept_id=dept.dept_id  LEFT JOIN ost_ticket_lock tlock ON (ticket.ticket_id=tlock.ticket_id AND tlock.expire>NOW()\n               AND tlock.staff_id!=1)  LEFT JOIN ost_staff staff ON (ticket.staff_id=staff.staff_id)  LEFT JOIN ost_team team ON (ticket.team_id=team.team_id)  LEFT JOIN ost_sla sla ON (ticket.sla_id=sla.id AND sla.isactive=1)  LEFT JOIN ost_help_topic topic ON (ticket.topic_id=topic.topic_id)  LEFT JOIN ost_help_topic ptopic ON (ptopic.topic_id=topic.topic_pid)  LEFT JOIN ost_ticket__cdata cdata ON (cdata.ticket_id = ticket.ticket_id)  LEFT JOIN ost_ticket_priority pri ON (pri.priority_id = cdata.priority)  WHERE (   ( ticket.staff_id=1 AND status.state=\"open\")  OR ticket.dept_id IN (1,2,3) ) AND status.state IN (\n                \'open\' )  AND ticket.isanswered=0  ORDER BY pri.priority_urgency ASC, effective_date DESC, ticket.created DESC LIMIT 0,25\";lastcroncall|i:1451912046;cfg:dept.1|a:0:{}users_qs_ce746b0b7166d4b0f070e09225bd7f27|s:504:\"SELECT user.*, email.address as email, org.name as organization\n          , account.id as account_id, account.status as account_status , count(DISTINCT ticket.ticket_id) as tickets  FROM ost_user user LEFT JOIN ost_user_email email ON (user.id = email.user_id) LEFT JOIN ost_organization org ON (user.org_id = org.id) LEFT JOIN ost_user_account account ON (account.user_id = user.id)  LEFT JOIN ost_ticket ticket ON (ticket.user_id = user.id)  WHERE 1  GROUP BY user.id ORDER BY user.name ASC  LIMIT 0,25\";cfg:pwreset|a:0:{}cfg:staff.3|a:0:{}client:lang|s:2:\"fr\";','2016-01-05 14:15:50','2016-01-04 14:15:50','0','192.168.69.93','Mozilla/5.0 (Windows NT 6.1; WOW64) AppleWebKit/537.36 (KHTML, like Gecko) Chrome/47.0.2526.106 Safari/537.36'),('kbm19adpao78sgdc5a8grs4k92','cfg:core|a:2:{s:9:\"tz_offset\";s:3:\"1.0\";s:12:\"db_tz_offset\";s:6:\"1.0000\";}csrf|a:2:{s:5:\"token\";s:40:\"b7162ee843562e4870847bc93fbe37e0d7ff2fde\";s:4:\"time\";i:1451919453;}TZ_OFFSET|s:3:\"1.0\";TZ_DST|s:1:\"0\";cfg:plugin.1|a:0:{}cfg:mysqlsearch|a:0:{}cfg:list.1|a:0:{}','2016-01-05 15:57:33','2016-01-04 15:57:33','0','::1','Mozilla/5.0 (Windows NT 6.3; WOW64) AppleWebKit/537.36 (KHTML, like Gecko) Chrome/47.0.2526.106 Safari/537.36'),('kcs1dmdl6qhcroj91ppof50t93','cfg:core|a:2:{s:9:\"tz_offset\";s:3:\"1.0\";s:12:\"db_tz_offset\";s:6:\"1.0000\";}csrf|a:2:{s:5:\"token\";s:40:\"13f211bcef7bc0971333d7fb8c46873a6c87374b\";s:4:\"time\";i:1448962128;}TZ_OFFSET|s:3:\"1.0\";TZ_DST|s:1:\"0\";cfg:plugin.1|a:0:{}cfg:mysqlsearch|a:0:{}_auth|a:1:{s:5:\"staff\";a:2:{s:2:\"id\";s:1:\"1\";s:3:\"key\";s:14:\"local:t.besson\";}}cfg:staff.1|a:0:{}:token|a:1:{s:5:\"staff\";s:76:\"347e8ef5e00104fcc6d61b4c9ea6d7c2:1448962122:837ec5754f503cfaaee0929fd48974e7\";}staff:lang|s:2:\"fr\";::Q|s:4:\"open\";search_14d8edbcd9a8bd7e4d842e77cb9e8817|s:2071:\"SELECT ticket.ticket_id,tlock.lock_id,ticket.`number`,ticket.dept_id,ticket.staff_id,ticket.team_id  ,user.name ,email.address as email, dept.dept_name, status.state  ,status.name as status,ticket.source,ticket.isoverdue,ticket.isanswered,ticket.created  ,IF(ticket.duedate IS NULL,IF(sla.id IS NULL, NULL, DATE_ADD(ticket.created, INTERVAL sla.grace_period HOUR)), ticket.duedate) as duedate  ,CAST(GREATEST(IFNULL(ticket.lastmessage, 0), IFNULL(ticket.closed, 0), IFNULL(ticket.reopened, 0), ticket.created) as datetime) as effective_date  ,ticket.created as ticket_created, CONCAT_WS(\" \", staff.firstname, staff.lastname) as staff, team.name as team  ,IF(staff.staff_id IS NULL,team.name,CONCAT_WS(\" \", staff.lastname, staff.firstname)) as assigned  ,IF(ptopic.topic_pid IS NULL, topic.topic, CONCAT_WS(\" / \", ptopic.topic, topic.topic)) as helptopic  ,cdata.priority as priority_id, cdata.subject, pri.priority_desc, pri.priority_color  FROM ost_ticket ticket  LEFT JOIN ost_ticket_status status\n            ON (status.id = ticket.status_id)  LEFT JOIN ost_user user ON user.id = ticket.user_id LEFT JOIN ost_user_email email ON user.id = email.user_id LEFT JOIN ost_department dept ON ticket.dept_id=dept.dept_id  LEFT JOIN ost_ticket_lock tlock ON (ticket.ticket_id=tlock.ticket_id AND tlock.expire>NOW()\n               AND tlock.staff_id!=1)  LEFT JOIN ost_staff staff ON (ticket.staff_id=staff.staff_id)  LEFT JOIN ost_team team ON (ticket.team_id=team.team_id)  LEFT JOIN ost_sla sla ON (ticket.sla_id=sla.id AND sla.isactive=1)  LEFT JOIN ost_help_topic topic ON (ticket.topic_id=topic.topic_id)  LEFT JOIN ost_help_topic ptopic ON (ptopic.topic_id=topic.topic_pid)  LEFT JOIN ost_ticket__cdata cdata ON (cdata.ticket_id = ticket.ticket_id)  LEFT JOIN ost_ticket_priority pri ON (pri.priority_id = cdata.priority)  WHERE (   ( ticket.staff_id=1 AND status.state=\"open\")  OR ticket.dept_id IN (1,2,3) ) AND status.state IN (\n                \'open\' )  AND ticket.isanswered=0  ORDER BY pri.priority_urgency ASC, effective_date DESC, ticket.created DESC LIMIT 0,25\";cfg:list.1|a:0:{}lastcroncall|i:1448962122;','2015-12-02 10:28:48','2015-12-01 10:28:48','0','::1','Mozilla/5.0 (Windows NT 6.3; WOW64) AppleWebKit/537.36 (KHTML, like Gecko) Chrome/46.0.2490.86 Safari/537.36'),('kfijrnllmiqsvksp48046b30i1','cfg:core|a:2:{s:9:\"tz_offset\";s:3:\"1.0\";s:12:\"db_tz_offset\";s:6:\"1.0000\";}csrf|a:2:{s:5:\"token\";s:40:\"d88ebb5562a5e579e4d70f085ff6bc82456f436f\";s:4:\"time\";i:1452259759;}TZ_OFFSET|s:3:\"1.0\";TZ_DST|b:0;cfg:plugin.1|a:0:{}cfg:mysqlsearch|a:0:{}_staff|a:1:{s:4:\"auth\";a:2:{s:4:\"dest\";s:34:\"/Symfony/web/support/scp/index.php\";s:3:\"msg\";s:24:\"Authentification requise\";}}_auth|a:1:{s:5:\"staff\";a:2:{s:2:\"id\";s:1:\"1\";s:3:\"key\";s:14:\"local:t.besson\";}}cfg:staff.1|a:0:{}:token|a:1:{s:5:\"staff\";s:76:\"dfd272cbed9a360a9fe2f33ea9055899:1452259737:e5b4cb54d6bd79b7511b7c5f58714e7c\";}staff:lang|s:2:\"fr\";::Q|s:4:\"open\";search_14d8edbcd9a8bd7e4d842e77cb9e8817|s:2071:\"SELECT ticket.ticket_id,tlock.lock_id,ticket.`number`,ticket.dept_id,ticket.staff_id,ticket.team_id  ,user.name ,email.address as email, dept.dept_name, status.state  ,status.name as status,ticket.source,ticket.isoverdue,ticket.isanswered,ticket.created  ,IF(ticket.duedate IS NULL,IF(sla.id IS NULL, NULL, DATE_ADD(ticket.created, INTERVAL sla.grace_period HOUR)), ticket.duedate) as duedate  ,CAST(GREATEST(IFNULL(ticket.lastmessage, 0), IFNULL(ticket.closed, 0), IFNULL(ticket.reopened, 0), ticket.created) as datetime) as effective_date  ,ticket.created as ticket_created, CONCAT_WS(\" \", staff.firstname, staff.lastname) as staff, team.name as team  ,IF(staff.staff_id IS NULL,team.name,CONCAT_WS(\" \", staff.lastname, staff.firstname)) as assigned  ,IF(ptopic.topic_pid IS NULL, topic.topic, CONCAT_WS(\" / \", ptopic.topic, topic.topic)) as helptopic  ,cdata.priority as priority_id, cdata.subject, pri.priority_desc, pri.priority_color  FROM ost_ticket ticket  LEFT JOIN ost_ticket_status status\n            ON (status.id = ticket.status_id)  LEFT JOIN ost_user user ON user.id = ticket.user_id LEFT JOIN ost_user_email email ON user.id = email.user_id LEFT JOIN ost_department dept ON ticket.dept_id=dept.dept_id  LEFT JOIN ost_ticket_lock tlock ON (ticket.ticket_id=tlock.ticket_id AND tlock.expire>NOW()\n               AND tlock.staff_id!=1)  LEFT JOIN ost_staff staff ON (ticket.staff_id=staff.staff_id)  LEFT JOIN ost_team team ON (ticket.team_id=team.team_id)  LEFT JOIN ost_sla sla ON (ticket.sla_id=sla.id AND sla.isactive=1)  LEFT JOIN ost_help_topic topic ON (ticket.topic_id=topic.topic_id)  LEFT JOIN ost_help_topic ptopic ON (ptopic.topic_id=topic.topic_pid)  LEFT JOIN ost_ticket__cdata cdata ON (cdata.ticket_id = ticket.ticket_id)  LEFT JOIN ost_ticket_priority pri ON (pri.priority_id = cdata.priority)  WHERE (   ( ticket.staff_id=1 AND status.state=\"open\")  OR ticket.dept_id IN (1,2,3) ) AND status.state IN (\n                \'open\' )  AND ticket.isanswered=0  ORDER BY pri.priority_urgency ASC, effective_date DESC, ticket.created DESC LIMIT 0,25\";cfg:list.1|a:0:{}lastcroncall|i:1452259753;cfg:dept.1|a:0:{}cfg:staff.3|a:0:{}cfg:staff.2|a:0:{}','2016-01-09 14:29:19','2016-01-08 14:29:19','1','192.168.69.93','Mozilla/5.0 (Windows NT 6.1; WOW64) AppleWebKit/537.36 (KHTML, like Gecko) Chrome/47.0.2526.106 Safari/537.36'),('khov95vs0fvhf4ulbvuhs8s8o6','cfg:core|a:1:{s:9:\"tz_offset\";s:3:\"1.0\";}csrf|a:2:{s:5:\"token\";s:40:\"4bd4ed81aa6cb5d662f55177573c0b541e223136\";s:4:\"time\";i:1450857110;}TZ_OFFSET|s:3:\"1.0\";TZ_DST|s:1:\"0\";cfg:plugin.1|a:0:{}cfg:mysqlsearch|a:0:{}cfg:list.1|a:0:{}','2015-12-24 08:51:50','2015-12-23 08:51:50','0','192.168.100.1','Mozilla/5.0 (Windows NT 6.1; WOW64) AppleWebKit/537.36 (KHTML, like Gecko) Chrome/47.0.2526.106 Safari/537.36'),('kmcbnslrcjdc4aef16octgp8u7','cfg:core|a:1:{s:9:\"tz_offset\";s:3:\"1.0\";}csrf|a:2:{s:5:\"token\";s:40:\"cd6eaedb29e41806bca135bbeb691f725955daff\";s:4:\"time\";i:1449048548;}TZ_OFFSET|s:3:\"1.0\";TZ_DST|s:1:\"0\";cfg:plugin.1|a:0:{}cfg:mysqlsearch|a:0:{}cfg:list.1|a:0:{}','2015-12-03 10:29:08','2015-12-02 10:29:08','0','192.168.69.120','Mozilla/5.0 (Windows NT 6.3; WOW64) AppleWebKit/537.36 (KHTML, like Gecko) Chrome/46.0.2490.86 Safari/537.36'),('knj29rqfcc9eifoovsvkk8brt6','cfg:core|a:1:{s:9:\"tz_offset\";s:3:\"1.0\";}csrf|a:2:{s:5:\"token\";s:40:\"1e7b9652754b7ff8e73f3deddba6cbab4cc93282\";s:4:\"time\";i:1452256212;}TZ_OFFSET|s:3:\"1.0\";TZ_DST|s:1:\"0\";cfg:plugin.1|a:0:{}cfg:mysqlsearch|a:0:{}cfg:list.1|a:0:{}','2016-01-09 13:30:12','2016-01-08 13:30:12','0','192.168.69.90','Mozilla/5.0 (Windows NT 6.1; WOW64; Trident/7.0; rv:11.0) like Gecko'),('kpt5r2okf0lf0un0e0dat8tut1','cfg:core|a:2:{s:9:\"tz_offset\";s:3:\"1.0\";s:12:\"db_tz_offset\";s:6:\"1.0000\";}csrf|a:2:{s:5:\"token\";s:40:\"40d30668c41115122121e42d68804196c7020ef7\";s:4:\"time\";i:1452175785;}TZ_OFFSET|s:3:\"1.0\";TZ_DST|s:1:\"0\";cfg:plugin.1|a:0:{}cfg:mysqlsearch|a:0:{}cfg:list.1|a:0:{}_auth|a:2:{s:4:\"user\";a:2:{s:2:\"id\";i:4;s:3:\"key\";s:13:\"ldap.client:4\";}s:5:\"staff\";a:2:{s:2:\"id\";s:1:\"3\";s:3:\"key\";s:16:\"local:superadmin\";}}_staff|a:1:{s:4:\"auth\";a:2:{s:4:\"dest\";s:34:\"/Symfony/web/support/scp/index.php\";s:3:\"msg\";s:24:\"Authentification requise\";}}cfg:staff.3|a:0:{}:token|a:2:{s:5:\"staff\";s:76:\"79d378a0f551edb1a8083e61d0cbc1db:1452175080:ebada857b079da78a63d96005fb5ea85\";s:6:\"client\";s:76:\"298e5a63fbc49ae7c23dd3fb46c82482:1452175757:ebada857b079da78a63d96005fb5ea85\";}staff:lang|s:2:\"fr\";::Q|s:6:\"closed\";search_80660194a124c13eaa7dc47b636a678e|s:2071:\"SELECT ticket.ticket_id,tlock.lock_id,ticket.`number`,ticket.dept_id,ticket.staff_id,ticket.team_id  ,user.name ,email.address as email, dept.dept_name, status.state  ,status.name as status,ticket.source,ticket.isoverdue,ticket.isanswered,ticket.created  ,IF(ticket.duedate IS NULL,IF(sla.id IS NULL, NULL, DATE_ADD(ticket.created, INTERVAL sla.grace_period HOUR)), ticket.duedate) as duedate  ,CAST(GREATEST(IFNULL(ticket.lastmessage, 0), IFNULL(ticket.closed, 0), IFNULL(ticket.reopened, 0), ticket.created) as datetime) as effective_date  ,ticket.created as ticket_created, CONCAT_WS(\" \", staff.firstname, staff.lastname) as staff, team.name as team  ,IF(staff.staff_id IS NULL,team.name,CONCAT_WS(\" \", staff.lastname, staff.firstname)) as assigned  ,IF(ptopic.topic_pid IS NULL, topic.topic, CONCAT_WS(\" / \", ptopic.topic, topic.topic)) as helptopic  ,cdata.priority as priority_id, cdata.subject, pri.priority_desc, pri.priority_color  FROM ost_ticket ticket  LEFT JOIN ost_ticket_status status\n            ON (status.id = ticket.status_id)  LEFT JOIN ost_user user ON user.id = ticket.user_id LEFT JOIN ost_user_email email ON user.id = email.user_id LEFT JOIN ost_department dept ON ticket.dept_id=dept.dept_id  LEFT JOIN ost_ticket_lock tlock ON (ticket.ticket_id=tlock.ticket_id AND tlock.expire>NOW()\n               AND tlock.staff_id!=3)  LEFT JOIN ost_staff staff ON (ticket.staff_id=staff.staff_id)  LEFT JOIN ost_team team ON (ticket.team_id=team.team_id)  LEFT JOIN ost_sla sla ON (ticket.sla_id=sla.id AND sla.isactive=1)  LEFT JOIN ost_help_topic topic ON (ticket.topic_id=topic.topic_id)  LEFT JOIN ost_help_topic ptopic ON (ptopic.topic_id=topic.topic_pid)  LEFT JOIN ost_ticket__cdata cdata ON (cdata.ticket_id = ticket.ticket_id)  LEFT JOIN ost_ticket_priority pri ON (pri.priority_id = cdata.priority)  WHERE (   ( ticket.staff_id=3 AND status.state=\"open\")  OR ticket.dept_id IN (1,2,3) ) AND status.state IN (\n                \'open\' )  AND ticket.isanswered=0  ORDER BY pri.priority_urgency ASC, effective_date DESC, ticket.created DESC LIMIT 0,25\";lastcroncall|i:1452175081;search_d020ea976a1be454ee0099f620a7cf80|s:2021:\"SELECT ticket.ticket_id,tlock.lock_id,ticket.`number`,ticket.dept_id,ticket.staff_id,ticket.team_id  ,user.name ,email.address as email, dept.dept_name, status.state  ,status.name as status,ticket.source,ticket.isoverdue,ticket.isanswered,ticket.created  ,IF(ticket.duedate IS NULL,IF(sla.id IS NULL, NULL, DATE_ADD(ticket.created, INTERVAL sla.grace_period HOUR)), ticket.duedate) as duedate  ,CAST(GREATEST(IFNULL(ticket.lastmessage, 0), IFNULL(ticket.closed, 0), IFNULL(ticket.reopened, 0), ticket.created) as datetime) as effective_date  ,ticket.created as ticket_created, CONCAT_WS(\" \", staff.firstname, staff.lastname) as staff, team.name as team  ,IF(staff.staff_id IS NULL,team.name,CONCAT_WS(\" \", staff.lastname, staff.firstname)) as assigned  ,IF(ptopic.topic_pid IS NULL, topic.topic, CONCAT_WS(\" / \", ptopic.topic, topic.topic)) as helptopic  ,cdata.priority as priority_id, cdata.subject, pri.priority_desc, pri.priority_color  FROM ost_ticket ticket  LEFT JOIN ost_ticket_status status\n            ON (status.id = ticket.status_id)  LEFT JOIN ost_user user ON user.id = ticket.user_id LEFT JOIN ost_user_email email ON user.id = email.user_id LEFT JOIN ost_department dept ON ticket.dept_id=dept.dept_id  LEFT JOIN ost_ticket_lock tlock ON (ticket.ticket_id=tlock.ticket_id AND tlock.expire>NOW()\n               AND tlock.staff_id!=3)  LEFT JOIN ost_staff staff ON (ticket.staff_id=staff.staff_id)  LEFT JOIN ost_team team ON (ticket.team_id=team.team_id)  LEFT JOIN ost_sla sla ON (ticket.sla_id=sla.id AND sla.isactive=1)  LEFT JOIN ost_help_topic topic ON (ticket.topic_id=topic.topic_id)  LEFT JOIN ost_help_topic ptopic ON (ptopic.topic_id=topic.topic_pid)  LEFT JOIN ost_ticket__cdata cdata ON (cdata.ticket_id = ticket.ticket_id)  LEFT JOIN ost_ticket_priority pri ON (pri.priority_id = cdata.priority)  WHERE (   ( ticket.staff_id=3 AND status.state=\"open\")  OR ticket.dept_id IN (1,2,3) ) AND status.state IN (\n                \'closed\' )  ORDER BY ticket.closed DESC, ticket.created DESC LIMIT 0,25\";users_qs_ce746b0b7166d4b0f070e09225bd7f27|s:504:\"SELECT user.*, email.address as email, org.name as organization\n          , account.id as account_id, account.status as account_status , count(DISTINCT ticket.ticket_id) as tickets  FROM ost_user user LEFT JOIN ost_user_email email ON (user.id = email.user_id) LEFT JOIN ost_organization org ON (user.org_id = org.id) LEFT JOIN ost_user_account account ON (account.user_id = user.id)  LEFT JOIN ost_ticket ticket ON (ticket.user_id = user.id)  WHERE 1  GROUP BY user.id ORDER BY user.name ASC  LIMIT 0,25\";cfg:dept.1|a:0:{}client:lang|s:2:\"fr\";','2016-01-08 15:09:45','2016-01-07 15:09:45','0','192.168.69.80','Mozilla/5.0 (Windows NT 10.0; WOW64) AppleWebKit/537.36 (KHTML, like Gecko) Chrome/47.0.2526.106 Safari/537.36'),('l6kdcju91nuk9m7rj92cnvt003','cfg:core|a:2:{s:9:\"tz_offset\";s:3:\"1.0\";s:12:\"db_tz_offset\";s:6:\"1.0000\";}csrf|a:2:{s:5:\"token\";s:40:\"0b6681ee95ca0030b58488db7f605c065e661ad7\";s:4:\"time\";i:1450789632;}TZ_OFFSET|s:3:\"1.0\";TZ_DST|s:1:\"0\";cfg:plugin.1|a:0:{}cfg:mysqlsearch|a:0:{}cfg:list.1|a:0:{}_auth|a:2:{s:4:\"user\";a:0:{}s:5:\"staff\";a:2:{s:2:\"id\";s:1:\"2\";s:3:\"key\";s:13:\"ldap:s.jubeau\";}}_staff|a:1:{s:4:\"auth\";a:2:{s:4:\"dest\";s:34:\"/Symfony/web/support/scp/index.php\";s:3:\"msg\";s:24:\"Authentification requise\";}}cfg:staff.2|a:0:{}:token|a:1:{s:5:\"staff\";s:76:\"e5b091feb6a92dc09566f0bcdffacab1:1450788897:63b2ac7852f66dd6aa3b0bcd947bb4a7\";}staff:lang|s:2:\"fr\";::Q|s:6:\"closed\";search_68b19b8f98d2703afa98b4d6dbdfa04d|s:2071:\"SELECT ticket.ticket_id,tlock.lock_id,ticket.`number`,ticket.dept_id,ticket.staff_id,ticket.team_id  ,user.name ,email.address as email, dept.dept_name, status.state  ,status.name as status,ticket.source,ticket.isoverdue,ticket.isanswered,ticket.created  ,IF(ticket.duedate IS NULL,IF(sla.id IS NULL, NULL, DATE_ADD(ticket.created, INTERVAL sla.grace_period HOUR)), ticket.duedate) as duedate  ,CAST(GREATEST(IFNULL(ticket.lastmessage, 0), IFNULL(ticket.closed, 0), IFNULL(ticket.reopened, 0), ticket.created) as datetime) as effective_date  ,ticket.created as ticket_created, CONCAT_WS(\" \", staff.firstname, staff.lastname) as staff, team.name as team  ,IF(staff.staff_id IS NULL,team.name,CONCAT_WS(\" \", staff.lastname, staff.firstname)) as assigned  ,IF(ptopic.topic_pid IS NULL, topic.topic, CONCAT_WS(\" / \", ptopic.topic, topic.topic)) as helptopic  ,cdata.priority as priority_id, cdata.subject, pri.priority_desc, pri.priority_color  FROM ost_ticket ticket  LEFT JOIN ost_ticket_status status\n            ON (status.id = ticket.status_id)  LEFT JOIN ost_user user ON user.id = ticket.user_id LEFT JOIN ost_user_email email ON user.id = email.user_id LEFT JOIN ost_department dept ON ticket.dept_id=dept.dept_id  LEFT JOIN ost_ticket_lock tlock ON (ticket.ticket_id=tlock.ticket_id AND tlock.expire>NOW()\n               AND tlock.staff_id!=2)  LEFT JOIN ost_staff staff ON (ticket.staff_id=staff.staff_id)  LEFT JOIN ost_team team ON (ticket.team_id=team.team_id)  LEFT JOIN ost_sla sla ON (ticket.sla_id=sla.id AND sla.isactive=1)  LEFT JOIN ost_help_topic topic ON (ticket.topic_id=topic.topic_id)  LEFT JOIN ost_help_topic ptopic ON (ptopic.topic_id=topic.topic_pid)  LEFT JOIN ost_ticket__cdata cdata ON (cdata.ticket_id = ticket.ticket_id)  LEFT JOIN ost_ticket_priority pri ON (pri.priority_id = cdata.priority)  WHERE (   ( ticket.staff_id=2 AND status.state=\"open\")  OR ticket.dept_id IN (1,2,3) ) AND status.state IN (\n                \'open\' )  AND ticket.isanswered=0  ORDER BY pri.priority_urgency ASC, effective_date DESC, ticket.created DESC LIMIT 0,25\";lastcroncall|i:1450788900;users_qs_ce746b0b7166d4b0f070e09225bd7f27|s:504:\"SELECT user.*, email.address as email, org.name as organization\n          , account.id as account_id, account.status as account_status , count(DISTINCT ticket.ticket_id) as tickets  FROM ost_user user LEFT JOIN ost_user_email email ON (user.id = email.user_id) LEFT JOIN ost_organization org ON (user.org_id = org.id) LEFT JOIN ost_user_account account ON (account.user_id = user.id)  LEFT JOIN ost_ticket ticket ON (ticket.user_id = user.id)  WHERE 1  GROUP BY user.id ORDER BY user.name ASC  LIMIT 0,25\";cfg:dept.1|a:0:{}search_0670609443b16a452bd3b617c7094cb3|s:2021:\"SELECT ticket.ticket_id,tlock.lock_id,ticket.`number`,ticket.dept_id,ticket.staff_id,ticket.team_id  ,user.name ,email.address as email, dept.dept_name, status.state  ,status.name as status,ticket.source,ticket.isoverdue,ticket.isanswered,ticket.created  ,IF(ticket.duedate IS NULL,IF(sla.id IS NULL, NULL, DATE_ADD(ticket.created, INTERVAL sla.grace_period HOUR)), ticket.duedate) as duedate  ,CAST(GREATEST(IFNULL(ticket.lastmessage, 0), IFNULL(ticket.closed, 0), IFNULL(ticket.reopened, 0), ticket.created) as datetime) as effective_date  ,ticket.created as ticket_created, CONCAT_WS(\" \", staff.firstname, staff.lastname) as staff, team.name as team  ,IF(staff.staff_id IS NULL,team.name,CONCAT_WS(\" \", staff.lastname, staff.firstname)) as assigned  ,IF(ptopic.topic_pid IS NULL, topic.topic, CONCAT_WS(\" / \", ptopic.topic, topic.topic)) as helptopic  ,cdata.priority as priority_id, cdata.subject, pri.priority_desc, pri.priority_color  FROM ost_ticket ticket  LEFT JOIN ost_ticket_status status\n            ON (status.id = ticket.status_id)  LEFT JOIN ost_user user ON user.id = ticket.user_id LEFT JOIN ost_user_email email ON user.id = email.user_id LEFT JOIN ost_department dept ON ticket.dept_id=dept.dept_id  LEFT JOIN ost_ticket_lock tlock ON (ticket.ticket_id=tlock.ticket_id AND tlock.expire>NOW()\n               AND tlock.staff_id!=2)  LEFT JOIN ost_staff staff ON (ticket.staff_id=staff.staff_id)  LEFT JOIN ost_team team ON (ticket.team_id=team.team_id)  LEFT JOIN ost_sla sla ON (ticket.sla_id=sla.id AND sla.isactive=1)  LEFT JOIN ost_help_topic topic ON (ticket.topic_id=topic.topic_id)  LEFT JOIN ost_help_topic ptopic ON (ptopic.topic_id=topic.topic_pid)  LEFT JOIN ost_ticket__cdata cdata ON (cdata.ticket_id = ticket.ticket_id)  LEFT JOIN ost_ticket_priority pri ON (pri.priority_id = cdata.priority)  WHERE (   ( ticket.staff_id=2 AND status.state=\"open\")  OR ticket.dept_id IN (1,2,3) ) AND status.state IN (\n                \'closed\' )  ORDER BY ticket.closed DESC, ticket.created DESC LIMIT 0,25\";cfg:staff.1|a:0:{}_client|a:1:{s:4:\"auth\";a:1:{s:4:\"dest\";s:29:\"/Symfony/web/support/open.php\";}}client:lang|s:2:\"fr\";','2015-12-23 14:07:12','2015-12-22 14:07:12','0','192.168.30.229','Mozilla/5.0 (Windows NT 6.1; WOW64) AppleWebKit/537.36 (KHTML, like Gecko) Chrome/47.0.2526.106 Safari/537.36'),('ldfreki8b3bovnvog2josonah1','cfg:core|a:2:{s:9:\"tz_offset\";s:3:\"1.0\";s:12:\"db_tz_offset\";s:6:\"1.0000\";}csrf|a:2:{s:5:\"token\";s:40:\"2d4960d221eac9153af7997a6454d8442aadaa82\";s:4:\"time\";i:1452174852;}TZ_OFFSET|s:3:\"1.0\";TZ_DST|s:1:\"0\";cfg:plugin.1|a:0:{}cfg:mysqlsearch|a:0:{}cfg:list.1|a:0:{}_auth|a:1:{s:4:\"user\";a:0:{}}client:lang|s:2:\"fr\";:token|a:0:{}cfg:dept.1|a:0:{}cfg:staff.3|a:0:{}cfg:staff.2|a:0:{}cfg:staff.1|a:0:{}','2016-01-08 14:54:12','2016-01-07 14:54:12','0','192.168.69.80','Mozilla/5.0 (Windows NT 10.0; WOW64) AppleWebKit/537.36 (KHTML, like Gecko) Chrome/47.0.2526.106 Safari/537.36'),('ljqti1n0licu7clemuarflg2v7','cfg:core|a:1:{s:9:\"tz_offset\";s:3:\"1.0\";}csrf|a:2:{s:5:\"token\";s:40:\"188cb92909f545171c4684235361d903238d0993\";s:4:\"time\";i:1449139263;}TZ_OFFSET|s:3:\"1.0\";TZ_DST|s:1:\"0\";cfg:plugin.1|a:0:{}cfg:mysqlsearch|a:0:{}cfg:list.1|a:0:{}_client|a:1:{s:4:\"auth\";a:1:{s:4:\"dest\";s:29:\"/Symfony/web/support/open.php\";}}_auth|a:1:{s:4:\"user\";a:1:{s:7:\"strikes\";i:1;}}','2015-12-04 11:41:03','2015-12-03 11:41:03','0','192.168.69.120','Mozilla/5.0 (Windows NT 6.3; WOW64) AppleWebKit/537.36 (KHTML, like Gecko) Chrome/46.0.2490.86 Safari/537.36'),('n09mktonepg136ersvp68v58a3','cfg:core|a:1:{s:9:\"tz_offset\";s:3:\"1.0\";}csrf|a:2:{s:5:\"token\";s:40:\"d16b3e89aca8e0216e7d3427b1d7176e069981a1\";s:4:\"time\";i:1449580212;}TZ_OFFSET|s:3:\"1.0\";TZ_DST|s:1:\"0\";cfg:plugin.1|a:0:{}cfg:mysqlsearch|a:0:{}cfg:list.1|a:0:{}','2015-12-09 14:10:12','2015-12-08 14:10:12','0','192.168.30.75','Mozilla/5.0 (Windows NT 6.1; WOW64) AppleWebKit/537.36 (KHTML, like Gecko) Chrome/47.0.2526.73 Safari/537.36'),('ns4bomsh4e1ts3jhdefc0i3vp3','cfg:core|a:1:{s:9:\"tz_offset\";s:3:\"1.0\";}csrf|a:2:{s:5:\"token\";s:40:\"49402542cebb84301b5326173d37090026257415\";s:4:\"time\";i:1449737163;}TZ_OFFSET|s:3:\"1.0\";TZ_DST|s:1:\"0\";cfg:plugin.1|a:0:{}cfg:mysqlsearch|a:0:{}cfg:list.1|a:0:{}','2015-12-11 09:46:03','2015-12-10 09:46:03','0','::1','Mozilla/5.0 (Windows NT 6.3; WOW64) AppleWebKit/537.36 (KHTML, like Gecko) Chrome/46.0.2490.86 Safari/537.36'),('ohisc46it79i4645f6vfph34e3','cfg:core|a:1:{s:9:\"tz_offset\";s:3:\"1.0\";}csrf|a:2:{s:5:\"token\";s:40:\"74c88ec0702390639c8b717fa3da0d614590d835\";s:4:\"time\";i:1450882197;}TZ_OFFSET|s:3:\"1.0\";TZ_DST|b:0;cfg:plugin.1|a:0:{}cfg:mysqlsearch|a:0:{}cfg:list.1|a:0:{}_auth|a:2:{s:4:\"user\";N;s:5:\"staff\";a:2:{s:2:\"id\";s:1:\"1\";s:3:\"key\";s:14:\"local:t.besson\";}}_staff|a:1:{s:4:\"auth\";a:2:{s:4:\"dest\";s:34:\"/Symfony/web/support/scp/index.php\";s:3:\"msg\";s:24:\"Authentification requise\";}}cfg:staff.1|a:0:{}:token|a:1:{s:5:\"staff\";s:76:\"17372ec15a937f5b391af339ef8d7d07:1450882195:af2d259e90fd736bdab3fcba41ac540e\";}staff:lang|s:2:\"fr\";::Q|s:4:\"open\";search_14d8edbcd9a8bd7e4d842e77cb9e8817|s:2071:\"SELECT ticket.ticket_id,tlock.lock_id,ticket.`number`,ticket.dept_id,ticket.staff_id,ticket.team_id  ,user.name ,email.address as email, dept.dept_name, status.state  ,status.name as status,ticket.source,ticket.isoverdue,ticket.isanswered,ticket.created  ,IF(ticket.duedate IS NULL,IF(sla.id IS NULL, NULL, DATE_ADD(ticket.created, INTERVAL sla.grace_period HOUR)), ticket.duedate) as duedate  ,CAST(GREATEST(IFNULL(ticket.lastmessage, 0), IFNULL(ticket.closed, 0), IFNULL(ticket.reopened, 0), ticket.created) as datetime) as effective_date  ,ticket.created as ticket_created, CONCAT_WS(\" \", staff.firstname, staff.lastname) as staff, team.name as team  ,IF(staff.staff_id IS NULL,team.name,CONCAT_WS(\" \", staff.lastname, staff.firstname)) as assigned  ,IF(ptopic.topic_pid IS NULL, topic.topic, CONCAT_WS(\" / \", ptopic.topic, topic.topic)) as helptopic  ,cdata.priority as priority_id, cdata.subject, pri.priority_desc, pri.priority_color  FROM ost_ticket ticket  LEFT JOIN ost_ticket_status status\n            ON (status.id = ticket.status_id)  LEFT JOIN ost_user user ON user.id = ticket.user_id LEFT JOIN ost_user_email email ON user.id = email.user_id LEFT JOIN ost_department dept ON ticket.dept_id=dept.dept_id  LEFT JOIN ost_ticket_lock tlock ON (ticket.ticket_id=tlock.ticket_id AND tlock.expire>NOW()\n               AND tlock.staff_id!=1)  LEFT JOIN ost_staff staff ON (ticket.staff_id=staff.staff_id)  LEFT JOIN ost_team team ON (ticket.team_id=team.team_id)  LEFT JOIN ost_sla sla ON (ticket.sla_id=sla.id AND sla.isactive=1)  LEFT JOIN ost_help_topic topic ON (ticket.topic_id=topic.topic_id)  LEFT JOIN ost_help_topic ptopic ON (ptopic.topic_id=topic.topic_pid)  LEFT JOIN ost_ticket__cdata cdata ON (cdata.ticket_id = ticket.ticket_id)  LEFT JOIN ost_ticket_priority pri ON (pri.priority_id = cdata.priority)  WHERE (   ( ticket.staff_id=1 AND status.state=\"open\")  OR ticket.dept_id IN (1,2,3) ) AND status.state IN (\n                \'open\' )  AND ticket.isanswered=0  ORDER BY pri.priority_urgency ASC, effective_date DESC, ticket.created DESC LIMIT 0,25\";lastcroncall|i:1450882148;','2015-12-24 15:49:57','2015-12-23 15:49:57','1','192.168.69.51','Mozilla/5.0 (Windows NT 6.1; WOW64) AppleWebKit/537.36 (KHTML, like Gecko) Chrome/47.0.2526.106 Safari/537.36'),('ojmj251bjm3vmrapj4ld56u5q0','cfg:core|a:2:{s:9:\"tz_offset\";s:3:\"1.0\";s:12:\"db_tz_offset\";s:6:\"1.0000\";}csrf|a:2:{s:5:\"token\";s:40:\"15de0e4dd336af95fea23d88ecf75ee64613cdd6\";s:4:\"time\";i:1452243229;}TZ_OFFSET|s:3:\"1.0\";TZ_DST|s:1:\"0\";cfg:plugin.1|a:0:{}cfg:mysqlsearch|a:0:{}cfg:list.1|a:0:{}_auth|a:2:{s:4:\"user\";N;s:5:\"staff\";a:2:{s:2:\"id\";s:1:\"3\";s:3:\"key\";s:16:\"local:superadmin\";}}_staff|a:1:{s:4:\"auth\";a:2:{s:4:\"dest\";s:34:\"/Symfony/web/support/scp/index.php\";s:3:\"msg\";s:24:\"Authentification requise\";}}cfg:staff.3|a:0:{}:token|a:1:{s:5:\"staff\";s:76:\"abc58ae4c31511d3b1d5f6d00f3db9af:1452242613:ebada857b079da78a63d96005fb5ea85\";}staff:lang|s:2:\"fr\";::Q|s:4:\"open\";search_80660194a124c13eaa7dc47b636a678e|s:2071:\"SELECT ticket.ticket_id,tlock.lock_id,ticket.`number`,ticket.dept_id,ticket.staff_id,ticket.team_id  ,user.name ,email.address as email, dept.dept_name, status.state  ,status.name as status,ticket.source,ticket.isoverdue,ticket.isanswered,ticket.created  ,IF(ticket.duedate IS NULL,IF(sla.id IS NULL, NULL, DATE_ADD(ticket.created, INTERVAL sla.grace_period HOUR)), ticket.duedate) as duedate  ,CAST(GREATEST(IFNULL(ticket.lastmessage, 0), IFNULL(ticket.closed, 0), IFNULL(ticket.reopened, 0), ticket.created) as datetime) as effective_date  ,ticket.created as ticket_created, CONCAT_WS(\" \", staff.firstname, staff.lastname) as staff, team.name as team  ,IF(staff.staff_id IS NULL,team.name,CONCAT_WS(\" \", staff.lastname, staff.firstname)) as assigned  ,IF(ptopic.topic_pid IS NULL, topic.topic, CONCAT_WS(\" / \", ptopic.topic, topic.topic)) as helptopic  ,cdata.priority as priority_id, cdata.subject, pri.priority_desc, pri.priority_color  FROM ost_ticket ticket  LEFT JOIN ost_ticket_status status\n            ON (status.id = ticket.status_id)  LEFT JOIN ost_user user ON user.id = ticket.user_id LEFT JOIN ost_user_email email ON user.id = email.user_id LEFT JOIN ost_department dept ON ticket.dept_id=dept.dept_id  LEFT JOIN ost_ticket_lock tlock ON (ticket.ticket_id=tlock.ticket_id AND tlock.expire>NOW()\n               AND tlock.staff_id!=3)  LEFT JOIN ost_staff staff ON (ticket.staff_id=staff.staff_id)  LEFT JOIN ost_team team ON (ticket.team_id=team.team_id)  LEFT JOIN ost_sla sla ON (ticket.sla_id=sla.id AND sla.isactive=1)  LEFT JOIN ost_help_topic topic ON (ticket.topic_id=topic.topic_id)  LEFT JOIN ost_help_topic ptopic ON (ptopic.topic_id=topic.topic_pid)  LEFT JOIN ost_ticket__cdata cdata ON (cdata.ticket_id = ticket.ticket_id)  LEFT JOIN ost_ticket_priority pri ON (pri.priority_id = cdata.priority)  WHERE (   ( ticket.staff_id=3 AND status.state=\"open\")  OR ticket.dept_id IN (1,2,3) ) AND status.state IN (\n                \'open\' )  AND ticket.isanswered=0  ORDER BY pri.priority_urgency ASC, effective_date DESC, ticket.created DESC LIMIT 0,25\";lastcroncall|i:1452242436;','2016-01-09 09:53:49','2016-01-08 09:53:49','0','192.168.69.80','Mozilla/5.0 (Windows NT 10.0; WOW64) AppleWebKit/537.36 (KHTML, like Gecko) Chrome/47.0.2526.106 Safari/537.36'),('phba65tnrpr6qtih8a0soa0sh3','cfg:core|a:2:{s:9:\"tz_offset\";s:3:\"1.0\";s:12:\"db_tz_offset\";s:6:\"1.0000\";}csrf|a:2:{s:5:\"token\";s:40:\"a5604d2892885dea69521dd43789dc49349aa753\";s:4:\"time\";i:1450789637;}TZ_OFFSET|s:3:\"1.0\";TZ_DST|s:1:\"0\";cfg:plugin.1|a:0:{}cfg:mysqlsearch|a:0:{}_auth|a:2:{s:5:\"staff\";N;s:4:\"user\";a:0:{}}_staff|a:1:{s:4:\"auth\";a:2:{s:4:\"dest\";s:34:\"/Symfony/web/support/scp/index.php\";s:3:\"msg\";s:24:\"Authentification requise\";}}cfg:list.1|a:0:{}:token|a:0:{}client:lang|s:2:\"fr\";cfg:dept.1|a:0:{}','2015-12-23 14:07:17','2015-12-22 14:07:17','0','192.168.69.51','Mozilla/5.0 (Windows NT 6.1; WOW64) AppleWebKit/537.36 (KHTML, like Gecko) Chrome/47.0.2526.106 Safari/537.36'),('q5ed7er1ooh8k51a4lu32q7462','cfg:core|a:2:{s:9:\"tz_offset\";s:3:\"1.0\";s:12:\"db_tz_offset\";s:6:\"1.0000\";}csrf|a:2:{s:5:\"token\";s:40:\"738b667a007175820699c8b1ae60a8f9bd10e7de\";s:4:\"time\";i:1452242380;}TZ_OFFSET|s:3:\"1.0\";TZ_DST|s:1:\"0\";cfg:plugin.1|a:0:{}cfg:mysqlsearch|a:0:{}cfg:list.1|a:0:{}_auth|a:2:{s:4:\"user\";a:0:{}s:5:\"staff\";a:2:{s:2:\"id\";s:1:\"3\";s:3:\"key\";s:16:\"local:superadmin\";}}:token|a:1:{s:5:\"staff\";s:76:\"2ac1c62c831330d8e963c73cd0601d6f:1452242358:ebada857b079da78a63d96005fb5ea85\";}client:lang|s:2:\"fr\";cfg:dept.1|a:0:{}_staff|a:1:{s:4:\"auth\";a:2:{s:4:\"dest\";s:34:\"/Symfony/web/support/scp/index.php\";s:3:\"msg\";s:24:\"Authentification requise\";}}cfg:staff.3|a:0:{}staff:lang|s:2:\"fr\";::Q|s:4:\"open\";search_80660194a124c13eaa7dc47b636a678e|s:2071:\"SELECT ticket.ticket_id,tlock.lock_id,ticket.`number`,ticket.dept_id,ticket.staff_id,ticket.team_id  ,user.name ,email.address as email, dept.dept_name, status.state  ,status.name as status,ticket.source,ticket.isoverdue,ticket.isanswered,ticket.created  ,IF(ticket.duedate IS NULL,IF(sla.id IS NULL, NULL, DATE_ADD(ticket.created, INTERVAL sla.grace_period HOUR)), ticket.duedate) as duedate  ,CAST(GREATEST(IFNULL(ticket.lastmessage, 0), IFNULL(ticket.closed, 0), IFNULL(ticket.reopened, 0), ticket.created) as datetime) as effective_date  ,ticket.created as ticket_created, CONCAT_WS(\" \", staff.firstname, staff.lastname) as staff, team.name as team  ,IF(staff.staff_id IS NULL,team.name,CONCAT_WS(\" \", staff.lastname, staff.firstname)) as assigned  ,IF(ptopic.topic_pid IS NULL, topic.topic, CONCAT_WS(\" / \", ptopic.topic, topic.topic)) as helptopic  ,cdata.priority as priority_id, cdata.subject, pri.priority_desc, pri.priority_color  FROM ost_ticket ticket  LEFT JOIN ost_ticket_status status\n            ON (status.id = ticket.status_id)  LEFT JOIN ost_user user ON user.id = ticket.user_id LEFT JOIN ost_user_email email ON user.id = email.user_id LEFT JOIN ost_department dept ON ticket.dept_id=dept.dept_id  LEFT JOIN ost_ticket_lock tlock ON (ticket.ticket_id=tlock.ticket_id AND tlock.expire>NOW()\n               AND tlock.staff_id!=3)  LEFT JOIN ost_staff staff ON (ticket.staff_id=staff.staff_id)  LEFT JOIN ost_team team ON (ticket.team_id=team.team_id)  LEFT JOIN ost_sla sla ON (ticket.sla_id=sla.id AND sla.isactive=1)  LEFT JOIN ost_help_topic topic ON (ticket.topic_id=topic.topic_id)  LEFT JOIN ost_help_topic ptopic ON (ptopic.topic_id=topic.topic_pid)  LEFT JOIN ost_ticket__cdata cdata ON (cdata.ticket_id = ticket.ticket_id)  LEFT JOIN ost_ticket_priority pri ON (pri.priority_id = cdata.priority)  WHERE (   ( ticket.staff_id=3 AND status.state=\"open\")  OR ticket.dept_id IN (1,2,3) ) AND status.state IN (\n                \'open\' )  AND ticket.isanswered=0  ORDER BY pri.priority_urgency ASC, effective_date DESC, ticket.created DESC LIMIT 0,25\";lastcroncall|i:1452242359;','2016-01-09 09:39:40','2016-01-08 09:39:40','0','192.168.69.80','Mozilla/5.0 (Windows NT 10.0; WOW64) AppleWebKit/537.36 (KHTML, like Gecko) Chrome/47.0.2526.106 Safari/537.36'),('q84ro9qjpsoeq8hvfmbkq9s5c0','cfg:core|a:1:{s:9:\"tz_offset\";s:3:\"1.0\";}csrf|a:2:{s:5:\"token\";s:40:\"55b4f5abff3c4fa517fcddeb3b935e514feb5073\";s:4:\"time\";i:1450882221;}TZ_OFFSET|s:3:\"1.0\";TZ_DST|b:0;cfg:plugin.1|a:0:{}cfg:mysqlsearch|a:0:{}cfg:list.1|a:0:{}_client|a:1:{s:4:\"auth\";a:1:{s:4:\"dest\";s:32:\"/Symfony/web/support/profile.php\";}}_auth|a:2:{s:4:\"user\";N;s:5:\"staff\";a:2:{s:2:\"id\";s:1:\"1\";s:3:\"key\";s:14:\"local:t.besson\";}}_staff|a:1:{s:4:\"auth\";a:2:{s:4:\"dest\";s:37:\"/Symfony/web/support/scp/settings.php\";s:3:\"msg\";s:24:\"Authentification requise\";}}:token|a:1:{s:5:\"staff\";s:76:\"59ecdf70feda57be1494db9ba39ed7fe:1450882201:837ec5754f503cfaaee0929fd48974e7\";}cfg:staff.1|a:0:{}staff:lang|s:2:\"fr\";ost_upgrader|a:5:{s:4:\"task\";a:0:{}s:5:\"phash\";N;s:5:\"state\";N;s:4:\"mode\";N;s:6:\"stream\";N;}lastcroncall|i:1450882209;','2015-12-24 15:50:21','2015-12-23 15:50:21','1','::1','Mozilla/5.0 (Windows NT 6.3; WOW64) AppleWebKit/537.36 (KHTML, like Gecko) Chrome/47.0.2526.106 Safari/537.36'),('rhv128tjstqe7jildfo7s86b92','cfg:core|a:2:{s:9:\"tz_offset\";s:3:\"1.0\";s:12:\"db_tz_offset\";s:6:\"1.0000\";}csrf|a:2:{s:5:\"token\";s:40:\"d8c0c09e9f4fa9afe3f8b495c4086bc18e077422\";s:4:\"time\";i:1450786125;}TZ_OFFSET|s:3:\"1.0\";TZ_DST|s:1:\"0\";cfg:plugin.1|a:0:{}cfg:mysqlsearch|a:0:{}cfg:list.1|a:0:{}_client|a:1:{s:4:\"auth\";a:1:{s:4:\"dest\";s:29:\"/Symfony/web/support/open.php\";}}_auth|a:2:{s:4:\"user\";a:0:{}s:5:\"staff\";a:1:{s:7:\"strikes\";i:2;}}_staff|a:1:{s:4:\"auth\";a:2:{s:4:\"dest\";s:34:\"/Symfony/web/support/scp/index.php\";s:3:\"msg\";s:24:\"Authentification requise\";}}:token|a:1:{s:5:\"staff\";N;}client:lang|s:2:\"fr\";','2015-12-23 13:08:45','2015-12-22 13:08:45','0','192.168.30.229','Mozilla/5.0 (Windows NT 6.1; WOW64) AppleWebKit/537.36 (KHTML, like Gecko) Chrome/47.0.2526.106 Safari/537.36'),('t95frs8d7nsiclqker61kv7ga1','cfg:core|a:1:{s:9:\"tz_offset\";s:3:\"1.0\";}csrf|a:2:{s:5:\"token\";s:40:\"d62f16c3d93de7fa7a518eacbb73919a51ac68b3\";s:4:\"time\";i:1450275192;}TZ_OFFSET|s:3:\"1.0\";TZ_DST|s:1:\"0\";cfg:plugin.1|a:0:{}cfg:mysqlsearch|a:0:{}cfg:list.1|a:0:{}','2015-12-17 15:13:12','2015-12-16 15:13:12','0','192.168.69.121','Mozilla/5.0 (Windows NT 6.3; WOW64) AppleWebKit/537.36 (KHTML, like Gecko) Chrome/46.0.2490.86 Safari/537.36'),('vns8fqvevhg9b4lorijh4g0n76','cfg:core|a:1:{s:9:\"tz_offset\";s:3:\"1.0\";}csrf|a:2:{s:5:\"token\";s:40:\"5037c7b3879d6a01a19f9ac90250c16ba5bf8a4a\";s:4:\"time\";i:1449044662;}TZ_OFFSET|s:3:\"1.0\";TZ_DST|s:1:\"0\";cfg:plugin.1|a:0:{}cfg:mysqlsearch|a:0:{}cfg:list.1|a:0:{}','2015-12-03 09:24:22','2015-12-02 09:24:22','0','192.168.69.51','Mozilla/5.0 (Windows NT 6.1; WOW64) AppleWebKit/537.36 (KHTML, like Gecko) Chrome/46.0.2490.86 Safari/537.36');
/*!40000 ALTER TABLE `ost_session` ENABLE KEYS */;
UNLOCK TABLES;

--
-- Table structure for table `ost_sla`
--

DROP TABLE IF EXISTS `ost_sla`;
/*!40101 SET @saved_cs_client     = @@character_set_client */;
/*!40101 SET character_set_client = utf8 */;
CREATE TABLE `ost_sla` (
  `id` int(11) unsigned NOT NULL AUTO_INCREMENT,
  `isactive` tinyint(1) unsigned NOT NULL DEFAULT '1',
  `enable_priority_escalation` tinyint(1) unsigned NOT NULL DEFAULT '1',
  `disable_overdue_alerts` tinyint(1) unsigned NOT NULL DEFAULT '0',
  `grace_period` int(10) unsigned NOT NULL DEFAULT '0',
  `name` varchar(64) NOT NULL DEFAULT '',
  `notes` text,
  `created` datetime NOT NULL,
  `updated` datetime NOT NULL,
  PRIMARY KEY (`id`),
  UNIQUE KEY `name` (`name`)
) ENGINE=InnoDB AUTO_INCREMENT=2 DEFAULT CHARSET=utf8;
/*!40101 SET character_set_client = @saved_cs_client */;

--
-- Dumping data for table `ost_sla`
--

LOCK TABLES `ost_sla` WRITE;
/*!40000 ALTER TABLE `ost_sla` DISABLE KEYS */;
INSERT INTO `ost_sla` VALUES (1,1,1,0,48,'SLA par défaut','','2015-12-01 09:25:03','2015-12-01 09:25:03');
/*!40000 ALTER TABLE `ost_sla` ENABLE KEYS */;
UNLOCK TABLES;

--
-- Table structure for table `ost_staff`
--

DROP TABLE IF EXISTS `ost_staff`;
/*!40101 SET @saved_cs_client     = @@character_set_client */;
/*!40101 SET character_set_client = utf8 */;
CREATE TABLE `ost_staff` (
  `staff_id` int(11) unsigned NOT NULL AUTO_INCREMENT,
  `group_id` int(10) unsigned NOT NULL DEFAULT '0',
  `dept_id` int(10) unsigned NOT NULL DEFAULT '0',
  `timezone_id` int(10) unsigned NOT NULL DEFAULT '0',
  `username` varchar(32) NOT NULL DEFAULT '',
  `firstname` varchar(32) DEFAULT NULL,
  `lastname` varchar(32) DEFAULT NULL,
  `passwd` varchar(128) DEFAULT NULL,
  `backend` varchar(32) DEFAULT NULL,
  `email` varchar(128) DEFAULT NULL,
  `phone` varchar(24) NOT NULL DEFAULT '',
  `phone_ext` varchar(6) DEFAULT NULL,
  `mobile` varchar(24) NOT NULL DEFAULT '',
  `signature` text NOT NULL,
  `notes` text,
  `isactive` tinyint(1) NOT NULL DEFAULT '1',
  `isadmin` tinyint(1) NOT NULL DEFAULT '0',
  `isvisible` tinyint(1) unsigned NOT NULL DEFAULT '1',
  `onvacation` tinyint(1) unsigned NOT NULL DEFAULT '0',
  `assigned_only` tinyint(1) unsigned NOT NULL DEFAULT '0',
  `show_assigned_tickets` tinyint(1) unsigned NOT NULL DEFAULT '0',
  `daylight_saving` tinyint(1) unsigned NOT NULL DEFAULT '0',
  `change_passwd` tinyint(1) unsigned NOT NULL DEFAULT '0',
  `max_page_size` int(11) unsigned NOT NULL DEFAULT '0',
  `auto_refresh_rate` int(10) unsigned NOT NULL DEFAULT '0',
  `default_signature_type` enum('none','mine','dept') NOT NULL DEFAULT 'none',
  `default_paper_size` enum('Letter','Legal','Ledger','A4','A3') NOT NULL DEFAULT 'Letter',
  `created` datetime NOT NULL,
  `lastlogin` datetime DEFAULT NULL,
  `passwdreset` datetime DEFAULT NULL,
  `updated` datetime NOT NULL,
  PRIMARY KEY (`staff_id`),
  UNIQUE KEY `username` (`username`),
  KEY `dept_id` (`dept_id`),
  KEY `issuperuser` (`isadmin`),
  KEY `group_id` (`group_id`,`staff_id`)
) ENGINE=InnoDB AUTO_INCREMENT=4 DEFAULT CHARSET=utf8;
/*!40101 SET character_set_client = @saved_cs_client */;

--
-- Dumping data for table `ost_staff`
--

LOCK TABLES `ost_staff` WRITE;
/*!40000 ALTER TABLE `ost_staff` DISABLE KEYS */;
INSERT INTO `ost_staff` VALUES (1,1,1,15,'t.besson','Tristan','Besson','$2a$08$4bfnoHDdJi7nFB9UcKdAAu16VRzo2PpELSg13fs9FtfsnmRRbCEnO',NULL,'t.besson@groupe-nox.com','',NULL,'','',NULL,1,1,1,0,0,0,0,0,25,0,'none','Letter','2015-12-01 09:25:04','2016-01-08 14:15:23',NULL,'0000-00-00 00:00:00'),(2,1,1,15,'s.jubeau','Sylvain','Jubeau',NULL,'ldap','s.jubeau@groupe-nox.com','','','','','',1,1,1,0,0,0,0,0,0,0,'none','Letter','2015-12-22 12:21:26','2015-12-22 14:10:25',NULL,'2015-12-22 12:21:26'),(3,1,3,15,'superadmin','super','admin','$2a$08$s6XPEYwtOczTAGcxQ4hv4Ot763hPWLGn2VcMuF/RH7dgJTIB9Q97S','local','helpdesk@groupe-nox.com','','','','','',1,1,1,0,0,0,0,0,0,0,'none','Letter','2016-01-04 13:54:05','2016-01-08 09:39:58',NULL,'2016-01-04 13:54:05');
/*!40000 ALTER TABLE `ost_staff` ENABLE KEYS */;
UNLOCK TABLES;

--
-- Table structure for table `ost_syslog`
--

DROP TABLE IF EXISTS `ost_syslog`;
/*!40101 SET @saved_cs_client     = @@character_set_client */;
/*!40101 SET character_set_client = utf8 */;
CREATE TABLE `ost_syslog` (
  `log_id` int(11) unsigned NOT NULL AUTO_INCREMENT,
  `log_type` enum('Debug','Warning','Error') NOT NULL,
  `title` varchar(255) NOT NULL,
  `log` text NOT NULL,
  `logger` varchar(64) NOT NULL,
  `ip_address` varchar(64) NOT NULL,
  `created` datetime NOT NULL,
  `updated` datetime NOT NULL,
  PRIMARY KEY (`log_id`),
  KEY `log_type` (`log_type`)
) ENGINE=InnoDB AUTO_INCREMENT=3 DEFAULT CHARSET=utf8;
/*!40101 SET character_set_client = @saved_cs_client */;

--
-- Dumping data for table `ost_syslog`
--

LOCK TABLES `ost_syslog` WRITE;
/*!40000 ALTER TABLE `ost_syslog` DISABLE KEYS */;
INSERT INTO `ost_syslog` VALUES (1,'Debug','osTicket installed!','Félicitations ! Installation d\'osTicket terminée !\n\nMerci d\'avoir choisi osTicket !','','::1','2015-12-01 09:25:04','2015-12-01 09:25:04'),(2,'Warning','Tentative de connexion échouée (utilisateur)','Nom d\'utilisateur: superadmin IP: 192.168.69.80 Temps: Jan 7, 2016, 2:54 pm CET Tentatives: 3','','192.168.69.80','2016-01-07 14:54:46','2016-01-07 14:54:46');
/*!40000 ALTER TABLE `ost_syslog` ENABLE KEYS */;
UNLOCK TABLES;

--
-- Table structure for table `ost_team`
--

DROP TABLE IF EXISTS `ost_team`;
/*!40101 SET @saved_cs_client     = @@character_set_client */;
/*!40101 SET character_set_client = utf8 */;
CREATE TABLE `ost_team` (
  `team_id` int(10) unsigned NOT NULL AUTO_INCREMENT,
  `lead_id` int(10) unsigned NOT NULL DEFAULT '0',
  `isenabled` tinyint(1) unsigned NOT NULL DEFAULT '1',
  `noalerts` tinyint(1) unsigned NOT NULL DEFAULT '0',
  `name` varchar(125) NOT NULL DEFAULT '',
  `notes` text,
  `created` datetime NOT NULL,
  `updated` datetime NOT NULL,
  PRIMARY KEY (`team_id`),
  UNIQUE KEY `name` (`name`),
  KEY `isnabled` (`isenabled`),
  KEY `lead_id` (`lead_id`)
) ENGINE=InnoDB AUTO_INCREMENT=2 DEFAULT CHARSET=utf8;
/*!40101 SET character_set_client = @saved_cs_client */;

--
-- Dumping data for table `ost_team`
--

LOCK TABLES `ost_team` WRITE;
/*!40000 ALTER TABLE `ost_team` DISABLE KEYS */;
INSERT INTO `ost_team` VALUES (1,0,1,0,'Support de niveau 1','Support de niveau 1, responsable du contact initial avec les clients','2015-12-01 09:25:03','2015-12-01 09:25:03');
/*!40000 ALTER TABLE `ost_team` ENABLE KEYS */;
UNLOCK TABLES;

--
-- Table structure for table `ost_team_member`
--

DROP TABLE IF EXISTS `ost_team_member`;
/*!40101 SET @saved_cs_client     = @@character_set_client */;
/*!40101 SET character_set_client = utf8 */;
CREATE TABLE `ost_team_member` (
  `team_id` int(10) unsigned NOT NULL DEFAULT '0',
  `staff_id` int(10) unsigned NOT NULL,
  `updated` datetime NOT NULL,
  PRIMARY KEY (`team_id`,`staff_id`)
) ENGINE=InnoDB DEFAULT CHARSET=utf8;
/*!40101 SET character_set_client = @saved_cs_client */;

--
-- Dumping data for table `ost_team_member`
--

LOCK TABLES `ost_team_member` WRITE;
/*!40000 ALTER TABLE `ost_team_member` DISABLE KEYS */;
/*!40000 ALTER TABLE `ost_team_member` ENABLE KEYS */;
UNLOCK TABLES;

--
-- Table structure for table `ost_ticket`
--

DROP TABLE IF EXISTS `ost_ticket`;
/*!40101 SET @saved_cs_client     = @@character_set_client */;
/*!40101 SET character_set_client = utf8 */;
CREATE TABLE `ost_ticket` (
  `ticket_id` int(11) unsigned NOT NULL AUTO_INCREMENT,
  `number` varchar(20) DEFAULT NULL,
  `user_id` int(11) unsigned NOT NULL DEFAULT '0',
  `user_email_id` int(11) unsigned NOT NULL DEFAULT '0',
  `status_id` int(10) unsigned NOT NULL DEFAULT '0',
  `dept_id` int(10) unsigned NOT NULL DEFAULT '0',
  `sla_id` int(10) unsigned NOT NULL DEFAULT '0',
  `topic_id` int(10) unsigned NOT NULL DEFAULT '0',
  `staff_id` int(10) unsigned NOT NULL DEFAULT '0',
  `team_id` int(10) unsigned NOT NULL DEFAULT '0',
  `email_id` int(11) unsigned NOT NULL DEFAULT '0',
  `flags` int(10) unsigned NOT NULL DEFAULT '0',
  `ip_address` varchar(64) NOT NULL DEFAULT '',
  `source` enum('Web','Email','Phone','API','Other') NOT NULL DEFAULT 'Other',
  `isoverdue` tinyint(1) unsigned NOT NULL DEFAULT '0',
  `isanswered` tinyint(1) unsigned NOT NULL DEFAULT '0',
  `duedate` datetime DEFAULT NULL,
  `reopened` datetime DEFAULT NULL,
  `closed` datetime DEFAULT NULL,
  `lastmessage` datetime DEFAULT NULL,
  `lastresponse` datetime DEFAULT NULL,
  `created` datetime NOT NULL,
  `updated` datetime NOT NULL,
  PRIMARY KEY (`ticket_id`),
  KEY `user_id` (`user_id`),
  KEY `dept_id` (`dept_id`),
  KEY `staff_id` (`staff_id`),
  KEY `team_id` (`team_id`),
  KEY `status_id` (`status_id`),
  KEY `created` (`created`),
  KEY `closed` (`closed`),
  KEY `duedate` (`duedate`),
  KEY `topic_id` (`topic_id`),
  KEY `sla_id` (`sla_id`)
) ENGINE=InnoDB AUTO_INCREMENT=7 DEFAULT CHARSET=utf8;
/*!40101 SET character_set_client = @saved_cs_client */;

--
-- Dumping data for table `ost_ticket`
--

LOCK TABLES `ost_ticket` WRITE;
/*!40000 ALTER TABLE `ost_ticket` DISABLE KEYS */;
INSERT INTO `ost_ticket` VALUES (1,'716347',1,0,3,1,1,1,1,0,0,0,'::1','Web',0,1,NULL,NULL,'2015-12-01 10:08:02','2015-12-01 09:25:04','2015-12-01 10:08:02','2015-12-01 09:25:04','2015-12-01 10:08:02'),(2,'491384',2,0,3,1,1,1,1,0,0,0,'::1','Web',0,1,NULL,NULL,'2015-12-01 10:12:43','2015-12-01 10:09:31','2015-12-01 10:11:28','2015-12-01 10:09:31','2015-12-01 10:12:43'),(3,'331975',2,0,3,1,1,10,1,0,0,0,'192.168.69.93','Web',0,1,NULL,NULL,'2016-01-04 16:04:39','2016-01-04 16:01:15','2016-01-04 16:04:39','2016-01-04 16:01:15','2016-01-04 16:04:39'),(4,'627426',2,0,3,1,1,2,1,0,0,0,'192.168.69.93','Web',0,1,NULL,NULL,'2016-01-04 16:08:36','2016-01-04 16:07:34','2016-01-04 16:08:36','2016-01-04 16:07:34','2016-01-04 16:08:36'),(5,'410067',4,0,1,1,1,10,3,0,0,0,'192.168.69.80','Web',0,1,NULL,NULL,NULL,'2016-01-07 14:53:21','2016-01-07 14:56:57','2016-01-07 14:53:21','2016-01-07 14:56:57'),(6,'575215',4,0,1,1,1,2,0,0,0,0,'192.168.69.80','Web',0,0,NULL,NULL,NULL,'2016-01-07 14:53:51',NULL,'2016-01-07 14:53:51','2016-01-07 14:53:51');
/*!40000 ALTER TABLE `ost_ticket` ENABLE KEYS */;
UNLOCK TABLES;

--
-- Table structure for table `ost_ticket__cdata`
--

DROP TABLE IF EXISTS `ost_ticket__cdata`;
/*!40101 SET @saved_cs_client     = @@character_set_client */;
/*!40101 SET character_set_client = utf8 */;
CREATE TABLE `ost_ticket__cdata` (
  `ticket_id` int(11) unsigned NOT NULL DEFAULT '0',
  `subject` mediumtext,
  `priority` mediumtext,
  PRIMARY KEY (`ticket_id`)
) ENGINE=InnoDB DEFAULT CHARSET=utf8;
/*!40101 SET character_set_client = @saved_cs_client */;

--
-- Dumping data for table `ost_ticket__cdata`
--

LOCK TABLES `ost_ticket__cdata` WRITE;
/*!40000 ALTER TABLE `ost_ticket__cdata` DISABLE KEYS */;
INSERT INTO `ost_ticket__cdata` VALUES (1,'osTicket a été installé!','2'),(2,'Test ticketing','2'),(3,'CA MARCHE PAS !','2'),(4,'Test','1'),(5,'J\'ai windows 10 T_T','2'),(6,'hohé test2','1');
/*!40000 ALTER TABLE `ost_ticket__cdata` ENABLE KEYS */;
UNLOCK TABLES;

--
-- Table structure for table `ost_ticket_attachment`
--

DROP TABLE IF EXISTS `ost_ticket_attachment`;
/*!40101 SET @saved_cs_client     = @@character_set_client */;
/*!40101 SET character_set_client = utf8 */;
CREATE TABLE `ost_ticket_attachment` (
  `attach_id` int(11) unsigned NOT NULL AUTO_INCREMENT,
  `ticket_id` int(11) unsigned NOT NULL DEFAULT '0',
  `file_id` int(10) unsigned NOT NULL DEFAULT '0',
  `ref_id` int(11) unsigned NOT NULL DEFAULT '0',
  `inline` tinyint(1) NOT NULL DEFAULT '0',
  `created` datetime NOT NULL,
  PRIMARY KEY (`attach_id`),
  KEY `ticket_id` (`ticket_id`),
  KEY `ref_id` (`ref_id`),
  KEY `file_id` (`file_id`)
) ENGINE=InnoDB AUTO_INCREMENT=3 DEFAULT CHARSET=utf8;
/*!40101 SET character_set_client = @saved_cs_client */;

--
-- Dumping data for table `ost_ticket_attachment`
--

LOCK TABLES `ost_ticket_attachment` WRITE;
/*!40000 ALTER TABLE `ost_ticket_attachment` DISABLE KEYS */;
INSERT INTO `ost_ticket_attachment` VALUES (1,1,2,2,0,'2015-12-01 10:08:02'),(2,3,5,7,0,'2016-01-04 16:01:15');
/*!40000 ALTER TABLE `ost_ticket_attachment` ENABLE KEYS */;
UNLOCK TABLES;

--
-- Table structure for table `ost_ticket_collaborator`
--

DROP TABLE IF EXISTS `ost_ticket_collaborator`;
/*!40101 SET @saved_cs_client     = @@character_set_client */;
/*!40101 SET character_set_client = utf8 */;
CREATE TABLE `ost_ticket_collaborator` (
  `id` int(11) unsigned NOT NULL AUTO_INCREMENT,
  `isactive` tinyint(1) NOT NULL DEFAULT '1',
  `ticket_id` int(11) unsigned NOT NULL DEFAULT '0',
  `user_id` int(11) unsigned NOT NULL DEFAULT '0',
  `role` char(1) NOT NULL DEFAULT 'M',
  `created` datetime NOT NULL,
  `updated` datetime NOT NULL,
  PRIMARY KEY (`id`),
  UNIQUE KEY `collab` (`ticket_id`,`user_id`)
) ENGINE=InnoDB DEFAULT CHARSET=utf8;
/*!40101 SET character_set_client = @saved_cs_client */;

--
-- Dumping data for table `ost_ticket_collaborator`
--

LOCK TABLES `ost_ticket_collaborator` WRITE;
/*!40000 ALTER TABLE `ost_ticket_collaborator` DISABLE KEYS */;
/*!40000 ALTER TABLE `ost_ticket_collaborator` ENABLE KEYS */;
UNLOCK TABLES;

--
-- Table structure for table `ost_ticket_email_info`
--

DROP TABLE IF EXISTS `ost_ticket_email_info`;
/*!40101 SET @saved_cs_client     = @@character_set_client */;
/*!40101 SET character_set_client = utf8 */;
CREATE TABLE `ost_ticket_email_info` (
  `id` int(11) unsigned NOT NULL AUTO_INCREMENT,
  `thread_id` int(11) unsigned NOT NULL,
  `email_mid` varchar(255) NOT NULL,
  `headers` text,
  PRIMARY KEY (`id`),
  KEY `email_mid` (`email_mid`)
) ENGINE=InnoDB DEFAULT CHARSET=utf8;
/*!40101 SET character_set_client = @saved_cs_client */;

--
-- Dumping data for table `ost_ticket_email_info`
--

LOCK TABLES `ost_ticket_email_info` WRITE;
/*!40000 ALTER TABLE `ost_ticket_email_info` DISABLE KEYS */;
/*!40000 ALTER TABLE `ost_ticket_email_info` ENABLE KEYS */;
UNLOCK TABLES;

--
-- Table structure for table `ost_ticket_event`
--

DROP TABLE IF EXISTS `ost_ticket_event`;
/*!40101 SET @saved_cs_client     = @@character_set_client */;
/*!40101 SET character_set_client = utf8 */;
CREATE TABLE `ost_ticket_event` (
  `ticket_id` int(11) unsigned NOT NULL DEFAULT '0',
  `staff_id` int(11) unsigned NOT NULL,
  `team_id` int(11) unsigned NOT NULL,
  `dept_id` int(11) unsigned NOT NULL,
  `topic_id` int(11) unsigned NOT NULL,
  `state` enum('created','closed','reopened','assigned','transferred','overdue') NOT NULL,
  `staff` varchar(255) NOT NULL DEFAULT 'SYSTEM',
  `annulled` tinyint(1) unsigned NOT NULL DEFAULT '0',
  `timestamp` datetime NOT NULL,
  KEY `ticket_state` (`ticket_id`,`state`,`timestamp`),
  KEY `ticket_stats` (`timestamp`,`state`)
) ENGINE=InnoDB DEFAULT CHARSET=utf8;
/*!40101 SET character_set_client = @saved_cs_client */;

--
-- Dumping data for table `ost_ticket_event`
--

LOCK TABLES `ost_ticket_event` WRITE;
/*!40000 ALTER TABLE `ost_ticket_event` DISABLE KEYS */;
INSERT INTO `ost_ticket_event` VALUES (1,0,0,1,1,'created','SYSTEM',0,'2015-12-01 09:25:04'),(1,1,0,1,1,'closed','t.besson',0,'2015-12-01 10:08:02'),(2,0,0,1,1,'created','SYSTEM',0,'2015-12-01 10:09:33'),(2,1,0,1,1,'closed','t.besson',0,'2015-12-01 10:12:43'),(3,0,0,1,10,'created','SYSTEM',0,'2016-01-04 16:01:18'),(3,1,0,1,10,'closed','t.besson',0,'2016-01-04 16:04:39'),(4,0,0,1,2,'created','SYSTEM',0,'2016-01-04 16:07:37'),(4,1,0,1,2,'closed','t.besson',0,'2016-01-04 16:08:36'),(5,0,0,1,10,'created','SYSTEM',0,'2016-01-07 14:53:24'),(6,0,0,1,2,'created','SYSTEM',0,'2016-01-07 14:53:54');
/*!40000 ALTER TABLE `ost_ticket_event` ENABLE KEYS */;
UNLOCK TABLES;

--
-- Table structure for table `ost_ticket_lock`
--

DROP TABLE IF EXISTS `ost_ticket_lock`;
/*!40101 SET @saved_cs_client     = @@character_set_client */;
/*!40101 SET character_set_client = utf8 */;
CREATE TABLE `ost_ticket_lock` (
  `lock_id` int(11) unsigned NOT NULL AUTO_INCREMENT,
  `ticket_id` int(11) unsigned NOT NULL DEFAULT '0',
  `staff_id` int(10) unsigned NOT NULL DEFAULT '0',
  `expire` datetime DEFAULT NULL,
  `created` datetime NOT NULL,
  PRIMARY KEY (`lock_id`),
  UNIQUE KEY `ticket_id` (`ticket_id`),
  KEY `staff_id` (`staff_id`)
) ENGINE=InnoDB AUTO_INCREMENT=11 DEFAULT CHARSET=utf8;
/*!40101 SET character_set_client = @saved_cs_client */;

--
-- Dumping data for table `ost_ticket_lock`
--

LOCK TABLES `ost_ticket_lock` WRITE;
/*!40000 ALTER TABLE `ost_ticket_lock` DISABLE KEYS */;
/*!40000 ALTER TABLE `ost_ticket_lock` ENABLE KEYS */;
UNLOCK TABLES;

--
-- Table structure for table `ost_ticket_priority`
--

DROP TABLE IF EXISTS `ost_ticket_priority`;
/*!40101 SET @saved_cs_client     = @@character_set_client */;
/*!40101 SET character_set_client = utf8 */;
CREATE TABLE `ost_ticket_priority` (
  `priority_id` tinyint(4) NOT NULL AUTO_INCREMENT,
  `priority` varchar(60) NOT NULL DEFAULT '',
  `priority_desc` varchar(30) NOT NULL DEFAULT '',
  `priority_color` varchar(7) NOT NULL DEFAULT '',
  `priority_urgency` tinyint(1) unsigned NOT NULL DEFAULT '0',
  `ispublic` tinyint(1) NOT NULL DEFAULT '1',
  PRIMARY KEY (`priority_id`),
  UNIQUE KEY `priority` (`priority`),
  KEY `priority_urgency` (`priority_urgency`),
  KEY `ispublic` (`ispublic`)
) ENGINE=InnoDB AUTO_INCREMENT=5 DEFAULT CHARSET=utf8;
/*!40101 SET character_set_client = @saved_cs_client */;

--
-- Dumping data for table `ost_ticket_priority`
--

LOCK TABLES `ost_ticket_priority` WRITE;
/*!40000 ALTER TABLE `ost_ticket_priority` DISABLE KEYS */;
INSERT INTO `ost_ticket_priority` VALUES (1,'low','Basse','#DDFFDD',4,1),(2,'normal','Normale','#FFFFF0',3,1),(3,'high','Haute','#FEE7E7',2,1),(4,'emergency','Urgence','#FEE7E7',1,1);
/*!40000 ALTER TABLE `ost_ticket_priority` ENABLE KEYS */;
UNLOCK TABLES;

--
-- Table structure for table `ost_ticket_status`
--

DROP TABLE IF EXISTS `ost_ticket_status`;
/*!40101 SET @saved_cs_client     = @@character_set_client */;
/*!40101 SET character_set_client = utf8 */;
CREATE TABLE `ost_ticket_status` (
  `id` int(11) NOT NULL AUTO_INCREMENT,
  `name` varchar(60) NOT NULL DEFAULT '',
  `state` varchar(16) DEFAULT NULL,
  `mode` int(11) unsigned NOT NULL DEFAULT '0',
  `flags` int(11) unsigned NOT NULL DEFAULT '0',
  `sort` int(11) unsigned NOT NULL DEFAULT '0',
  `properties` text NOT NULL,
  `created` datetime NOT NULL,
  `updated` datetime NOT NULL,
  PRIMARY KEY (`id`),
  UNIQUE KEY `name` (`name`),
  KEY `state` (`state`)
) ENGINE=InnoDB AUTO_INCREMENT=6 DEFAULT CHARSET=utf8;
/*!40101 SET character_set_client = @saved_cs_client */;

--
-- Dumping data for table `ost_ticket_status`
--

LOCK TABLES `ost_ticket_status` WRITE;
/*!40000 ALTER TABLE `ost_ticket_status` DISABLE KEYS */;
INSERT INTO `ost_ticket_status` VALUES (1,'Ouvert','open',3,0,1,'{\"description\":\"Tickets ouverts.\"}','2015-12-01 09:25:03','0000-00-00 00:00:00'),(2,'Résolu','resolved',3,0,2,'{\"description\":\"Les tickets r\\u00e9solus sont des tickets ferm\\u00e9s qui ne peuvent \\u00eatre r\\u00e9-ouverts que par l\'utilisateur final. Cela peut \\u00eatre utile lorsqu\'une t\\u00e2che automatique est utilis\\u00e9e pour fermer des tickets r\\u00e9solus avec l\'envoi d\'une notification \\u00e0 l\'utilisateur final.\"}','2015-12-01 09:25:03','0000-00-00 00:00:00'),(3,'Fermé','closed',3,0,3,'{\"description\":\"Les billets marqu\\u00e9s comme \\u00e9tant ferm\\u00e9s ne peuvent pas \\u00eatre r\\u00e9-ouverts par l\'utilisateur final. Les billets seront cependant toujours accessibles sur les panneaux client et \\u00e9quipe.\"}','2015-12-01 09:25:03','0000-00-00 00:00:00'),(4,'Archivé','archived',3,0,4,'{\"description\":\"Tickets accessibles uniquement par les administrateurs mais plus dans les listes de ticket.\"}','2015-12-01 09:25:03','0000-00-00 00:00:00'),(5,'Supprimé','deleted',3,0,5,'{\"description\":\"Tickets en attente de suppression. Non accessible depuis les listes de Tickets.\"}','2015-12-01 09:25:03','0000-00-00 00:00:00');
/*!40000 ALTER TABLE `ost_ticket_status` ENABLE KEYS */;
UNLOCK TABLES;

--
-- Table structure for table `ost_ticket_thread`
--

DROP TABLE IF EXISTS `ost_ticket_thread`;
/*!40101 SET @saved_cs_client     = @@character_set_client */;
/*!40101 SET character_set_client = utf8 */;
CREATE TABLE `ost_ticket_thread` (
  `id` int(11) unsigned NOT NULL AUTO_INCREMENT,
  `pid` int(11) unsigned NOT NULL DEFAULT '0',
  `ticket_id` int(11) unsigned NOT NULL DEFAULT '0',
  `staff_id` int(11) unsigned NOT NULL DEFAULT '0',
  `user_id` int(11) unsigned NOT NULL DEFAULT '0',
  `thread_type` enum('M','R','N') NOT NULL,
  `poster` varchar(128) NOT NULL DEFAULT '',
  `source` varchar(32) NOT NULL DEFAULT '',
  `title` varchar(255) DEFAULT NULL,
  `body` mediumtext NOT NULL,
  `format` varchar(16) NOT NULL DEFAULT 'html',
  `ip_address` varchar(64) NOT NULL DEFAULT '',
  `created` datetime NOT NULL,
  `updated` datetime NOT NULL,
  PRIMARY KEY (`id`),
  KEY `ticket_id` (`ticket_id`),
  KEY `staff_id` (`staff_id`),
  KEY `pid` (`pid`)
) ENGINE=InnoDB AUTO_INCREMENT=17 DEFAULT CHARSET=utf8;
/*!40101 SET character_set_client = @saved_cs_client */;

--
-- Dumping data for table `ost_ticket_thread`
--

LOCK TABLES `ost_ticket_thread` WRITE;
/*!40000 ALTER TABLE `ost_ticket_thread` DISABLE KEYS */;
INSERT INTO `ost_ticket_thread` VALUES (1,0,1,0,1,'M','Support osTicket','Web','osTicket a été installé!',' <p> Merci d\'avoir choisi osTicket. </p> <p> Veuillez rejoidre les <a href=\"http://osticket.com/forums\"> forums d\'osTicket</a> et notre <a href=\"http://osticket.com/updates\"> liste de diffusion</a> afin de rester à jour sur les dernières nouvelles, les alertes de sécurité et les mises à jour. Les forums d\'osTicket sont également un excellent endroit pour obtenir aide, conseils, astuces ou pour aider d\'autres utilisateurs d\'osTicket. Outre les forums, le wiki d\'osTicket fournit une collection utile du matériel pédagogique, documentation et notes de la communauté. Nous accueillons vos contributions à la communauté d\'osTicket. </p> <p> Si vous êtes à la recherche d\'un meilleur niveau de support, nous fournissons des services professionnels et un support professionnel avec temps de réponse garantis et l\'accès à l\'équipe de développement de base. Nous pouvons également vous aider à personnaliser osTicket ou encore ajouter de nouvelles fonctionnalités au système pour répondre à vos besoins uniques. </p> <p> Si l\'idée de la gestion et de la mise à niveau de cette installation d\'osTicket est intimidante, vous pouvez essayer osTicket comme un service hébergé à <a href=\"http://www.supportsystem.com\"> http://www.supportsystem.com/</a> - aucune installation requise et nous pouvons importer vos données ! Avec l\'infrastructure clé en main de SupportSystem, vous obtenez le meilleur d\'osTicket, vous laissant libre de vous concentrer sur vos clients sans la charge de veiller à ce que l\'application soit stable, maintenue et sûre. </p> <p>Cordialement,</p> <p>-<br /> L\'équipe osTicket http://osticket.com/</p> <p><strong>PS.</strong> Il ne faut pas juste faire des clients heureux, faites d\'heureux clients ! </p> ','html','::1','2015-12-01 09:25:04','0000-00-00 00:00:00'),(2,1,1,1,0,'R','Tristan Besson','','','osTicket est un système de ticket de support largement utilisé et open-source. C\'est une alternative intéressante aux systèmes de support plus coûteux et complexes - ses qualités : simple, léger, fiable, open-source, basé sur le web, facile à installer et à utiliser.','html','::1','2015-12-01 10:08:02','0000-00-00 00:00:00'),(3,0,1,1,0,'N','Tristan Besson','','Statut modifié','Statut modifié de Ouvert vers Fermé par Tristan Besson','html','::1','2015-12-01 10:08:02','0000-00-00 00:00:00'),(4,0,2,0,2,'M','Tristan BESSON','','','Ceci est un test de ticketing','html','::1','2015-12-01 10:09:32','0000-00-00 00:00:00'),(5,4,2,1,0,'R','Tristan Besson','','','Bien recu !<br /><br /><blockquote>Ceci est un test de ticketing</blockquote> <br /> ','html','::1','2015-12-01 10:11:28','0000-00-00 00:00:00'),(6,0,2,1,0,'N','Tristan Besson','','Statut modifié','Statut modifié de Ouvert vers Fermé par Tristan Besson<hr />Ticket de test terminé','html','::1','2015-12-01 10:12:43','0000-00-00 00:00:00'),(7,0,3,0,2,'M','Tristan BESSON','','','Au secours SOS<hr /> ','html','192.168.69.93','2016-01-04 16:01:15','0000-00-00 00:00:00'),(8,0,3,1,0,'N','Tristan Besson','','Il soûle avec ses question','Il est un peu bête ','html','192.168.69.93','2016-01-04 16:04:03','0000-00-00 00:00:00'),(9,7,3,1,0,'R','Tristan Besson','','','C\'est corrigé !','html','192.168.69.93','2016-01-04 16:04:39','0000-00-00 00:00:00'),(10,0,3,1,0,'N','Tristan Besson','','Statut modifié','Statut modifié de Ouvert vers Fermé par Tristan Besson','html','192.168.69.93','2016-01-04 16:04:39','0000-00-00 00:00:00'),(11,0,4,0,2,'M','Tristan BESSON','','','testt t','html','192.168.69.93','2016-01-04 16:07:34','0000-00-00 00:00:00'),(12,11,4,1,0,'R','Tristan Besson','','',' <br /><blockquote>testt t</blockquote> <br /> ','html','192.168.69.93','2016-01-04 16:08:36','0000-00-00 00:00:00'),(13,0,4,1,0,'N','Tristan Besson','','Statut modifié','Statut modifié de Ouvert vers Fermé par Tristan Besson','html','192.168.69.93','2016-01-04 16:08:36','0000-00-00 00:00:00'),(14,0,5,0,4,'M','Arnaud POUZOLS','','','bkalblablalbla','html','192.168.69.80','2016-01-07 14:53:21','0000-00-00 00:00:00'),(15,0,6,0,4,'M','Arnaud POUZOLS','','','test2','html','192.168.69.80','2016-01-07 14:53:51','0000-00-00 00:00:00'),(16,14,5,3,0,'R','super admin','','','Veuillez downgradé votre version de windows !','html','192.168.69.93','2016-01-07 14:56:57','0000-00-00 00:00:00');
/*!40000 ALTER TABLE `ost_ticket_thread` ENABLE KEYS */;
UNLOCK TABLES;

--
-- Table structure for table `ost_timezone`
--

DROP TABLE IF EXISTS `ost_timezone`;
/*!40101 SET @saved_cs_client     = @@character_set_client */;
/*!40101 SET character_set_client = utf8 */;
CREATE TABLE `ost_timezone` (
  `id` int(11) unsigned NOT NULL AUTO_INCREMENT,
  `offset` float(3,1) NOT NULL DEFAULT '0.0',
  `timezone` varchar(255) NOT NULL DEFAULT '',
  PRIMARY KEY (`id`)
) ENGINE=InnoDB AUTO_INCREMENT=31 DEFAULT CHARSET=utf8;
/*!40101 SET character_set_client = @saved_cs_client */;

--
-- Dumping data for table `ost_timezone`
--

LOCK TABLES `ost_timezone` WRITE;
/*!40000 ALTER TABLE `ost_timezone` DISABLE KEYS */;
INSERT INTO `ost_timezone` VALUES (1,-12.0,'Eniwetok, Kwajalein'),(2,-11.0,'Midway Island, Samoa'),(3,-10.0,'Hawaii'),(4,-9.0,'Alaska'),(5,-8.0,'Pacific Time (US & Canada)'),(6,-7.0,'Mountain Time (US & Canada)'),(7,-6.0,'Central Time (US & Canada), Mexico City'),(8,-5.0,'Eastern Time (US & Canada), Bogota, Lima'),(9,-4.0,'Atlantic Time (Canada), Caracas, La Paz'),(10,-3.5,'Newfoundland'),(11,-3.0,'Brazil, Buenos Aires, Georgetown'),(12,-2.0,'Mid-Atlantic'),(13,-1.0,'Azores, Cape Verde Islands'),(14,0.0,'Western Europe Time, London, Lisbon, Casablanca'),(15,1.0,'Brussels, Copenhagen, Madrid, Paris'),(16,2.0,'Kaliningrad, South Africa'),(17,3.0,'Baghdad, Riyadh, Moscow, St. Petersburg'),(18,3.5,'Tehran'),(19,4.0,'Abu Dhabi, Muscat, Baku, Tbilisi'),(20,4.5,'Kabul'),(21,5.0,'Ekaterinburg, Islamabad, Karachi, Tashkent'),(22,5.5,'Bombay, Calcutta, Madras, New Delhi'),(23,6.0,'Almaty, Dhaka, Colombo'),(24,7.0,'Bangkok, Hanoi, Jakarta'),(25,8.0,'Beijing, Perth, Singapore, Hong Kong'),(26,9.0,'Tokyo, Seoul, Osaka, Sapporo, Yakutsk'),(27,9.5,'Adelaide, Darwin'),(28,10.0,'Eastern Australia, Guam, Vladivostok'),(29,11.0,'Magadan, Solomon Islands, New Caledonia'),(30,12.0,'Auckland, Wellington, Fiji, Kamchatka');
/*!40000 ALTER TABLE `ost_timezone` ENABLE KEYS */;
UNLOCK TABLES;

--
-- Table structure for table `ost_user`
--

DROP TABLE IF EXISTS `ost_user`;
/*!40101 SET @saved_cs_client     = @@character_set_client */;
/*!40101 SET character_set_client = utf8 */;
CREATE TABLE `ost_user` (
  `id` int(10) unsigned NOT NULL AUTO_INCREMENT,
  `org_id` int(10) unsigned NOT NULL,
  `default_email_id` int(10) NOT NULL,
  `status` int(11) unsigned NOT NULL DEFAULT '0',
  `name` varchar(128) NOT NULL,
  `created` datetime NOT NULL,
  `updated` datetime NOT NULL,
  PRIMARY KEY (`id`),
  KEY `org_id` (`org_id`)
) ENGINE=InnoDB AUTO_INCREMENT=5 DEFAULT CHARSET=utf8;
/*!40101 SET character_set_client = @saved_cs_client */;

--
-- Dumping data for table `ost_user`
--

LOCK TABLES `ost_user` WRITE;
/*!40000 ALTER TABLE `ost_user` DISABLE KEYS */;
INSERT INTO `ost_user` VALUES (1,1,1,0,'Support osTicket','2015-12-01 09:25:04','2015-12-01 09:25:04'),(2,0,2,0,'Tristan BESSON','2015-12-01 09:36:22','2015-12-01 09:36:22'),(3,0,3,0,'Sylvain JUBEAU','2015-12-22 13:08:23','2015-12-22 13:08:23'),(4,0,4,0,'Arnaud POUZOLS','2016-01-07 14:52:55','2016-01-07 14:52:55');
/*!40000 ALTER TABLE `ost_user` ENABLE KEYS */;
UNLOCK TABLES;

--
-- Table structure for table `ost_user_account`
--

DROP TABLE IF EXISTS `ost_user_account`;
/*!40101 SET @saved_cs_client     = @@character_set_client */;
/*!40101 SET character_set_client = utf8 */;
CREATE TABLE `ost_user_account` (
  `id` int(11) unsigned NOT NULL AUTO_INCREMENT,
  `user_id` int(10) unsigned NOT NULL,
  `status` int(11) unsigned NOT NULL DEFAULT '0',
  `timezone_id` int(11) NOT NULL DEFAULT '0',
  `dst` tinyint(1) NOT NULL DEFAULT '1',
  `lang` varchar(16) DEFAULT NULL,
  `username` varchar(64) DEFAULT NULL,
  `passwd` varchar(128) CHARACTER SET ascii COLLATE ascii_bin DEFAULT NULL,
  `backend` varchar(32) DEFAULT NULL,
  `registered` timestamp NULL DEFAULT CURRENT_TIMESTAMP,
  PRIMARY KEY (`id`),
  UNIQUE KEY `username` (`username`),
  KEY `user_id` (`user_id`)
) ENGINE=InnoDB AUTO_INCREMENT=4 DEFAULT CHARSET=utf8;
/*!40101 SET character_set_client = @saved_cs_client */;

--
-- Dumping data for table `ost_user_account`
--

LOCK TABLES `ost_user_account` WRITE;
/*!40000 ALTER TABLE `ost_user_account` DISABLE KEYS */;
INSERT INTO `ost_user_account` VALUES (1,2,1,15,1,NULL,'t.besson',NULL,'ldap.client','2015-12-01 08:36:22'),(2,3,1,15,0,NULL,'s.jubeau',NULL,'ldap.client','2015-12-22 12:08:23'),(3,4,1,15,1,NULL,'a.pouzols',NULL,'ldap.client','2016-01-07 13:52:55');
/*!40000 ALTER TABLE `ost_user_account` ENABLE KEYS */;
UNLOCK TABLES;

--
-- Table structure for table `ost_user_email`
--

DROP TABLE IF EXISTS `ost_user_email`;
/*!40101 SET @saved_cs_client     = @@character_set_client */;
/*!40101 SET character_set_client = utf8 */;
CREATE TABLE `ost_user_email` (
  `id` int(10) unsigned NOT NULL AUTO_INCREMENT,
  `user_id` int(10) unsigned NOT NULL,
  `address` varchar(128) NOT NULL,
  PRIMARY KEY (`id`),
  UNIQUE KEY `address` (`address`),
  KEY `user_email_lookup` (`user_id`)
) ENGINE=InnoDB AUTO_INCREMENT=5 DEFAULT CHARSET=utf8;
/*!40101 SET character_set_client = @saved_cs_client */;

--
-- Dumping data for table `ost_user_email`
--

LOCK TABLES `ost_user_email` WRITE;
/*!40000 ALTER TABLE `ost_user_email` DISABLE KEYS */;
INSERT INTO `ost_user_email` VALUES (1,1,'support@osticket.com'),(2,2,'t.besson@groupe-nox.com'),(3,3,'s.jubeau@groupe-nox.com'),(4,4,'a.pouzols@groupe-nox.com');
/*!40000 ALTER TABLE `ost_user_email` ENABLE KEYS */;
UNLOCK TABLES;
/*!40103 SET TIME_ZONE=@OLD_TIME_ZONE */;

/*!40101 SET SQL_MODE=@OLD_SQL_MODE */;
/*!40014 SET FOREIGN_KEY_CHECKS=@OLD_FOREIGN_KEY_CHECKS */;
/*!40014 SET UNIQUE_CHECKS=@OLD_UNIQUE_CHECKS */;
/*!40101 SET CHARACTER_SET_CLIENT=@OLD_CHARACTER_SET_CLIENT */;
/*!40101 SET CHARACTER_SET_RESULTS=@OLD_CHARACTER_SET_RESULTS */;
/*!40101 SET COLLATION_CONNECTION=@OLD_COLLATION_CONNECTION */;
/*!40111 SET SQL_NOTES=@OLD_SQL_NOTES */;

-- Dump completed on 2016-01-08 14:43:09
